solid OpenSCAD_Model
  facet normal 1 0 0
    outer loop
      vertex 4.8 18.9 22.95
      vertex 4.8 16.815 21.27
      vertex 4.8 18.9 17.55
    endloop
  endfacet
  facet normal 1 0 0
    outer loop
      vertex 4.8 18.9 22.95
      vertex 4.8 13.185 21.27
      vertex 4.8 16.815 21.27
    endloop
  endfacet
  facet normal 1 0 0
    outer loop
      vertex 4.8 11.1 17.55
      vertex 4.8 13.185 21.27
      vertex 4.8 11.1 22.95
    endloop
  endfacet
  facet normal 1 -0 0
    outer loop
      vertex 4.8 11.1 22.95
      vertex 4.8 13.185 21.27
      vertex 4.8 18.9 22.95
    endloop
  endfacet
  facet normal 1 -0 0
    outer loop
      vertex 4.8 16.815 18.63
      vertex 4.8 18.9 17.55
      vertex 4.8 16.815 21.27
    endloop
  endfacet
  facet normal 1 -0 0
    outer loop
      vertex 4.8 13.185 18.63
      vertex 4.8 18.9 17.55
      vertex 4.8 16.815 18.63
    endloop
  endfacet
  facet normal 1 0 0
    outer loop
      vertex 4.8 13.185 18.63
      vertex 4.8 11.1 17.55
      vertex 4.8 18.9 17.55
    endloop
  endfacet
  facet normal 1 0 0
    outer loop
      vertex 4.8 13.185 21.27
      vertex 4.8 11.1 17.55
      vertex 4.8 13.185 18.63
    endloop
  endfacet
  facet normal -0 0 1
    outer loop
      vertex -4.8 18.9 22.95
      vertex 4.8 11.1 22.95
      vertex 4.8 18.9 22.95
    endloop
  endfacet
  facet normal 0 0 1
    outer loop
      vertex 4.8 11.1 22.95
      vertex -4.8 18.9 22.95
      vertex -4.8 11.1 22.95
    endloop
  endfacet
  facet normal -1 0 0
    outer loop
      vertex -4.8 16.815 21.27
      vertex -4.8 18.9 17.55
      vertex -4.8 16.815 18.63
    endloop
  endfacet
  facet normal -1 0 0
    outer loop
      vertex -4.8 18.9 17.55
      vertex -4.8 13.185 18.63
      vertex -4.8 16.815 18.63
    endloop
  endfacet
  facet normal -1 -0 0
    outer loop
      vertex -4.8 13.185 18.63
      vertex -4.8 11.1 17.55
      vertex -4.8 13.185 21.27
    endloop
  endfacet
  facet normal -1 0 0
    outer loop
      vertex -4.8 11.1 17.55
      vertex -4.8 13.185 18.63
      vertex -4.8 18.9 17.55
    endloop
  endfacet
  facet normal -1 0 0
    outer loop
      vertex -4.8 18.9 17.55
      vertex -4.8 16.815 21.27
      vertex -4.8 18.9 22.95
    endloop
  endfacet
  facet normal -1 0 0
    outer loop
      vertex -4.8 13.185 21.27
      vertex -4.8 18.9 22.95
      vertex -4.8 16.815 21.27
    endloop
  endfacet
  facet normal -1 0 0
    outer loop
      vertex -4.8 13.185 21.27
      vertex -4.8 11.1 22.95
      vertex -4.8 18.9 22.95
    endloop
  endfacet
  facet normal -1 0 0
    outer loop
      vertex -4.8 11.1 22.95
      vertex -4.8 13.185 21.27
      vertex -4.8 11.1 17.55
    endloop
  endfacet
  facet normal 0 1 0
    outer loop
      vertex 4.8 18.9 22.95
      vertex 2.31 18.9 21.27
      vertex -4.8 18.9 22.95
    endloop
  endfacet
  facet normal 0 1 -0
    outer loop
      vertex 4.8 18.9 17.55
      vertex 2.31 18.9 21.27
      vertex 4.8 18.9 22.95
    endloop
  endfacet
  facet normal 0 1 0
    outer loop
      vertex 2.31 18.9 18.63
      vertex 4.8 18.9 17.55
      vertex -2.31 18.9 18.63
    endloop
  endfacet
  facet normal 0 1 0
    outer loop
      vertex 2.31 18.9 21.27
      vertex 4.8 18.9 17.55
      vertex 2.31 18.9 18.63
    endloop
  endfacet
  facet normal 0 1 -0
    outer loop
      vertex -2.31 18.9 21.27
      vertex -4.8 18.9 22.95
      vertex 2.31 18.9 21.27
    endloop
  endfacet
  facet normal 0 1 0
    outer loop
      vertex -4.8 18.9 17.55
      vertex -2.31 18.9 21.27
      vertex -2.31 18.9 18.63
    endloop
  endfacet
  facet normal 0 1 0
    outer loop
      vertex -2.31 18.9 21.27
      vertex -4.8 18.9 17.55
      vertex -4.8 18.9 22.95
    endloop
  endfacet
  facet normal 0 1 0
    outer loop
      vertex -4.8 18.9 17.55
      vertex -2.31 18.9 18.63
      vertex 4.8 18.9 17.55
    endloop
  endfacet
  facet normal 0 -1 0
    outer loop
      vertex -4.8 11.1 22.95
      vertex -2.31 11.1 21.27
      vertex 4.8 11.1 22.95
    endloop
  endfacet
  facet normal 0 -1 0
    outer loop
      vertex -4.8 11.1 17.55
      vertex -2.31 11.1 21.27
      vertex -4.8 11.1 22.95
    endloop
  endfacet
  facet normal 0 -1 -0
    outer loop
      vertex -2.31 11.1 18.63
      vertex -4.8 11.1 17.55
      vertex 2.31 11.1 18.63
    endloop
  endfacet
  facet normal 0 -1 -0
    outer loop
      vertex -2.31 11.1 21.27
      vertex -4.8 11.1 17.55
      vertex -2.31 11.1 18.63
    endloop
  endfacet
  facet normal 0 -1 0
    outer loop
      vertex 2.31 11.1 21.27
      vertex 4.8 11.1 22.95
      vertex -2.31 11.1 21.27
    endloop
  endfacet
  facet normal 0 -1 0
    outer loop
      vertex 4.8 11.1 17.55
      vertex 2.31 11.1 21.27
      vertex 2.31 11.1 18.63
    endloop
  endfacet
  facet normal 0 -1 0
    outer loop
      vertex 2.31 11.1 21.27
      vertex 4.8 11.1 17.55
      vertex 4.8 11.1 22.95
    endloop
  endfacet
  facet normal 0 -1 0
    outer loop
      vertex 4.8 11.1 17.55
      vertex 2.31 11.1 18.63
      vertex -4.8 11.1 17.55
    endloop
  endfacet
  facet normal 0 0 1
    outer loop
      vertex 7.5 21 17.55
      vertex 4.8 18.9 17.55
      vertex 7.5 9 17.55
    endloop
  endfacet
  facet normal 0 0 1
    outer loop
      vertex 7.5 21 17.55
      vertex -4.8 18.9 17.55
      vertex 4.8 18.9 17.55
    endloop
  endfacet
  facet normal 0 0 1
    outer loop
      vertex -4.8 18.9 17.55
      vertex -7.5 21 17.55
      vertex -4.8 11.1 17.55
    endloop
  endfacet
  facet normal -0 0 1
    outer loop
      vertex -7.5 21 17.55
      vertex -4.8 18.9 17.55
      vertex 7.5 21 17.55
    endloop
  endfacet
  facet normal -0 0 1
    outer loop
      vertex 4.8 11.1 17.55
      vertex 7.5 9 17.55
      vertex 4.8 18.9 17.55
    endloop
  endfacet
  facet normal -0 0 1
    outer loop
      vertex -4.8 11.1 17.55
      vertex 7.5 9 17.55
      vertex 4.8 11.1 17.55
    endloop
  endfacet
  facet normal 0 0 1
    outer loop
      vertex -4.8 11.1 17.55
      vertex -7.5 9 17.55
      vertex 7.5 9 17.55
    endloop
  endfacet
  facet normal 0 0 1
    outer loop
      vertex -7.5 9 17.55
      vertex -4.8 11.1 17.55
      vertex -7.5 21 17.55
    endloop
  endfacet
  facet normal 1 0 0
    outer loop
      vertex 7.5 21 17.55
      vertex 7.5 17.97 15.315
      vertex 7.5 21 10.2
    endloop
  endfacet
  facet normal 1 0 0
    outer loop
      vertex 7.5 21 17.55
      vertex 7.5 12.03 15.315
      vertex 7.5 17.97 15.315
    endloop
  endfacet
  facet normal 1 0 0
    outer loop
      vertex 7.5 9 10.2
      vertex 7.5 12.03 15.315
      vertex 7.5 9 17.55
    endloop
  endfacet
  facet normal 1 -0 0
    outer loop
      vertex 7.5 9 17.55
      vertex 7.5 12.03 15.315
      vertex 7.5 21 17.55
    endloop
  endfacet
  facet normal 1 -0 0
    outer loop
      vertex 7.5 17.97 11.685
      vertex 7.5 21 10.2
      vertex 7.5 17.97 15.315
    endloop
  endfacet
  facet normal 1 -0 0
    outer loop
      vertex 7.5 12.03 11.685
      vertex 7.5 21 10.2
      vertex 7.5 17.97 11.685
    endloop
  endfacet
  facet normal 1 0 0
    outer loop
      vertex 7.5 12.03 11.685
      vertex 7.5 9 10.2
      vertex 7.5 21 10.2
    endloop
  endfacet
  facet normal 1 0 0
    outer loop
      vertex 7.5 12.03 15.315
      vertex 7.5 9 10.2
      vertex 7.5 12.03 11.685
    endloop
  endfacet
  facet normal -1 0 0
    outer loop
      vertex -7.5 17.97 15.315
      vertex -7.5 21 10.2
      vertex -7.5 17.97 11.685
    endloop
  endfacet
  facet normal -1 0 0
    outer loop
      vertex -7.5 21 10.2
      vertex -7.5 12.03 11.685
      vertex -7.5 17.97 11.685
    endloop
  endfacet
  facet normal -1 -0 0
    outer loop
      vertex -7.5 12.03 11.685
      vertex -7.5 9 10.2
      vertex -7.5 12.03 15.315
    endloop
  endfacet
  facet normal -1 0 0
    outer loop
      vertex -7.5 9 10.2
      vertex -7.5 12.03 11.685
      vertex -7.5 21 10.2
    endloop
  endfacet
  facet normal -1 0 0
    outer loop
      vertex -7.5 21 10.2
      vertex -7.5 17.97 15.315
      vertex -7.5 21 17.55
    endloop
  endfacet
  facet normal -1 0 0
    outer loop
      vertex -7.5 12.03 15.315
      vertex -7.5 21 17.55
      vertex -7.5 17.97 15.315
    endloop
  endfacet
  facet normal -1 0 0
    outer loop
      vertex -7.5 12.03 15.315
      vertex -7.5 9 17.55
      vertex -7.5 21 17.55
    endloop
  endfacet
  facet normal -1 0 0
    outer loop
      vertex -7.5 9 17.55
      vertex -7.5 12.03 15.315
      vertex -7.5 9 10.2
    endloop
  endfacet
  facet normal 0 1 -0
    outer loop
      vertex 1.5525 21 11.685
      vertex -1.5525 21 15.315
      vertex 1.5525 21 15.315
    endloop
  endfacet
  facet normal 0 1 0
    outer loop
      vertex -1.5525 21 15.315
      vertex 1.5525 21 11.685
      vertex -1.5525 21 11.685
    endloop
  endfacet
  facet normal 0 1 0
    outer loop
      vertex 1.5525 21 15.315
      vertex 7.5 21 17.55
      vertex 5.3475 21 15.315
    endloop
  endfacet
  facet normal 0 1 -0
    outer loop
      vertex 7.5 21 10.2
      vertex 5.3475 21 15.315
      vertex 7.5 21 17.55
    endloop
  endfacet
  facet normal 0 1 0
    outer loop
      vertex 7.5 21 10.2
      vertex 1.5525 21 11.685
      vertex 5.3475 21 11.685
    endloop
  endfacet
  facet normal 0 1 0
    outer loop
      vertex 1.5525 21 11.685
      vertex 7.5 21 10.2
      vertex -1.5525 21 11.685
    endloop
  endfacet
  facet normal 0 1 0
    outer loop
      vertex -7.5 21 10.2
      vertex -1.5525 21 11.685
      vertex 7.5 21 10.2
    endloop
  endfacet
  facet normal 0 1 0
    outer loop
      vertex 5.3475 21 15.315
      vertex 7.5 21 10.2
      vertex 5.3475 21 11.685
    endloop
  endfacet
  facet normal 0 1 0
    outer loop
      vertex 7.5 21 17.55
      vertex 1.5525 21 15.315
      vertex -7.5 21 17.55
    endloop
  endfacet
  facet normal 0 1 -0
    outer loop
      vertex -1.5525 21 15.315
      vertex -7.5 21 17.55
      vertex 1.5525 21 15.315
    endloop
  endfacet
  facet normal 0 1 -0
    outer loop
      vertex -5.3475 21 15.315
      vertex -7.5 21 17.55
      vertex -1.5525 21 15.315
    endloop
  endfacet
  facet normal 0 1 0
    outer loop
      vertex -7.5 21 10.2
      vertex -5.3475 21 15.315
      vertex -5.3475 21 11.685
    endloop
  endfacet
  facet normal 0 1 0
    outer loop
      vertex -5.3475 21 15.315
      vertex -7.5 21 10.2
      vertex -7.5 21 17.55
    endloop
  endfacet
  facet normal 0 1 0
    outer loop
      vertex -1.5525 21 11.685
      vertex -7.5 21 10.2
      vertex -5.3475 21 11.685
    endloop
  endfacet
  facet normal 0 -1 0
    outer loop
      vertex -1.5525 9 11.685
      vertex 1.5525 9 15.315
      vertex -1.5525 9 15.315
    endloop
  endfacet
  facet normal 0 -1 -0
    outer loop
      vertex 1.5525 9 15.315
      vertex -1.5525 9 11.685
      vertex 1.5525 9 11.685
    endloop
  endfacet
  facet normal 0 -1 0
    outer loop
      vertex -1.5525 9 15.315
      vertex -7.5 9 17.55
      vertex -5.3475 9 15.315
    endloop
  endfacet
  facet normal 0 -1 0
    outer loop
      vertex -7.5 9 10.2
      vertex -5.3475 9 15.315
      vertex -7.5 9 17.55
    endloop
  endfacet
  facet normal 0 -1 0
    outer loop
      vertex -7.5 9 10.2
      vertex -1.5525 9 11.685
      vertex -5.3475 9 11.685
    endloop
  endfacet
  facet normal 0 -1 -0
    outer loop
      vertex -1.5525 9 11.685
      vertex -7.5 9 10.2
      vertex 1.5525 9 11.685
    endloop
  endfacet
  facet normal 0 -1 0
    outer loop
      vertex 7.5 9 10.2
      vertex 1.5525 9 11.685
      vertex -7.5 9 10.2
    endloop
  endfacet
  facet normal 0 -1 -0
    outer loop
      vertex -5.3475 9 15.315
      vertex -7.5 9 10.2
      vertex -5.3475 9 11.685
    endloop
  endfacet
  facet normal 0 -1 0
    outer loop
      vertex -7.5 9 17.55
      vertex -1.5525 9 15.315
      vertex 7.5 9 17.55
    endloop
  endfacet
  facet normal 0 -1 0
    outer loop
      vertex 1.5525 9 15.315
      vertex 7.5 9 17.55
      vertex -1.5525 9 15.315
    endloop
  endfacet
  facet normal 0 -1 0
    outer loop
      vertex 5.3475 9 15.315
      vertex 7.5 9 17.55
      vertex 1.5525 9 15.315
    endloop
  endfacet
  facet normal 0 -1 0
    outer loop
      vertex 7.5 9 10.2
      vertex 5.3475 9 15.315
      vertex 5.3475 9 11.685
    endloop
  endfacet
  facet normal 0 -1 0
    outer loop
      vertex 5.3475 9 15.315
      vertex 7.5 9 10.2
      vertex 7.5 9 17.55
    endloop
  endfacet
  facet normal 0 -1 0
    outer loop
      vertex 1.5525 9 11.685
      vertex 7.5 9 10.2
      vertex 5.3475 9 11.685
    endloop
  endfacet
  facet normal 0 0 1
    outer loop
      vertex 10.8 22.8 10.2
      vertex 7.5 21 10.2
      vertex 10.8 7.2 10.2
    endloop
  endfacet
  facet normal 0 0 1
    outer loop
      vertex 10.8 22.8 10.2
      vertex -7.5 21 10.2
      vertex 7.5 21 10.2
    endloop
  endfacet
  facet normal 0 0 1
    outer loop
      vertex -7.5 21 10.2
      vertex -10.8 22.8 10.2
      vertex -7.5 9 10.2
    endloop
  endfacet
  facet normal -0 0 1
    outer loop
      vertex -10.8 22.8 10.2
      vertex -7.5 21 10.2
      vertex 10.8 22.8 10.2
    endloop
  endfacet
  facet normal -0 0 1
    outer loop
      vertex 7.5 9 10.2
      vertex 10.8 7.2 10.2
      vertex 7.5 21 10.2
    endloop
  endfacet
  facet normal -0 0 1
    outer loop
      vertex -7.5 9 10.2
      vertex 10.8 7.2 10.2
      vertex 7.5 9 10.2
    endloop
  endfacet
  facet normal 0 0 1
    outer loop
      vertex -7.5 9 10.2
      vertex -10.8 7.2 10.2
      vertex 10.8 7.2 10.2
    endloop
  endfacet
  facet normal 0 0 1
    outer loop
      vertex -10.8 7.2 10.2
      vertex -7.5 9 10.2
      vertex -10.8 22.8 10.2
    endloop
  endfacet
  facet normal 1 0 0
    outer loop
      vertex 10.8 22.8 10.2
      vertex 10.8 20.58 7.425
      vertex 10.8 22.8 0.45
    endloop
  endfacet
  facet normal 1 0 0
    outer loop
      vertex 10.8 22.8 10.2
      vertex 10.8 16.62 7.425
      vertex 10.8 20.58 7.425
    endloop
  endfacet
  facet normal 1 0 0
    outer loop
      vertex 10.8 16.62 7.425
      vertex 10.8 13.38 7.425
      vertex 10.8 16.62 2.475
    endloop
  endfacet
  facet normal 1 0 0
    outer loop
      vertex 10.8 22.8 10.2
      vertex 10.8 13.38 7.425
      vertex 10.8 16.62 7.425
    endloop
  endfacet
  facet normal 1 -0 0
    outer loop
      vertex 10.8 7.2 10.2
      vertex 10.8 13.38 7.425
      vertex 10.8 22.8 10.2
    endloop
  endfacet
  facet normal 1 0 0
    outer loop
      vertex 10.8 7.2 0.45
      vertex 10.8 9.42 7.425
      vertex 10.8 7.2 10.2
    endloop
  endfacet
  facet normal 1 0 0
    outer loop
      vertex 10.8 13.38 7.425
      vertex 10.8 7.2 10.2
      vertex 10.8 9.42 7.425
    endloop
  endfacet
  facet normal 1 -0 0
    outer loop
      vertex 10.8 20.58 2.475
      vertex 10.8 22.8 0.45
      vertex 10.8 20.58 7.425
    endloop
  endfacet
  facet normal 1 -0 0
    outer loop
      vertex 10.8 16.62 2.475
      vertex 10.8 22.8 0.45
      vertex 10.8 20.58 2.475
    endloop
  endfacet
  facet normal 1 0 0
    outer loop
      vertex 10.8 13.38 2.475
      vertex 10.8 16.62 2.475
      vertex 10.8 13.38 7.425
    endloop
  endfacet
  facet normal 1 -0 0
    outer loop
      vertex 10.8 13.38 2.475
      vertex 10.8 22.8 0.45
      vertex 10.8 16.62 2.475
    endloop
  endfacet
  facet normal 1 0 0
    outer loop
      vertex 10.8 7.2 0.45
      vertex 10.8 13.38 2.475
      vertex 10.8 9.42 2.475
    endloop
  endfacet
  facet normal 1 0 0
    outer loop
      vertex 10.8 13.38 2.475
      vertex 10.8 7.2 0.45
      vertex 10.8 22.8 0.45
    endloop
  endfacet
  facet normal 1 0 0
    outer loop
      vertex 10.8 9.42 7.425
      vertex 10.8 7.2 0.45
      vertex 10.8 9.42 2.475
    endloop
  endfacet
  facet normal -1 0 0
    outer loop
      vertex -10.8 20.58 7.425
      vertex -10.8 22.8 0.45
      vertex -10.8 20.58 2.475
    endloop
  endfacet
  facet normal -1 0 0
    outer loop
      vertex -10.8 22.8 0.45
      vertex -10.8 16.62 2.475
      vertex -10.8 20.58 2.475
    endloop
  endfacet
  facet normal -1 0 0
    outer loop
      vertex -10.8 16.62 2.475
      vertex -10.8 13.38 2.475
      vertex -10.8 16.62 7.425
    endloop
  endfacet
  facet normal -1 0 0
    outer loop
      vertex -10.8 22.8 0.45
      vertex -10.8 13.38 2.475
      vertex -10.8 16.62 2.475
    endloop
  endfacet
  facet normal -1 0 0
    outer loop
      vertex -10.8 7.2 0.45
      vertex -10.8 13.38 2.475
      vertex -10.8 22.8 0.45
    endloop
  endfacet
  facet normal -1 -0 0
    outer loop
      vertex -10.8 9.42 2.475
      vertex -10.8 7.2 0.45
      vertex -10.8 9.42 7.425
    endloop
  endfacet
  facet normal -1 -0 0
    outer loop
      vertex -10.8 13.38 2.475
      vertex -10.8 7.2 0.45
      vertex -10.8 9.42 2.475
    endloop
  endfacet
  facet normal -1 0 0
    outer loop
      vertex -10.8 22.8 0.45
      vertex -10.8 20.58 7.425
      vertex -10.8 22.8 10.2
    endloop
  endfacet
  facet normal -1 0 0
    outer loop
      vertex -10.8 16.62 7.425
      vertex -10.8 22.8 10.2
      vertex -10.8 20.58 7.425
    endloop
  endfacet
  facet normal -1 0 0
    outer loop
      vertex -10.8 13.38 7.425
      vertex -10.8 16.62 7.425
      vertex -10.8 13.38 2.475
    endloop
  endfacet
  facet normal -1 0 0
    outer loop
      vertex -10.8 13.38 7.425
      vertex -10.8 22.8 10.2
      vertex -10.8 16.62 7.425
    endloop
  endfacet
  facet normal -1 0 0
    outer loop
      vertex -10.8 7.2 10.2
      vertex -10.8 13.38 7.425
      vertex -10.8 9.42 7.425
    endloop
  endfacet
  facet normal -1 0 0
    outer loop
      vertex -10.8 13.38 7.425
      vertex -10.8 7.2 10.2
      vertex -10.8 22.8 10.2
    endloop
  endfacet
  facet normal -1 0 0
    outer loop
      vertex -10.8 7.2 10.2
      vertex -10.8 9.42 7.425
      vertex -10.8 7.2 0.45
    endloop
  endfacet
  facet normal 0 1 -0
    outer loop
      vertex -1.87 22.8 2.475
      vertex -4.93 22.8 7.425
      vertex -1.87 22.8 7.425
    endloop
  endfacet
  facet normal 0 1 0
    outer loop
      vertex -4.93 22.8 7.425
      vertex -1.87 22.8 2.475
      vertex -4.93 22.8 2.475
    endloop
  endfacet
  facet normal 0 1 -0
    outer loop
      vertex 4.93 22.8 2.475
      vertex 1.87 22.8 7.425
      vertex 4.93 22.8 7.425
    endloop
  endfacet
  facet normal 0 1 0
    outer loop
      vertex 1.87 22.8 7.425
      vertex 4.93 22.8 2.475
      vertex 1.87 22.8 2.475
    endloop
  endfacet
  facet normal 0 1 0
    outer loop
      vertex 4.93 22.8 7.425
      vertex 10.8 22.8 10.2
      vertex 8.67 22.8 7.425
    endloop
  endfacet
  facet normal 0 1 -0
    outer loop
      vertex 10.8 22.8 0.45
      vertex 8.67 22.8 7.425
      vertex 10.8 22.8 10.2
    endloop
  endfacet
  facet normal 0 1 0
    outer loop
      vertex 10.8 22.8 0.45
      vertex 4.93 22.8 2.475
      vertex 8.67 22.8 2.475
    endloop
  endfacet
  facet normal 0 1 0
    outer loop
      vertex 4.93 22.8 2.475
      vertex 10.8 22.8 0.45
      vertex 1.87 22.8 2.475
    endloop
  endfacet
  facet normal 0 1 0
    outer loop
      vertex 1.87 22.8 2.475
      vertex 10.8 22.8 0.45
      vertex -1.87 22.8 2.475
    endloop
  endfacet
  facet normal 0 1 0
    outer loop
      vertex -10.8 22.8 0.45
      vertex -1.87 22.8 2.475
      vertex 10.8 22.8 0.45
    endloop
  endfacet
  facet normal 0 1 0
    outer loop
      vertex -1.87 22.8 2.475
      vertex -10.8 22.8 0.45
      vertex -4.93 22.8 2.475
    endloop
  endfacet
  facet normal 0 1 0
    outer loop
      vertex 8.67 22.8 7.425
      vertex 10.8 22.8 0.45
      vertex 8.67 22.8 2.475
    endloop
  endfacet
  facet normal 0 1 0
    outer loop
      vertex 1.87 22.8 7.425
      vertex 10.8 22.8 10.2
      vertex 4.93 22.8 7.425
    endloop
  endfacet
  facet normal 0 1 0
    outer loop
      vertex 10.8 22.8 10.2
      vertex 1.87 22.8 7.425
      vertex -10.8 22.8 10.2
    endloop
  endfacet
  facet normal 0 1 -0
    outer loop
      vertex -1.87 22.8 7.425
      vertex -10.8 22.8 10.2
      vertex 1.87 22.8 7.425
    endloop
  endfacet
  facet normal 0 1 -0
    outer loop
      vertex -4.93 22.8 7.425
      vertex -10.8 22.8 10.2
      vertex -1.87 22.8 7.425
    endloop
  endfacet
  facet normal 0 1 -0
    outer loop
      vertex -8.67 22.8 7.425
      vertex -10.8 22.8 10.2
      vertex -4.93 22.8 7.425
    endloop
  endfacet
  facet normal 0 1 0
    outer loop
      vertex -10.8 22.8 0.45
      vertex -8.67 22.8 7.425
      vertex -8.67 22.8 2.475
    endloop
  endfacet
  facet normal 0 1 0
    outer loop
      vertex -8.67 22.8 7.425
      vertex -10.8 22.8 0.45
      vertex -10.8 22.8 10.2
    endloop
  endfacet
  facet normal 0 1 0
    outer loop
      vertex -4.93 22.8 2.475
      vertex -10.8 22.8 0.45
      vertex -8.67 22.8 2.475
    endloop
  endfacet
  facet normal 0 -1 0
    outer loop
      vertex 1.87 7.2 2.475
      vertex 4.93 7.2 7.425
      vertex 1.87 7.2 7.425
    endloop
  endfacet
  facet normal 0 -1 -0
    outer loop
      vertex 4.93 7.2 7.425
      vertex 1.87 7.2 2.475
      vertex 4.93 7.2 2.475
    endloop
  endfacet
  facet normal 0 -1 0
    outer loop
      vertex -4.93 7.2 2.475
      vertex -1.87 7.2 7.425
      vertex -4.93 7.2 7.425
    endloop
  endfacet
  facet normal 0 -1 -0
    outer loop
      vertex -1.87 7.2 7.425
      vertex -4.93 7.2 2.475
      vertex -1.87 7.2 2.475
    endloop
  endfacet
  facet normal 0 -1 0
    outer loop
      vertex -4.93 7.2 7.425
      vertex -10.8 7.2 10.2
      vertex -8.67 7.2 7.425
    endloop
  endfacet
  facet normal 0 -1 0
    outer loop
      vertex -10.8 7.2 0.45
      vertex -8.67 7.2 7.425
      vertex -10.8 7.2 10.2
    endloop
  endfacet
  facet normal 0 -1 0
    outer loop
      vertex -10.8 7.2 0.45
      vertex -4.93 7.2 2.475
      vertex -8.67 7.2 2.475
    endloop
  endfacet
  facet normal 0 -1 -0
    outer loop
      vertex -4.93 7.2 2.475
      vertex -10.8 7.2 0.45
      vertex -1.87 7.2 2.475
    endloop
  endfacet
  facet normal 0 -1 -0
    outer loop
      vertex -1.87 7.2 2.475
      vertex -10.8 7.2 0.45
      vertex 1.87 7.2 2.475
    endloop
  endfacet
  facet normal 0 -1 0
    outer loop
      vertex 10.8 7.2 0.45
      vertex 1.87 7.2 2.475
      vertex -10.8 7.2 0.45
    endloop
  endfacet
  facet normal 0 -1 0
    outer loop
      vertex 1.87 7.2 2.475
      vertex 10.8 7.2 0.45
      vertex 4.93 7.2 2.475
    endloop
  endfacet
  facet normal 0 -1 -0
    outer loop
      vertex -8.67 7.2 7.425
      vertex -10.8 7.2 0.45
      vertex -8.67 7.2 2.475
    endloop
  endfacet
  facet normal 0 -1 0
    outer loop
      vertex -1.87 7.2 7.425
      vertex -10.8 7.2 10.2
      vertex -4.93 7.2 7.425
    endloop
  endfacet
  facet normal 0 -1 0
    outer loop
      vertex -10.8 7.2 10.2
      vertex -1.87 7.2 7.425
      vertex 10.8 7.2 10.2
    endloop
  endfacet
  facet normal 0 -1 0
    outer loop
      vertex 1.87 7.2 7.425
      vertex 10.8 7.2 10.2
      vertex -1.87 7.2 7.425
    endloop
  endfacet
  facet normal 0 -1 0
    outer loop
      vertex 4.93 7.2 7.425
      vertex 10.8 7.2 10.2
      vertex 1.87 7.2 7.425
    endloop
  endfacet
  facet normal 0 -1 0
    outer loop
      vertex 8.67 7.2 7.425
      vertex 10.8 7.2 10.2
      vertex 4.93 7.2 7.425
    endloop
  endfacet
  facet normal 0 -1 0
    outer loop
      vertex 10.8 7.2 0.45
      vertex 8.67 7.2 7.425
      vertex 8.67 7.2 2.475
    endloop
  endfacet
  facet normal 0 -1 0
    outer loop
      vertex 8.67 7.2 7.425
      vertex 10.8 7.2 0.45
      vertex 10.8 7.2 10.2
    endloop
  endfacet
  facet normal 0 -1 0
    outer loop
      vertex 4.93 7.2 2.475
      vertex 10.8 7.2 0.45
      vertex 8.67 7.2 2.475
    endloop
  endfacet
  facet normal 0 0 -1
    outer loop
      vertex 10.8 7.2 0.45
      vertex 10.575 7.425 0.45
      vertex 10.8 22.8 0.45
    endloop
  endfacet
  facet normal 0 0 -1
    outer loop
      vertex 10.8 7.2 0.45
      vertex -10.575 7.425 0.45
      vertex 10.575 7.425 0.45
    endloop
  endfacet
  facet normal -0 0 -1
    outer loop
      vertex -10.575 7.425 0.45
      vertex -10.8 7.2 0.45
      vertex -10.575 22.575 0.45
    endloop
  endfacet
  facet normal 0 0 -1
    outer loop
      vertex -10.8 7.2 0.45
      vertex -10.575 7.425 0.45
      vertex 10.8 7.2 0.45
    endloop
  endfacet
  facet normal 0 0 -1
    outer loop
      vertex 10.575 22.575 0.45
      vertex 10.8 22.8 0.45
      vertex 10.575 7.425 0.45
    endloop
  endfacet
  facet normal 0 0 -1
    outer loop
      vertex -10.575 22.575 0.45
      vertex 10.8 22.8 0.45
      vertex 10.575 22.575 0.45
    endloop
  endfacet
  facet normal 0 0 -1
    outer loop
      vertex -10.575 22.575 0.45
      vertex -10.8 22.8 0.45
      vertex 10.8 22.8 0.45
    endloop
  endfacet
  facet normal 0 0 -1
    outer loop
      vertex -10.8 22.8 0.45
      vertex -10.575 22.575 0.45
      vertex -10.8 7.2 0.45
    endloop
  endfacet
  facet normal 1 -0 0
    outer loop
      vertex 10.575 7.425 0.45
      vertex 10.575 22.575 0
      vertex 10.575 22.575 0.45
    endloop
  endfacet
  facet normal 1 0 0
    outer loop
      vertex 10.575 22.575 0
      vertex 10.575 7.425 0.45
      vertex 10.575 7.425 0
    endloop
  endfacet
  facet normal 0 0 -1
    outer loop
      vertex 10.575 7.425 0
      vertex 9.975 8.025 0
      vertex 10.575 22.575 0
    endloop
  endfacet
  facet normal 0 0 -1
    outer loop
      vertex 10.575 7.425 0
      vertex -9.975 8.025 0
      vertex 9.975 8.025 0
    endloop
  endfacet
  facet normal -0 0 -1
    outer loop
      vertex -9.975 8.025 0
      vertex -10.575 7.425 0
      vertex -9.975 21.975 0
    endloop
  endfacet
  facet normal 0 0 -1
    outer loop
      vertex -10.575 7.425 0
      vertex -9.975 8.025 0
      vertex 10.575 7.425 0
    endloop
  endfacet
  facet normal 0 0 -1
    outer loop
      vertex 9.975 21.975 0
      vertex 10.575 22.575 0
      vertex 9.975 8.025 0
    endloop
  endfacet
  facet normal 0 0 -1
    outer loop
      vertex -9.975 21.975 0
      vertex 10.575 22.575 0
      vertex 9.975 21.975 0
    endloop
  endfacet
  facet normal 0 0 -1
    outer loop
      vertex -9.975 21.975 0
      vertex -10.575 22.575 0
      vertex 10.575 22.575 0
    endloop
  endfacet
  facet normal 0 0 -1
    outer loop
      vertex -10.575 22.575 0
      vertex -9.975 21.975 0
      vertex -10.575 7.425 0
    endloop
  endfacet
  facet normal -1 0 0
    outer loop
      vertex -10.575 7.425 0
      vertex -10.575 22.575 0.45
      vertex -10.575 22.575 0
    endloop
  endfacet
  facet normal -1 -0 0
    outer loop
      vertex -10.575 22.575 0.45
      vertex -10.575 7.425 0
      vertex -10.575 7.425 0.45
    endloop
  endfacet
  facet normal 0 1 -0
    outer loop
      vertex 10.575 22.575 0
      vertex -10.575 22.575 0.45
      vertex 10.575 22.575 0.45
    endloop
  endfacet
  facet normal 0 1 0
    outer loop
      vertex -10.575 22.575 0.45
      vertex 10.575 22.575 0
      vertex -10.575 22.575 0
    endloop
  endfacet
  facet normal 0 -1 0
    outer loop
      vertex -10.575 7.425 0
      vertex 10.575 7.425 0.45
      vertex -10.575 7.425 0.45
    endloop
  endfacet
  facet normal 0 -1 -0
    outer loop
      vertex 10.575 7.425 0.45
      vertex -10.575 7.425 0
      vertex 10.575 7.425 0
    endloop
  endfacet
  facet normal -1 0 0
    outer loop
      vertex -1.5525 20.4 11.685
      vertex -1.5525 20.76 15.315
      vertex -1.5525 20.76 11.685
    endloop
  endfacet
  facet normal -1 -0 0
    outer loop
      vertex -1.5525 20.76 15.315
      vertex -1.5525 20.4 11.685
      vertex -1.5525 20.4 15.315
    endloop
  endfacet
  facet normal -1 0 0
    outer loop
      vertex -1.5525 9.24 11.685
      vertex -1.5525 9.6 15.315
      vertex -1.5525 9.6 11.685
    endloop
  endfacet
  facet normal -1 -0 0
    outer loop
      vertex -1.5525 9.6 15.315
      vertex -1.5525 9.24 11.685
      vertex -1.5525 9.24 15.315
    endloop
  endfacet
  facet normal 0 0 1
    outer loop
      vertex -1.5525 21 11.685
      vertex -5.3475 21 11.685
      vertex -1.5525 20.76 11.685
    endloop
  endfacet
  facet normal 0 0 1
    outer loop
      vertex -5.3475 20.4 11.685
      vertex -1.5525 20.76 11.685
      vertex -5.3475 21 11.685
    endloop
  endfacet
  facet normal 0 0 1
    outer loop
      vertex -1.5525 20.76 11.685
      vertex -5.3475 20.4 11.685
      vertex -1.5525 20.4 11.685
    endloop
  endfacet
  facet normal -0 0 1
    outer loop
      vertex -5.3475 9.6 11.685
      vertex -1.5525 9.24 11.685
      vertex -1.5525 9.6 11.685
    endloop
  endfacet
  facet normal 0 0 1
    outer loop
      vertex -5.3475 9 11.685
      vertex -1.5525 9.24 11.685
      vertex -5.3475 9.6 11.685
    endloop
  endfacet
  facet normal 0 0 1
    outer loop
      vertex -1.5525 9.24 11.685
      vertex -5.3475 9 11.685
      vertex -1.5525 9 11.685
    endloop
  endfacet
  facet normal 0 0 -1
    outer loop
      vertex -5.3475 20.4 15.315
      vertex -1.5525 20.76 15.315
      vertex -1.5525 20.4 15.315
    endloop
  endfacet
  facet normal -0 0 -1
    outer loop
      vertex -1.5525 20.76 15.315
      vertex -5.3475 20.4 15.315
      vertex -5.3475 20.76 15.315
    endloop
  endfacet
  facet normal 0 0 -1
    outer loop
      vertex -5.3475 9.24 15.315
      vertex -1.5525 9.6 15.315
      vertex -1.5525 9.24 15.315
    endloop
  endfacet
  facet normal -0 0 -1
    outer loop
      vertex -1.5525 9.6 15.315
      vertex -5.3475 9.24 15.315
      vertex -5.3475 9.6 15.315
    endloop
  endfacet
  facet normal 1 -0 0
    outer loop
      vertex -5.3475 20.76 15.315
      vertex -5.3475 21 11.685
      vertex -5.3475 21 15.315
    endloop
  endfacet
  facet normal 1 0 0
    outer loop
      vertex -5.3475 20.4 11.685
      vertex -5.3475 20.76 15.315
      vertex -5.3475 20.4 15.315
    endloop
  endfacet
  facet normal 1 0 0
    outer loop
      vertex -5.3475 20.76 15.315
      vertex -5.3475 20.4 11.685
      vertex -5.3475 21 11.685
    endloop
  endfacet
  facet normal 1 -0 0
    outer loop
      vertex -5.3475 9.24 15.315
      vertex -5.3475 9.6 11.685
      vertex -5.3475 9.6 15.315
    endloop
  endfacet
  facet normal 1 0 0
    outer loop
      vertex -5.3475 9 11.685
      vertex -5.3475 9.24 15.315
      vertex -5.3475 9 15.315
    endloop
  endfacet
  facet normal 1 0 0
    outer loop
      vertex -5.3475 9.24 15.315
      vertex -5.3475 9 11.685
      vertex -5.3475 9.6 11.685
    endloop
  endfacet
  facet normal -1 0 0
    outer loop
      vertex 5.3475 21 11.685
      vertex 5.3475 20.76 15.315
      vertex 5.3475 21 15.315
    endloop
  endfacet
  facet normal -1 0 0
    outer loop
      vertex 5.3475 20.4 11.685
      vertex 5.3475 20.76 15.315
      vertex 5.3475 21 11.685
    endloop
  endfacet
  facet normal -1 -0 0
    outer loop
      vertex 5.3475 20.76 15.315
      vertex 5.3475 20.4 11.685
      vertex 5.3475 20.4 15.315
    endloop
  endfacet
  facet normal -1 0 0
    outer loop
      vertex 5.3475 9.6 11.685
      vertex 5.3475 9.24 15.315
      vertex 5.3475 9.6 15.315
    endloop
  endfacet
  facet normal -1 0 0
    outer loop
      vertex 5.3475 9 11.685
      vertex 5.3475 9.24 15.315
      vertex 5.3475 9.6 11.685
    endloop
  endfacet
  facet normal -1 -0 0
    outer loop
      vertex 5.3475 9.24 15.315
      vertex 5.3475 9 11.685
      vertex 5.3475 9 15.315
    endloop
  endfacet
  facet normal 0 0 1
    outer loop
      vertex 1.5525 20.76 11.685
      vertex 5.3475 21 11.685
      vertex 1.5525 21 11.685
    endloop
  endfacet
  facet normal 0 0 1
    outer loop
      vertex 5.3475 21 11.685
      vertex 1.5525 20.76 11.685
      vertex 5.3475 20.4 11.685
    endloop
  endfacet
  facet normal 0 0 1
    outer loop
      vertex 1.5525 20.76 11.685
      vertex 1.5525 20.4 11.685
      vertex 5.3475 20.4 11.685
    endloop
  endfacet
  facet normal 0 0 1
    outer loop
      vertex 5.3475 9.6 11.685
      vertex 1.5525 9.24 11.685
      vertex 5.3475 9 11.685
    endloop
  endfacet
  facet normal -0 0 1
    outer loop
      vertex 1.5525 9.6 11.685
      vertex 1.5525 9.24 11.685
      vertex 5.3475 9.6 11.685
    endloop
  endfacet
  facet normal 0 0 1
    outer loop
      vertex 5.3475 9 11.685
      vertex 1.5525 9.24 11.685
      vertex 1.5525 9 11.685
    endloop
  endfacet
  facet normal 0 0 -1
    outer loop
      vertex 1.5525 20.4 15.315
      vertex 5.3475 20.76 15.315
      vertex 5.3475 20.4 15.315
    endloop
  endfacet
  facet normal -0 0 -1
    outer loop
      vertex 5.3475 20.76 15.315
      vertex 1.5525 20.4 15.315
      vertex 1.5525 20.76 15.315
    endloop
  endfacet
  facet normal 0 0 -1
    outer loop
      vertex 1.5525 9.24 15.315
      vertex 5.3475 9.6 15.315
      vertex 5.3475 9.24 15.315
    endloop
  endfacet
  facet normal -0 0 -1
    outer loop
      vertex 5.3475 9.6 15.315
      vertex 1.5525 9.24 15.315
      vertex 1.5525 9.6 15.315
    endloop
  endfacet
  facet normal 1 -0 0
    outer loop
      vertex 1.5525 20.4 15.315
      vertex 1.5525 20.76 11.685
      vertex 1.5525 20.76 15.315
    endloop
  endfacet
  facet normal 1 0 0
    outer loop
      vertex 1.5525 20.76 11.685
      vertex 1.5525 20.4 15.315
      vertex 1.5525 20.4 11.685
    endloop
  endfacet
  facet normal 1 -0 0
    outer loop
      vertex 1.5525 9.24 15.315
      vertex 1.5525 9.6 11.685
      vertex 1.5525 9.6 15.315
    endloop
  endfacet
  facet normal 1 0 0
    outer loop
      vertex 1.5525 9.6 11.685
      vertex 1.5525 9.24 15.315
      vertex 1.5525 9.24 11.685
    endloop
  endfacet
  facet normal -1 0 0
    outer loop
      vertex -4.93 22.2 2.475
      vertex -4.93 22.56 7.425
      vertex -4.93 22.56 2.475
    endloop
  endfacet
  facet normal -1 -0 0
    outer loop
      vertex -4.93 22.56 7.425
      vertex -4.93 22.2 2.475
      vertex -4.93 22.2 7.425
    endloop
  endfacet
  facet normal -1 0 0
    outer loop
      vertex -4.93 7.44 2.475
      vertex -4.93 7.8 7.425
      vertex -4.93 7.8 2.475
    endloop
  endfacet
  facet normal -1 -0 0
    outer loop
      vertex -4.93 7.8 7.425
      vertex -4.93 7.44 2.475
      vertex -4.93 7.44 7.425
    endloop
  endfacet
  facet normal 0 0 1
    outer loop
      vertex -4.93 22.8 2.475
      vertex -8.67 22.8 2.475
      vertex -4.93 22.56 2.475
    endloop
  endfacet
  facet normal 0 0 1
    outer loop
      vertex -8.67 22.56 2.475
      vertex -4.93 22.56 2.475
      vertex -8.67 22.8 2.475
    endloop
  endfacet
  facet normal 0 0 1
    outer loop
      vertex -4.93 22.56 2.475
      vertex -8.67 22.56 2.475
      vertex -4.93 22.2 2.475
    endloop
  endfacet
  facet normal 0 0 1
    outer loop
      vertex -4.93 22.2 2.475
      vertex -8.67 22.56 2.475
      vertex -8.67 22.2 2.475
    endloop
  endfacet
  facet normal 0 0 1
    outer loop
      vertex -8.67 7.44 2.475
      vertex -4.93 7.44 2.475
      vertex -8.67 7.8 2.475
    endloop
  endfacet
  facet normal -0 0 1
    outer loop
      vertex -8.67 7.8 2.475
      vertex -4.93 7.44 2.475
      vertex -4.93 7.8 2.475
    endloop
  endfacet
  facet normal 0 0 1
    outer loop
      vertex -4.93 7.44 2.475
      vertex -8.67 7.44 2.475
      vertex -4.93 7.2 2.475
    endloop
  endfacet
  facet normal 0 0 1
    outer loop
      vertex -8.67 7.2 2.475
      vertex -4.93 7.2 2.475
      vertex -8.67 7.44 2.475
    endloop
  endfacet
  facet normal 0 0 -1
    outer loop
      vertex -8.67 22.2 7.425
      vertex -4.93 22.56 7.425
      vertex -4.93 22.2 7.425
    endloop
  endfacet
  facet normal 0 0 -1
    outer loop
      vertex -8.67 22.56 7.425
      vertex -4.93 22.56 7.425
      vertex -8.67 22.2 7.425
    endloop
  endfacet
  facet normal 0 0 -1
    outer loop
      vertex -4.93 22.56 7.425
      vertex -8.67 22.56 7.425
      vertex -4.93 22.8 7.425
    endloop
  endfacet
  facet normal -0 0 -1
    outer loop
      vertex -4.93 22.8 7.425
      vertex -8.67 22.56 7.425
      vertex -8.67 22.8 7.425
    endloop
  endfacet
  facet normal 0 0 -1
    outer loop
      vertex -4.93 7.2 7.425
      vertex -8.67 7.2 7.425
      vertex -4.93 7.44 7.425
    endloop
  endfacet
  facet normal 0 0 -1
    outer loop
      vertex -8.67 7.44 7.425
      vertex -4.93 7.44 7.425
      vertex -8.67 7.2 7.425
    endloop
  endfacet
  facet normal 0 0 -1
    outer loop
      vertex -4.93 7.44 7.425
      vertex -8.67 7.44 7.425
      vertex -4.93 7.8 7.425
    endloop
  endfacet
  facet normal -0 0 -1
    outer loop
      vertex -4.93 7.8 7.425
      vertex -8.67 7.44 7.425
      vertex -8.67 7.8 7.425
    endloop
  endfacet
  facet normal 1 -0 0
    outer loop
      vertex -8.67 22.2 7.425
      vertex -8.67 22.56 2.475
      vertex -8.67 22.56 7.425
    endloop
  endfacet
  facet normal 1 0 0
    outer loop
      vertex -8.67 22.56 2.475
      vertex -8.67 22.2 7.425
      vertex -8.67 22.2 2.475
    endloop
  endfacet
  facet normal 1 -0 0
    outer loop
      vertex -8.67 7.44 7.425
      vertex -8.67 7.8 2.475
      vertex -8.67 7.8 7.425
    endloop
  endfacet
  facet normal 1 0 0
    outer loop
      vertex -8.67 7.8 2.475
      vertex -8.67 7.44 7.425
      vertex -8.67 7.44 2.475
    endloop
  endfacet
  facet normal -1 0 0
    outer loop
      vertex 1.87 22.2 2.475
      vertex 1.87 22.8 7.425
      vertex 1.87 22.8 2.475
    endloop
  endfacet
  facet normal -1 -0 0
    outer loop
      vertex 1.87 22.8 7.425
      vertex 1.87 22.2 2.475
      vertex 1.87 22.2 7.425
    endloop
  endfacet
  facet normal -1 0 0
    outer loop
      vertex 1.87 7.2 2.475
      vertex 1.87 7.8 7.425
      vertex 1.87 7.8 2.475
    endloop
  endfacet
  facet normal -1 -0 0
    outer loop
      vertex 1.87 7.8 7.425
      vertex 1.87 7.2 2.475
      vertex 1.87 7.2 7.425
    endloop
  endfacet
  facet normal -0 0 1
    outer loop
      vertex -1.87 22.8 2.475
      vertex 1.87 22.2 2.475
      vertex 1.87 22.8 2.475
    endloop
  endfacet
  facet normal 0 0 1
    outer loop
      vertex 1.87 22.2 2.475
      vertex -1.87 22.8 2.475
      vertex -1.87 22.2 2.475
    endloop
  endfacet
  facet normal -0 0 1
    outer loop
      vertex -1.87 7.8 2.475
      vertex 1.87 7.2 2.475
      vertex 1.87 7.8 2.475
    endloop
  endfacet
  facet normal 0 0 1
    outer loop
      vertex 1.87 7.2 2.475
      vertex -1.87 7.8 2.475
      vertex -1.87 7.2 2.475
    endloop
  endfacet
  facet normal 0 0 -1
    outer loop
      vertex -1.87 22.2 7.425
      vertex 1.87 22.8 7.425
      vertex 1.87 22.2 7.425
    endloop
  endfacet
  facet normal -0 0 -1
    outer loop
      vertex 1.87 22.8 7.425
      vertex -1.87 22.2 7.425
      vertex -1.87 22.8 7.425
    endloop
  endfacet
  facet normal 0 0 -1
    outer loop
      vertex -1.87 7.2 7.425
      vertex 1.87 7.8 7.425
      vertex 1.87 7.2 7.425
    endloop
  endfacet
  facet normal -0 0 -1
    outer loop
      vertex 1.87 7.8 7.425
      vertex -1.87 7.2 7.425
      vertex -1.87 7.8 7.425
    endloop
  endfacet
  facet normal 1 -0 0
    outer loop
      vertex -1.87 22.2 7.425
      vertex -1.87 22.8 2.475
      vertex -1.87 22.8 7.425
    endloop
  endfacet
  facet normal 1 0 0
    outer loop
      vertex -1.87 22.8 2.475
      vertex -1.87 22.2 7.425
      vertex -1.87 22.2 2.475
    endloop
  endfacet
  facet normal 1 -0 0
    outer loop
      vertex -1.87 7.2 7.425
      vertex -1.87 7.8 2.475
      vertex -1.87 7.8 7.425
    endloop
  endfacet
  facet normal 1 0 0
    outer loop
      vertex -1.87 7.8 2.475
      vertex -1.87 7.2 7.425
      vertex -1.87 7.2 2.475
    endloop
  endfacet
  facet normal -1 0 0
    outer loop
      vertex 8.67 22.2 2.475
      vertex 8.67 22.56 7.425
      vertex 8.67 22.56 2.475
    endloop
  endfacet
  facet normal -1 -0 0
    outer loop
      vertex 8.67 22.56 7.425
      vertex 8.67 22.2 2.475
      vertex 8.67 22.2 7.425
    endloop
  endfacet
  facet normal -1 0 0
    outer loop
      vertex 8.67 7.44 2.475
      vertex 8.67 7.8 7.425
      vertex 8.67 7.8 2.475
    endloop
  endfacet
  facet normal -1 -0 0
    outer loop
      vertex 8.67 7.8 7.425
      vertex 8.67 7.44 2.475
      vertex 8.67 7.44 7.425
    endloop
  endfacet
  facet normal 0 0 1
    outer loop
      vertex 4.93 22.56 2.475
      vertex 8.67 22.56 2.475
      vertex 8.67 22.8 2.475
    endloop
  endfacet
  facet normal 0 0 1
    outer loop
      vertex 4.93 22.56 2.475
      vertex 8.67 22.8 2.475
      vertex 4.93 22.8 2.475
    endloop
  endfacet
  facet normal 0 0 1
    outer loop
      vertex 8.67 22.56 2.475
      vertex 4.93 22.56 2.475
      vertex 8.67 22.2 2.475
    endloop
  endfacet
  facet normal 0 0 1
    outer loop
      vertex 4.93 22.56 2.475
      vertex 4.93 22.2 2.475
      vertex 8.67 22.2 2.475
    endloop
  endfacet
  facet normal 0 0 1
    outer loop
      vertex 4.93 7.44 2.475
      vertex 8.67 7.44 2.475
      vertex 8.67 7.8 2.475
    endloop
  endfacet
  facet normal 0 0 1
    outer loop
      vertex 8.67 7.44 2.475
      vertex 4.93 7.44 2.475
      vertex 8.67 7.2 2.475
    endloop
  endfacet
  facet normal 0 0 1
    outer loop
      vertex 4.93 7.2 2.475
      vertex 8.67 7.2 2.475
      vertex 4.93 7.44 2.475
    endloop
  endfacet
  facet normal -0 0 1
    outer loop
      vertex 4.93 7.8 2.475
      vertex 4.93 7.44 2.475
      vertex 8.67 7.8 2.475
    endloop
  endfacet
  facet normal 0 0 -1
    outer loop
      vertex 4.93 22.56 7.425
      vertex 8.67 22.56 7.425
      vertex 8.67 22.2 7.425
    endloop
  endfacet
  facet normal 0 0 -1
    outer loop
      vertex 8.67 22.56 7.425
      vertex 4.93 22.56 7.425
      vertex 8.67 22.8 7.425
    endloop
  endfacet
  facet normal 0 0 -1
    outer loop
      vertex 4.93 22.2 7.425
      vertex 4.93 22.56 7.425
      vertex 8.67 22.2 7.425
    endloop
  endfacet
  facet normal -0 0 -1
    outer loop
      vertex 8.67 22.8 7.425
      vertex 4.93 22.56 7.425
      vertex 4.93 22.8 7.425
    endloop
  endfacet
  facet normal 0 0 -1
    outer loop
      vertex 8.67 7.2 7.425
      vertex 4.93 7.44 7.425
      vertex 8.67 7.44 7.425
    endloop
  endfacet
  facet normal 0 0 -1
    outer loop
      vertex 8.67 7.2 7.425
      vertex 4.93 7.2 7.425
      vertex 4.93 7.44 7.425
    endloop
  endfacet
  facet normal 0 0 -1
    outer loop
      vertex 8.67 7.44 7.425
      vertex 4.93 7.44 7.425
      vertex 8.67 7.8 7.425
    endloop
  endfacet
  facet normal 0 0 -1
    outer loop
      vertex 4.93 7.44 7.425
      vertex 4.93 7.8 7.425
      vertex 8.67 7.8 7.425
    endloop
  endfacet
  facet normal 1 -0 0
    outer loop
      vertex 4.93 22.2 7.425
      vertex 4.93 22.56 2.475
      vertex 4.93 22.56 7.425
    endloop
  endfacet
  facet normal 1 0 0
    outer loop
      vertex 4.93 22.56 2.475
      vertex 4.93 22.2 7.425
      vertex 4.93 22.2 2.475
    endloop
  endfacet
  facet normal 1 -0 0
    outer loop
      vertex 4.93 7.44 7.425
      vertex 4.93 7.8 2.475
      vertex 4.93 7.8 7.425
    endloop
  endfacet
  facet normal 1 0 0
    outer loop
      vertex 4.93 7.8 2.475
      vertex 4.93 7.44 7.425
      vertex 4.93 7.44 2.475
    endloop
  endfacet
  facet normal -0 0 1
    outer loop
      vertex -10.56 13.38 2.475
      vertex -10.2 9.42 2.475
      vertex -10.2 13.38 2.475
    endloop
  endfacet
  facet normal 0 0 1
    outer loop
      vertex -10.8 9.42 2.475
      vertex -10.56 13.38 2.475
      vertex -10.8 13.38 2.475
    endloop
  endfacet
  facet normal 0 0 1
    outer loop
      vertex -10.56 13.38 2.475
      vertex -10.8 9.42 2.475
      vertex -10.2 9.42 2.475
    endloop
  endfacet
  facet normal -0 0 1
    outer loop
      vertex 10.56 13.38 2.475
      vertex 10.8 9.42 2.475
      vertex 10.8 13.38 2.475
    endloop
  endfacet
  facet normal 0 0 1
    outer loop
      vertex 10.2 9.42 2.475
      vertex 10.56 13.38 2.475
      vertex 10.2 13.38 2.475
    endloop
  endfacet
  facet normal 0 0 1
    outer loop
      vertex 10.56 13.38 2.475
      vertex 10.2 9.42 2.475
      vertex 10.8 9.42 2.475
    endloop
  endfacet
  facet normal 0 0 -1
    outer loop
      vertex -10.2 9.42 7.425
      vertex -10.56 13.38 7.425
      vertex -10.2 13.38 7.425
    endloop
  endfacet
  facet normal 0 0 -1
    outer loop
      vertex -10.8 9.42 7.425
      vertex -10.56 13.38 7.425
      vertex -10.2 9.42 7.425
    endloop
  endfacet
  facet normal -0 0 -1
    outer loop
      vertex -10.56 13.38 7.425
      vertex -10.8 9.42 7.425
      vertex -10.8 13.38 7.425
    endloop
  endfacet
  facet normal 0 0 -1
    outer loop
      vertex 10.8 9.42 7.425
      vertex 10.56 13.38 7.425
      vertex 10.8 13.38 7.425
    endloop
  endfacet
  facet normal 0 0 -1
    outer loop
      vertex 10.2 9.42 7.425
      vertex 10.56 13.38 7.425
      vertex 10.8 9.42 7.425
    endloop
  endfacet
  facet normal -0 0 -1
    outer loop
      vertex 10.56 13.38 7.425
      vertex 10.2 9.42 7.425
      vertex 10.2 13.38 7.425
    endloop
  endfacet
  facet normal 0 -1 0
    outer loop
      vertex -10.56 13.38 2.475
      vertex -10.2 13.38 7.425
      vertex -10.56 13.38 7.425
    endloop
  endfacet
  facet normal 0 -1 -0
    outer loop
      vertex -10.2 13.38 7.425
      vertex -10.56 13.38 2.475
      vertex -10.2 13.38 2.475
    endloop
  endfacet
  facet normal 0 -1 0
    outer loop
      vertex 10.2 13.38 2.475
      vertex 10.56 13.38 7.425
      vertex 10.2 13.38 7.425
    endloop
  endfacet
  facet normal 0 -1 -0
    outer loop
      vertex 10.56 13.38 7.425
      vertex 10.2 13.38 2.475
      vertex 10.56 13.38 2.475
    endloop
  endfacet
  facet normal 0 1 -0
    outer loop
      vertex -10.2 9.42 2.475
      vertex -10.8 9.42 7.425
      vertex -10.2 9.42 7.425
    endloop
  endfacet
  facet normal 0 1 0
    outer loop
      vertex -10.8 9.42 7.425
      vertex -10.2 9.42 2.475
      vertex -10.8 9.42 2.475
    endloop
  endfacet
  facet normal 0 1 -0
    outer loop
      vertex 10.8 9.42 2.475
      vertex 10.2 9.42 7.425
      vertex 10.8 9.42 7.425
    endloop
  endfacet
  facet normal 0 1 0
    outer loop
      vertex 10.2 9.42 7.425
      vertex 10.8 9.42 2.475
      vertex 10.2 9.42 2.475
    endloop
  endfacet
  facet normal 0 0 1
    outer loop
      vertex -10.2 20.58 2.475
      vertex -10.56 16.62 2.475
      vertex -10.2 16.62 2.475
    endloop
  endfacet
  facet normal -0 0 1
    outer loop
      vertex -10.8 20.58 2.475
      vertex -10.56 16.62 2.475
      vertex -10.2 20.58 2.475
    endloop
  endfacet
  facet normal 0 0 1
    outer loop
      vertex -10.56 16.62 2.475
      vertex -10.8 20.58 2.475
      vertex -10.8 16.62 2.475
    endloop
  endfacet
  facet normal 0 0 1
    outer loop
      vertex 10.8 20.58 2.475
      vertex 10.56 16.62 2.475
      vertex 10.8 16.62 2.475
    endloop
  endfacet
  facet normal -0 0 1
    outer loop
      vertex 10.2 20.58 2.475
      vertex 10.56 16.62 2.475
      vertex 10.8 20.58 2.475
    endloop
  endfacet
  facet normal 0 0 1
    outer loop
      vertex 10.2 16.62 2.475
      vertex 10.56 16.62 2.475
      vertex 10.2 20.58 2.475
    endloop
  endfacet
  facet normal 0 0 -1
    outer loop
      vertex -10.2 16.62 7.425
      vertex -10.56 16.62 7.425
      vertex -10.2 20.58 7.425
    endloop
  endfacet
  facet normal 0 0 -1
    outer loop
      vertex -10.8 20.58 7.425
      vertex -10.56 16.62 7.425
      vertex -10.8 16.62 7.425
    endloop
  endfacet
  facet normal 0 0 -1
    outer loop
      vertex -10.56 16.62 7.425
      vertex -10.8 20.58 7.425
      vertex -10.2 20.58 7.425
    endloop
  endfacet
  facet normal 0 0 -1
    outer loop
      vertex 10.56 16.62 7.425
      vertex 10.8 20.58 7.425
      vertex 10.8 16.62 7.425
    endloop
  endfacet
  facet normal 0 0 -1
    outer loop
      vertex 10.2 20.58 7.425
      vertex 10.56 16.62 7.425
      vertex 10.2 16.62 7.425
    endloop
  endfacet
  facet normal 0 0 -1
    outer loop
      vertex 10.56 16.62 7.425
      vertex 10.2 20.58 7.425
      vertex 10.8 20.58 7.425
    endloop
  endfacet
  facet normal 0 -1 0
    outer loop
      vertex -10.8 20.58 2.475
      vertex -10.2 20.58 7.425
      vertex -10.8 20.58 7.425
    endloop
  endfacet
  facet normal 0 -1 -0
    outer loop
      vertex -10.2 20.58 7.425
      vertex -10.8 20.58 2.475
      vertex -10.2 20.58 2.475
    endloop
  endfacet
  facet normal 0 -1 0
    outer loop
      vertex 10.2 20.58 2.475
      vertex 10.8 20.58 7.425
      vertex 10.2 20.58 7.425
    endloop
  endfacet
  facet normal 0 -1 -0
    outer loop
      vertex 10.8 20.58 7.425
      vertex 10.2 20.58 2.475
      vertex 10.8 20.58 2.475
    endloop
  endfacet
  facet normal 0 1 -0
    outer loop
      vertex -10.2 16.62 2.475
      vertex -10.56 16.62 7.425
      vertex -10.2 16.62 7.425
    endloop
  endfacet
  facet normal 0 1 0
    outer loop
      vertex -10.56 16.62 7.425
      vertex -10.2 16.62 2.475
      vertex -10.56 16.62 2.475
    endloop
  endfacet
  facet normal 0 1 -0
    outer loop
      vertex 10.56 16.62 2.475
      vertex 10.2 16.62 7.425
      vertex 10.56 16.62 7.425
    endloop
  endfacet
  facet normal 0 1 0
    outer loop
      vertex 10.2 16.62 7.425
      vertex 10.56 16.62 2.475
      vertex 10.2 16.62 2.475
    endloop
  endfacet
  facet normal -1 0 0
    outer loop
      vertex 4.2 18.3 16.8
      vertex 4.2 16.815 18.63
      vertex 4.2 18.3 22.35
    endloop
  endfacet
  facet normal -1 0 0
    outer loop
      vertex 4.2 18.3 16.8
      vertex 4.2 13.185 18.63
      vertex 4.2 16.815 18.63
    endloop
  endfacet
  facet normal -1 0 0
    outer loop
      vertex 4.2 11.7 22.35
      vertex 4.2 13.185 18.63
      vertex 4.2 11.7 16.8
    endloop
  endfacet
  facet normal -1 0 0
    outer loop
      vertex 4.2 11.7 16.8
      vertex 4.2 13.185 18.63
      vertex 4.2 18.3 16.8
    endloop
  endfacet
  facet normal -1 0 0
    outer loop
      vertex 4.2 16.815 21.27
      vertex 4.2 18.3 22.35
      vertex 4.2 16.815 18.63
    endloop
  endfacet
  facet normal -1 0 0
    outer loop
      vertex 4.2 13.185 21.27
      vertex 4.2 18.3 22.35
      vertex 4.2 16.815 21.27
    endloop
  endfacet
  facet normal -1 0 0
    outer loop
      vertex 4.2 13.185 21.27
      vertex 4.2 11.7 22.35
      vertex 4.2 18.3 22.35
    endloop
  endfacet
  facet normal -1 0 0
    outer loop
      vertex 4.2 13.185 18.63
      vertex 4.2 11.7 22.35
      vertex 4.2 13.185 21.27
    endloop
  endfacet
  facet normal 0 0 -1
    outer loop
      vertex 6.9 9.6 16.8
      vertex 4.2 11.7 16.8
      vertex 6.9 20.4 16.8
    endloop
  endfacet
  facet normal 0 0 -1
    outer loop
      vertex 6.9 9.6 16.8
      vertex -4.2 11.7 16.8
      vertex 4.2 11.7 16.8
    endloop
  endfacet
  facet normal -0 0 -1
    outer loop
      vertex -4.2 11.7 16.8
      vertex -6.9 9.6 16.8
      vertex -4.2 18.3 16.8
    endloop
  endfacet
  facet normal 0 0 -1
    outer loop
      vertex -6.9 9.6 16.8
      vertex -4.2 11.7 16.8
      vertex 6.9 9.6 16.8
    endloop
  endfacet
  facet normal 0 0 -1
    outer loop
      vertex 4.2 18.3 16.8
      vertex 6.9 20.4 16.8
      vertex 4.2 11.7 16.8
    endloop
  endfacet
  facet normal 0 0 -1
    outer loop
      vertex -4.2 18.3 16.8
      vertex 6.9 20.4 16.8
      vertex 4.2 18.3 16.8
    endloop
  endfacet
  facet normal 0 0 -1
    outer loop
      vertex -4.2 18.3 16.8
      vertex -6.9 20.4 16.8
      vertex 6.9 20.4 16.8
    endloop
  endfacet
  facet normal 0 0 -1
    outer loop
      vertex -6.9 20.4 16.8
      vertex -4.2 18.3 16.8
      vertex -6.9 9.6 16.8
    endloop
  endfacet
  facet normal 0 0 -1
    outer loop
      vertex -4.2 11.7 22.35
      vertex 4.2 18.3 22.35
      vertex 4.2 11.7 22.35
    endloop
  endfacet
  facet normal -0 0 -1
    outer loop
      vertex 4.2 18.3 22.35
      vertex -4.2 11.7 22.35
      vertex -4.2 18.3 22.35
    endloop
  endfacet
  facet normal 1 0 0
    outer loop
      vertex -4.2 16.815 18.63
      vertex -4.2 18.3 22.35
      vertex -4.2 16.815 21.27
    endloop
  endfacet
  facet normal 1 0 0
    outer loop
      vertex -4.2 18.3 22.35
      vertex -4.2 13.185 21.27
      vertex -4.2 16.815 21.27
    endloop
  endfacet
  facet normal 1 0 0
    outer loop
      vertex -4.2 13.185 21.27
      vertex -4.2 11.7 22.35
      vertex -4.2 13.185 18.63
    endloop
  endfacet
  facet normal 1 -0 0
    outer loop
      vertex -4.2 11.7 22.35
      vertex -4.2 13.185 21.27
      vertex -4.2 18.3 22.35
    endloop
  endfacet
  facet normal 1 0 0
    outer loop
      vertex -4.2 18.3 22.35
      vertex -4.2 16.815 18.63
      vertex -4.2 18.3 16.8
    endloop
  endfacet
  facet normal 1 -0 0
    outer loop
      vertex -4.2 13.185 18.63
      vertex -4.2 18.3 16.8
      vertex -4.2 16.815 18.63
    endloop
  endfacet
  facet normal 1 0 0
    outer loop
      vertex -4.2 13.185 18.63
      vertex -4.2 11.7 16.8
      vertex -4.2 18.3 16.8
    endloop
  endfacet
  facet normal 1 0 0
    outer loop
      vertex -4.2 11.7 16.8
      vertex -4.2 13.185 18.63
      vertex -4.2 11.7 22.35
    endloop
  endfacet
  facet normal 0 -1 0
    outer loop
      vertex -4.2 18.3 22.35
      vertex -2.31 18.3 21.27
      vertex 4.2 18.3 22.35
    endloop
  endfacet
  facet normal 0 -1 0
    outer loop
      vertex -4.2 18.3 22.35
      vertex -2.31 18.3 18.63
      vertex -2.31 18.3 21.27
    endloop
  endfacet
  facet normal 0 -1 -0
    outer loop
      vertex -2.31 18.3 18.63
      vertex -4.2 18.3 16.8
      vertex 2.31 18.3 18.63
    endloop
  endfacet
  facet normal 0 -1 0
    outer loop
      vertex -4.2 18.3 16.8
      vertex -2.31 18.3 18.63
      vertex -4.2 18.3 22.35
    endloop
  endfacet
  facet normal 0 -1 0
    outer loop
      vertex 2.31 18.3 21.27
      vertex 4.2 18.3 22.35
      vertex -2.31 18.3 21.27
    endloop
  endfacet
  facet normal 0 -1 0
    outer loop
      vertex 2.31 18.3 18.63
      vertex 4.2 18.3 22.35
      vertex 2.31 18.3 21.27
    endloop
  endfacet
  facet normal 0 -1 0
    outer loop
      vertex 2.31 18.3 18.63
      vertex 4.2 18.3 16.8
      vertex 4.2 18.3 22.35
    endloop
  endfacet
  facet normal 0 -1 0
    outer loop
      vertex 4.2 18.3 16.8
      vertex 2.31 18.3 18.63
      vertex -4.2 18.3 16.8
    endloop
  endfacet
  facet normal 0 1 0
    outer loop
      vertex 4.2 11.7 22.35
      vertex 2.31 11.7 21.27
      vertex -4.2 11.7 22.35
    endloop
  endfacet
  facet normal 0 1 0
    outer loop
      vertex 4.2 11.7 22.35
      vertex 2.31 11.7 18.63
      vertex 2.31 11.7 21.27
    endloop
  endfacet
  facet normal 0 1 0
    outer loop
      vertex 2.31 11.7 18.63
      vertex 4.2 11.7 16.8
      vertex -2.31 11.7 18.63
    endloop
  endfacet
  facet normal 0 1 -0
    outer loop
      vertex 4.2 11.7 16.8
      vertex 2.31 11.7 18.63
      vertex 4.2 11.7 22.35
    endloop
  endfacet
  facet normal 0 1 -0
    outer loop
      vertex -2.31 11.7 21.27
      vertex -4.2 11.7 22.35
      vertex 2.31 11.7 21.27
    endloop
  endfacet
  facet normal 0 1 -0
    outer loop
      vertex -2.31 11.7 18.63
      vertex -4.2 11.7 22.35
      vertex -2.31 11.7 21.27
    endloop
  endfacet
  facet normal 0 1 0
    outer loop
      vertex -2.31 11.7 18.63
      vertex -4.2 11.7 16.8
      vertex -4.2 11.7 22.35
    endloop
  endfacet
  facet normal 0 1 0
    outer loop
      vertex -4.2 11.7 16.8
      vertex -2.31 11.7 18.63
      vertex 4.2 11.7 16.8
    endloop
  endfacet
  facet normal -1 0 0
    outer loop
      vertex 6.9 20.4 9.45
      vertex 6.9 17.97 11.685
      vertex 6.9 20.4 16.8
    endloop
  endfacet
  facet normal -1 0 0
    outer loop
      vertex 6.9 20.4 9.45
      vertex 6.9 12.03 11.685
      vertex 6.9 17.97 11.685
    endloop
  endfacet
  facet normal -1 0 0
    outer loop
      vertex 6.9 9.6 16.8
      vertex 6.9 12.03 11.685
      vertex 6.9 9.6 9.45
    endloop
  endfacet
  facet normal -1 0 0
    outer loop
      vertex 6.9 9.6 9.45
      vertex 6.9 12.03 11.685
      vertex 6.9 20.4 9.45
    endloop
  endfacet
  facet normal -1 0 0
    outer loop
      vertex 6.9 17.97 15.315
      vertex 6.9 20.4 16.8
      vertex 6.9 17.97 11.685
    endloop
  endfacet
  facet normal -1 0 0
    outer loop
      vertex 6.9 12.03 15.315
      vertex 6.9 20.4 16.8
      vertex 6.9 17.97 15.315
    endloop
  endfacet
  facet normal -1 0 0
    outer loop
      vertex 6.9 12.03 15.315
      vertex 6.9 9.6 16.8
      vertex 6.9 20.4 16.8
    endloop
  endfacet
  facet normal -1 0 0
    outer loop
      vertex 6.9 12.03 11.685
      vertex 6.9 9.6 16.8
      vertex 6.9 12.03 15.315
    endloop
  endfacet
  facet normal 0 0 -1
    outer loop
      vertex 10.2 7.8 9.45
      vertex 6.9 9.6 9.45
      vertex 10.2 22.2 9.45
    endloop
  endfacet
  facet normal 0 0 -1
    outer loop
      vertex 10.2 7.8 9.45
      vertex -6.9 9.6 9.45
      vertex 6.9 9.6 9.45
    endloop
  endfacet
  facet normal -0 0 -1
    outer loop
      vertex -6.9 9.6 9.45
      vertex -10.2 7.8 9.45
      vertex -6.9 20.4 9.45
    endloop
  endfacet
  facet normal 0 0 -1
    outer loop
      vertex -10.2 7.8 9.45
      vertex -6.9 9.6 9.45
      vertex 10.2 7.8 9.45
    endloop
  endfacet
  facet normal 0 0 -1
    outer loop
      vertex 6.9 20.4 9.45
      vertex 10.2 22.2 9.45
      vertex 6.9 9.6 9.45
    endloop
  endfacet
  facet normal 0 0 -1
    outer loop
      vertex -6.9 20.4 9.45
      vertex 10.2 22.2 9.45
      vertex 6.9 20.4 9.45
    endloop
  endfacet
  facet normal 0 0 -1
    outer loop
      vertex -6.9 20.4 9.45
      vertex -10.2 22.2 9.45
      vertex 10.2 22.2 9.45
    endloop
  endfacet
  facet normal 0 0 -1
    outer loop
      vertex -10.2 22.2 9.45
      vertex -6.9 20.4 9.45
      vertex -10.2 7.8 9.45
    endloop
  endfacet
  facet normal 1 0 0
    outer loop
      vertex -6.9 17.97 11.685
      vertex -6.9 20.4 16.8
      vertex -6.9 17.97 15.315
    endloop
  endfacet
  facet normal 1 0 0
    outer loop
      vertex -6.9 20.4 16.8
      vertex -6.9 12.03 15.315
      vertex -6.9 17.97 15.315
    endloop
  endfacet
  facet normal 1 0 0
    outer loop
      vertex -6.9 12.03 15.315
      vertex -6.9 9.6 16.8
      vertex -6.9 12.03 11.685
    endloop
  endfacet
  facet normal 1 -0 0
    outer loop
      vertex -6.9 9.6 16.8
      vertex -6.9 12.03 15.315
      vertex -6.9 20.4 16.8
    endloop
  endfacet
  facet normal 1 0 0
    outer loop
      vertex -6.9 20.4 16.8
      vertex -6.9 17.97 11.685
      vertex -6.9 20.4 9.45
    endloop
  endfacet
  facet normal 1 -0 0
    outer loop
      vertex -6.9 12.03 11.685
      vertex -6.9 20.4 9.45
      vertex -6.9 17.97 11.685
    endloop
  endfacet
  facet normal 1 0 0
    outer loop
      vertex -6.9 12.03 11.685
      vertex -6.9 9.6 9.45
      vertex -6.9 20.4 9.45
    endloop
  endfacet
  facet normal 1 0 0
    outer loop
      vertex -6.9 9.6 9.45
      vertex -6.9 12.03 11.685
      vertex -6.9 9.6 16.8
    endloop
  endfacet
  facet normal 0 -1 0
    outer loop
      vertex -1.5525 20.4 11.685
      vertex 1.5525 20.4 15.315
      vertex -1.5525 20.4 15.315
    endloop
  endfacet
  facet normal 0 -1 -0
    outer loop
      vertex 1.5525 20.4 15.315
      vertex -1.5525 20.4 11.685
      vertex 1.5525 20.4 11.685
    endloop
  endfacet
  facet normal 0 -1 0
    outer loop
      vertex -1.5525 20.4 15.315
      vertex -6.9 20.4 16.8
      vertex -5.3475 20.4 15.315
    endloop
  endfacet
  facet normal 0 -1 0
    outer loop
      vertex -6.9 20.4 16.8
      vertex -5.3475 20.4 11.685
      vertex -5.3475 20.4 15.315
    endloop
  endfacet
  facet normal 0 -1 0
    outer loop
      vertex -6.9 20.4 9.45
      vertex -1.5525 20.4 11.685
      vertex -5.3475 20.4 11.685
    endloop
  endfacet
  facet normal 0 -1 -0
    outer loop
      vertex -1.5525 20.4 11.685
      vertex -6.9 20.4 9.45
      vertex 1.5525 20.4 11.685
    endloop
  endfacet
  facet normal 0 -1 0
    outer loop
      vertex 6.9 20.4 9.45
      vertex 1.5525 20.4 11.685
      vertex -6.9 20.4 9.45
    endloop
  endfacet
  facet normal 0 -1 0
    outer loop
      vertex -6.9 20.4 9.45
      vertex -5.3475 20.4 11.685
      vertex -6.9 20.4 16.8
    endloop
  endfacet
  facet normal 0 -1 0
    outer loop
      vertex -6.9 20.4 16.8
      vertex -1.5525 20.4 15.315
      vertex 6.9 20.4 16.8
    endloop
  endfacet
  facet normal 0 -1 0
    outer loop
      vertex 1.5525 20.4 15.315
      vertex 6.9 20.4 16.8
      vertex -1.5525 20.4 15.315
    endloop
  endfacet
  facet normal 0 -1 0
    outer loop
      vertex 5.3475 20.4 15.315
      vertex 6.9 20.4 16.8
      vertex 1.5525 20.4 15.315
    endloop
  endfacet
  facet normal 0 -1 0
    outer loop
      vertex 5.3475 20.4 11.685
      vertex 6.9 20.4 16.8
      vertex 5.3475 20.4 15.315
    endloop
  endfacet
  facet normal 0 -1 0
    outer loop
      vertex 5.3475 20.4 11.685
      vertex 6.9 20.4 9.45
      vertex 6.9 20.4 16.8
    endloop
  endfacet
  facet normal 0 -1 0
    outer loop
      vertex 1.5525 20.4 11.685
      vertex 6.9 20.4 9.45
      vertex 5.3475 20.4 11.685
    endloop
  endfacet
  facet normal 0 1 -0
    outer loop
      vertex 1.5525 9.6 11.685
      vertex -1.5525 9.6 15.315
      vertex 1.5525 9.6 15.315
    endloop
  endfacet
  facet normal 0 1 0
    outer loop
      vertex -1.5525 9.6 15.315
      vertex 1.5525 9.6 11.685
      vertex -1.5525 9.6 11.685
    endloop
  endfacet
  facet normal 0 1 0
    outer loop
      vertex 1.5525 9.6 15.315
      vertex 6.9 9.6 16.8
      vertex 5.3475 9.6 15.315
    endloop
  endfacet
  facet normal 0 1 0
    outer loop
      vertex 6.9 9.6 16.8
      vertex 5.3475 9.6 11.685
      vertex 5.3475 9.6 15.315
    endloop
  endfacet
  facet normal 0 1 0
    outer loop
      vertex 6.9 9.6 9.45
      vertex 1.5525 9.6 11.685
      vertex 5.3475 9.6 11.685
    endloop
  endfacet
  facet normal 0 1 0
    outer loop
      vertex 1.5525 9.6 11.685
      vertex 6.9 9.6 9.45
      vertex -1.5525 9.6 11.685
    endloop
  endfacet
  facet normal 0 1 0
    outer loop
      vertex -6.9 9.6 9.45
      vertex -1.5525 9.6 11.685
      vertex 6.9 9.6 9.45
    endloop
  endfacet
  facet normal 0 1 -0
    outer loop
      vertex 6.9 9.6 9.45
      vertex 5.3475 9.6 11.685
      vertex 6.9 9.6 16.8
    endloop
  endfacet
  facet normal 0 1 0
    outer loop
      vertex 6.9 9.6 16.8
      vertex 1.5525 9.6 15.315
      vertex -6.9 9.6 16.8
    endloop
  endfacet
  facet normal 0 1 -0
    outer loop
      vertex -1.5525 9.6 15.315
      vertex -6.9 9.6 16.8
      vertex 1.5525 9.6 15.315
    endloop
  endfacet
  facet normal 0 1 -0
    outer loop
      vertex -5.3475 9.6 15.315
      vertex -6.9 9.6 16.8
      vertex -1.5525 9.6 15.315
    endloop
  endfacet
  facet normal 0 1 -0
    outer loop
      vertex -5.3475 9.6 11.685
      vertex -6.9 9.6 16.8
      vertex -5.3475 9.6 15.315
    endloop
  endfacet
  facet normal 0 1 0
    outer loop
      vertex -5.3475 9.6 11.685
      vertex -6.9 9.6 9.45
      vertex -6.9 9.6 16.8
    endloop
  endfacet
  facet normal 0 1 0
    outer loop
      vertex -1.5525 9.6 11.685
      vertex -6.9 9.6 9.45
      vertex -5.3475 9.6 11.685
    endloop
  endfacet
  facet normal -1 0 0
    outer loop
      vertex 10.2 22.2 0.15
      vertex 10.2 20.58 2.475
      vertex 10.2 22.2 9.45
    endloop
  endfacet
  facet normal -1 0 0
    outer loop
      vertex 10.2 22.2 0.15
      vertex 10.2 16.62 2.475
      vertex 10.2 20.58 2.475
    endloop
  endfacet
  facet normal -1 0 0
    outer loop
      vertex 10.2 16.62 2.475
      vertex 10.2 13.38 2.475
      vertex 10.2 16.62 7.425
    endloop
  endfacet
  facet normal -1 0 0
    outer loop
      vertex 10.2 22.2 0.15
      vertex 10.2 13.38 2.475
      vertex 10.2 16.62 2.475
    endloop
  endfacet
  facet normal -1 0 0
    outer loop
      vertex 10.2 7.8 0.15
      vertex 10.2 13.38 2.475
      vertex 10.2 22.2 0.15
    endloop
  endfacet
  facet normal -1 0 0
    outer loop
      vertex 10.2 7.8 9.45
      vertex 10.2 9.42 2.475
      vertex 10.2 7.8 0.15
    endloop
  endfacet
  facet normal -1 -0 0
    outer loop
      vertex 10.2 13.38 2.475
      vertex 10.2 7.8 0.15
      vertex 10.2 9.42 2.475
    endloop
  endfacet
  facet normal -1 0 0
    outer loop
      vertex 10.2 20.58 7.425
      vertex 10.2 22.2 9.45
      vertex 10.2 20.58 2.475
    endloop
  endfacet
  facet normal -1 0 0
    outer loop
      vertex 10.2 16.62 7.425
      vertex 10.2 22.2 9.45
      vertex 10.2 20.58 7.425
    endloop
  endfacet
  facet normal -1 0 0
    outer loop
      vertex 10.2 13.38 7.425
      vertex 10.2 16.62 7.425
      vertex 10.2 13.38 2.475
    endloop
  endfacet
  facet normal -1 0 0
    outer loop
      vertex 10.2 13.38 7.425
      vertex 10.2 22.2 9.45
      vertex 10.2 16.62 7.425
    endloop
  endfacet
  facet normal -1 0 0
    outer loop
      vertex 10.2 7.8 9.45
      vertex 10.2 13.38 7.425
      vertex 10.2 9.42 7.425
    endloop
  endfacet
  facet normal -1 0 0
    outer loop
      vertex 10.2 13.38 7.425
      vertex 10.2 7.8 9.45
      vertex 10.2 22.2 9.45
    endloop
  endfacet
  facet normal -1 0 0
    outer loop
      vertex 10.2 9.42 2.475
      vertex 10.2 7.8 9.45
      vertex 10.2 9.42 7.425
    endloop
  endfacet
  facet normal 0 0 1
    outer loop
      vertex 10.2 22.2 0.15
      vertex 9.975 21.975 0.15
      vertex 10.2 7.8 0.15
    endloop
  endfacet
  facet normal 0 0 1
    outer loop
      vertex 10.2 22.2 0.15
      vertex -9.975 21.975 0.15
      vertex 9.975 21.975 0.15
    endloop
  endfacet
  facet normal 0 0 1
    outer loop
      vertex -9.975 21.975 0.15
      vertex -10.2 22.2 0.15
      vertex -9.975 8.025 0.15
    endloop
  endfacet
  facet normal -0 0 1
    outer loop
      vertex -10.2 22.2 0.15
      vertex -9.975 21.975 0.15
      vertex 10.2 22.2 0.15
    endloop
  endfacet
  facet normal -0 0 1
    outer loop
      vertex 9.975 8.025 0.15
      vertex 10.2 7.8 0.15
      vertex 9.975 21.975 0.15
    endloop
  endfacet
  facet normal -0 0 1
    outer loop
      vertex -9.975 8.025 0.15
      vertex 10.2 7.8 0.15
      vertex 9.975 8.025 0.15
    endloop
  endfacet
  facet normal 0 0 1
    outer loop
      vertex -9.975 8.025 0.15
      vertex -10.2 7.8 0.15
      vertex 10.2 7.8 0.15
    endloop
  endfacet
  facet normal 0 0 1
    outer loop
      vertex -10.2 7.8 0.15
      vertex -9.975 8.025 0.15
      vertex -10.2 22.2 0.15
    endloop
  endfacet
  facet normal 1 0 0
    outer loop
      vertex -10.2 20.58 2.475
      vertex -10.2 22.2 9.45
      vertex -10.2 20.58 7.425
    endloop
  endfacet
  facet normal 1 0 0
    outer loop
      vertex -10.2 22.2 9.45
      vertex -10.2 16.62 7.425
      vertex -10.2 20.58 7.425
    endloop
  endfacet
  facet normal 1 0 0
    outer loop
      vertex -10.2 16.62 7.425
      vertex -10.2 13.38 7.425
      vertex -10.2 16.62 2.475
    endloop
  endfacet
  facet normal 1 0 0
    outer loop
      vertex -10.2 22.2 9.45
      vertex -10.2 13.38 7.425
      vertex -10.2 16.62 7.425
    endloop
  endfacet
  facet normal 1 -0 0
    outer loop
      vertex -10.2 7.8 9.45
      vertex -10.2 13.38 7.425
      vertex -10.2 22.2 9.45
    endloop
  endfacet
  facet normal 1 0 0
    outer loop
      vertex -10.2 9.42 7.425
      vertex -10.2 7.8 9.45
      vertex -10.2 9.42 2.475
    endloop
  endfacet
  facet normal 1 0 0
    outer loop
      vertex -10.2 13.38 7.425
      vertex -10.2 7.8 9.45
      vertex -10.2 9.42 7.425
    endloop
  endfacet
  facet normal 1 0 0
    outer loop
      vertex -10.2 22.2 9.45
      vertex -10.2 20.58 2.475
      vertex -10.2 22.2 0.15
    endloop
  endfacet
  facet normal 1 -0 0
    outer loop
      vertex -10.2 16.62 2.475
      vertex -10.2 22.2 0.15
      vertex -10.2 20.58 2.475
    endloop
  endfacet
  facet normal 1 0 0
    outer loop
      vertex -10.2 13.38 2.475
      vertex -10.2 16.62 2.475
      vertex -10.2 13.38 7.425
    endloop
  endfacet
  facet normal 1 -0 0
    outer loop
      vertex -10.2 13.38 2.475
      vertex -10.2 22.2 0.15
      vertex -10.2 16.62 2.475
    endloop
  endfacet
  facet normal 1 0 0
    outer loop
      vertex -10.2 7.8 0.15
      vertex -10.2 13.38 2.475
      vertex -10.2 9.42 2.475
    endloop
  endfacet
  facet normal 1 0 0
    outer loop
      vertex -10.2 13.38 2.475
      vertex -10.2 7.8 0.15
      vertex -10.2 22.2 0.15
    endloop
  endfacet
  facet normal 1 0 0
    outer loop
      vertex -10.2 7.8 0.15
      vertex -10.2 9.42 2.475
      vertex -10.2 7.8 9.45
    endloop
  endfacet
  facet normal 0 -1 0
    outer loop
      vertex 1.87 22.2 2.475
      vertex 4.93 22.2 7.425
      vertex 1.87 22.2 7.425
    endloop
  endfacet
  facet normal 0 -1 -0
    outer loop
      vertex 4.93 22.2 7.425
      vertex 1.87 22.2 2.475
      vertex 4.93 22.2 2.475
    endloop
  endfacet
  facet normal 0 -1 0
    outer loop
      vertex -4.93 22.2 2.475
      vertex -1.87 22.2 7.425
      vertex -4.93 22.2 7.425
    endloop
  endfacet
  facet normal 0 -1 -0
    outer loop
      vertex -1.87 22.2 7.425
      vertex -4.93 22.2 2.475
      vertex -1.87 22.2 2.475
    endloop
  endfacet
  facet normal 0 -1 0
    outer loop
      vertex -4.93 22.2 7.425
      vertex -10.2 22.2 9.45
      vertex -8.67 22.2 7.425
    endloop
  endfacet
  facet normal 0 -1 0
    outer loop
      vertex -10.2 22.2 9.45
      vertex -8.67 22.2 2.475
      vertex -8.67 22.2 7.425
    endloop
  endfacet
  facet normal 0 -1 0
    outer loop
      vertex -10.2 22.2 0.15
      vertex -4.93 22.2 2.475
      vertex -8.67 22.2 2.475
    endloop
  endfacet
  facet normal 0 -1 -0
    outer loop
      vertex -4.93 22.2 2.475
      vertex -10.2 22.2 0.15
      vertex -1.87 22.2 2.475
    endloop
  endfacet
  facet normal 0 -1 -0
    outer loop
      vertex -1.87 22.2 2.475
      vertex -10.2 22.2 0.15
      vertex 1.87 22.2 2.475
    endloop
  endfacet
  facet normal 0 -1 0
    outer loop
      vertex 10.2 22.2 0.15
      vertex 1.87 22.2 2.475
      vertex -10.2 22.2 0.15
    endloop
  endfacet
  facet normal 0 -1 0
    outer loop
      vertex 1.87 22.2 2.475
      vertex 10.2 22.2 0.15
      vertex 4.93 22.2 2.475
    endloop
  endfacet
  facet normal 0 -1 0
    outer loop
      vertex -10.2 22.2 0.15
      vertex -8.67 22.2 2.475
      vertex -10.2 22.2 9.45
    endloop
  endfacet
  facet normal 0 -1 0
    outer loop
      vertex -1.87 22.2 7.425
      vertex -10.2 22.2 9.45
      vertex -4.93 22.2 7.425
    endloop
  endfacet
  facet normal 0 -1 0
    outer loop
      vertex -10.2 22.2 9.45
      vertex -1.87 22.2 7.425
      vertex 10.2 22.2 9.45
    endloop
  endfacet
  facet normal 0 -1 0
    outer loop
      vertex 1.87 22.2 7.425
      vertex 10.2 22.2 9.45
      vertex -1.87 22.2 7.425
    endloop
  endfacet
  facet normal 0 -1 0
    outer loop
      vertex 4.93 22.2 7.425
      vertex 10.2 22.2 9.45
      vertex 1.87 22.2 7.425
    endloop
  endfacet
  facet normal 0 -1 0
    outer loop
      vertex 8.67 22.2 7.425
      vertex 10.2 22.2 9.45
      vertex 4.93 22.2 7.425
    endloop
  endfacet
  facet normal 0 -1 0
    outer loop
      vertex 8.67 22.2 2.475
      vertex 10.2 22.2 9.45
      vertex 8.67 22.2 7.425
    endloop
  endfacet
  facet normal 0 -1 0
    outer loop
      vertex 8.67 22.2 2.475
      vertex 10.2 22.2 0.15
      vertex 10.2 22.2 9.45
    endloop
  endfacet
  facet normal 0 -1 0
    outer loop
      vertex 4.93 22.2 2.475
      vertex 10.2 22.2 0.15
      vertex 8.67 22.2 2.475
    endloop
  endfacet
  facet normal 0 1 -0
    outer loop
      vertex -1.87 7.8 2.475
      vertex -4.93 7.8 7.425
      vertex -1.87 7.8 7.425
    endloop
  endfacet
  facet normal 0 1 0
    outer loop
      vertex -4.93 7.8 7.425
      vertex -1.87 7.8 2.475
      vertex -4.93 7.8 2.475
    endloop
  endfacet
  facet normal 0 1 -0
    outer loop
      vertex 4.93 7.8 2.475
      vertex 1.87 7.8 7.425
      vertex 4.93 7.8 7.425
    endloop
  endfacet
  facet normal 0 1 0
    outer loop
      vertex 1.87 7.8 7.425
      vertex 4.93 7.8 2.475
      vertex 1.87 7.8 2.475
    endloop
  endfacet
  facet normal 0 1 0
    outer loop
      vertex 4.93 7.8 7.425
      vertex 10.2 7.8 9.45
      vertex 8.67 7.8 7.425
    endloop
  endfacet
  facet normal 0 1 0
    outer loop
      vertex 10.2 7.8 9.45
      vertex 8.67 7.8 2.475
      vertex 8.67 7.8 7.425
    endloop
  endfacet
  facet normal 0 1 0
    outer loop
      vertex 10.2 7.8 0.15
      vertex 4.93 7.8 2.475
      vertex 8.67 7.8 2.475
    endloop
  endfacet
  facet normal 0 1 0
    outer loop
      vertex 4.93 7.8 2.475
      vertex 10.2 7.8 0.15
      vertex 1.87 7.8 2.475
    endloop
  endfacet
  facet normal 0 1 0
    outer loop
      vertex 1.87 7.8 2.475
      vertex 10.2 7.8 0.15
      vertex -1.87 7.8 2.475
    endloop
  endfacet
  facet normal 0 1 0
    outer loop
      vertex -10.2 7.8 0.15
      vertex -1.87 7.8 2.475
      vertex 10.2 7.8 0.15
    endloop
  endfacet
  facet normal 0 1 0
    outer loop
      vertex -1.87 7.8 2.475
      vertex -10.2 7.8 0.15
      vertex -4.93 7.8 2.475
    endloop
  endfacet
  facet normal 0 1 -0
    outer loop
      vertex 10.2 7.8 0.15
      vertex 8.67 7.8 2.475
      vertex 10.2 7.8 9.45
    endloop
  endfacet
  facet normal 0 1 0
    outer loop
      vertex 1.87 7.8 7.425
      vertex 10.2 7.8 9.45
      vertex 4.93 7.8 7.425
    endloop
  endfacet
  facet normal 0 1 0
    outer loop
      vertex 10.2 7.8 9.45
      vertex 1.87 7.8 7.425
      vertex -10.2 7.8 9.45
    endloop
  endfacet
  facet normal 0 1 -0
    outer loop
      vertex -1.87 7.8 7.425
      vertex -10.2 7.8 9.45
      vertex 1.87 7.8 7.425
    endloop
  endfacet
  facet normal 0 1 -0
    outer loop
      vertex -4.93 7.8 7.425
      vertex -10.2 7.8 9.45
      vertex -1.87 7.8 7.425
    endloop
  endfacet
  facet normal 0 1 -0
    outer loop
      vertex -8.67 7.8 7.425
      vertex -10.2 7.8 9.45
      vertex -4.93 7.8 7.425
    endloop
  endfacet
  facet normal 0 1 -0
    outer loop
      vertex -8.67 7.8 2.475
      vertex -10.2 7.8 9.45
      vertex -8.67 7.8 7.425
    endloop
  endfacet
  facet normal 0 1 0
    outer loop
      vertex -8.67 7.8 2.475
      vertex -10.2 7.8 0.15
      vertex -10.2 7.8 9.45
    endloop
  endfacet
  facet normal 0 1 0
    outer loop
      vertex -4.93 7.8 2.475
      vertex -10.2 7.8 0.15
      vertex -8.67 7.8 2.475
    endloop
  endfacet
  facet normal -1 0 0
    outer loop
      vertex 9.975 8.025 0
      vertex 9.975 21.975 0.15
      vertex 9.975 21.975 0
    endloop
  endfacet
  facet normal -1 -0 0
    outer loop
      vertex 9.975 21.975 0.15
      vertex 9.975 8.025 0
      vertex 9.975 8.025 0.15
    endloop
  endfacet
  facet normal 1 -0 0
    outer loop
      vertex -9.975 8.025 0.15
      vertex -9.975 21.975 0
      vertex -9.975 21.975 0.15
    endloop
  endfacet
  facet normal 1 0 0
    outer loop
      vertex -9.975 21.975 0
      vertex -9.975 8.025 0.15
      vertex -9.975 8.025 0
    endloop
  endfacet
  facet normal 0 -1 0
    outer loop
      vertex -9.975 21.975 0
      vertex 9.975 21.975 0.15
      vertex -9.975 21.975 0.15
    endloop
  endfacet
  facet normal 0 -1 -0
    outer loop
      vertex 9.975 21.975 0.15
      vertex -9.975 21.975 0
      vertex 9.975 21.975 0
    endloop
  endfacet
  facet normal 0 1 -0
    outer loop
      vertex 9.975 8.025 0
      vertex -9.975 8.025 0.15
      vertex 9.975 8.025 0.15
    endloop
  endfacet
  facet normal 0 1 0
    outer loop
      vertex -9.975 8.025 0.15
      vertex 9.975 8.025 0
      vertex -9.975 8.025 0
    endloop
  endfacet
  facet normal -1 0 0
    outer loop
      vertex 2.31 18.9 18.63
      vertex 2.31 18.66 21.27
      vertex 2.31 18.9 21.27
    endloop
  endfacet
  facet normal -1 0 0
    outer loop
      vertex 2.31 18.3 18.63
      vertex 2.31 18.66 21.27
      vertex 2.31 18.9 18.63
    endloop
  endfacet
  facet normal -1 -0 0
    outer loop
      vertex 2.31 18.66 21.27
      vertex 2.31 18.3 18.63
      vertex 2.31 18.3 21.27
    endloop
  endfacet
  facet normal -1 0 0
    outer loop
      vertex 2.31 11.7 18.63
      vertex 2.31 11.34 21.27
      vertex 2.31 11.7 21.27
    endloop
  endfacet
  facet normal -1 0 0
    outer loop
      vertex 2.31 11.1 18.63
      vertex 2.31 11.34 21.27
      vertex 2.31 11.7 18.63
    endloop
  endfacet
  facet normal -1 -0 0
    outer loop
      vertex 2.31 11.34 21.27
      vertex 2.31 11.1 18.63
      vertex 2.31 11.1 21.27
    endloop
  endfacet
  facet normal -0 0 1
    outer loop
      vertex -2.31 18.9 18.63
      vertex 2.31 18.3 18.63
      vertex 2.31 18.9 18.63
    endloop
  endfacet
  facet normal 0 0 1
    outer loop
      vertex 2.31 18.3 18.63
      vertex -2.31 18.9 18.63
      vertex -2.31 18.3 18.63
    endloop
  endfacet
  facet normal -0 0 1
    outer loop
      vertex -2.31 11.7 18.63
      vertex 2.31 11.1 18.63
      vertex 2.31 11.7 18.63
    endloop
  endfacet
  facet normal 0 0 1
    outer loop
      vertex 2.31 11.1 18.63
      vertex -2.31 11.7 18.63
      vertex -2.31 11.1 18.63
    endloop
  endfacet
  facet normal 0 0 -1
    outer loop
      vertex -2.31 18.3 21.27
      vertex 2.31 18.66 21.27
      vertex 2.31 18.3 21.27
    endloop
  endfacet
  facet normal -0 0 -1
    outer loop
      vertex 2.31 18.66 21.27
      vertex -2.31 18.3 21.27
      vertex -2.31 18.66 21.27
    endloop
  endfacet
  facet normal 0 0 -1
    outer loop
      vertex -2.31 11.34 21.27
      vertex 2.31 11.7 21.27
      vertex 2.31 11.34 21.27
    endloop
  endfacet
  facet normal -0 0 -1
    outer loop
      vertex 2.31 11.7 21.27
      vertex -2.31 11.34 21.27
      vertex -2.31 11.7 21.27
    endloop
  endfacet
  facet normal 1 -0 0
    outer loop
      vertex -2.31 18.66 21.27
      vertex -2.31 18.9 18.63
      vertex -2.31 18.9 21.27
    endloop
  endfacet
  facet normal 1 0 0
    outer loop
      vertex -2.31 18.3 18.63
      vertex -2.31 18.66 21.27
      vertex -2.31 18.3 21.27
    endloop
  endfacet
  facet normal 1 0 0
    outer loop
      vertex -2.31 18.66 21.27
      vertex -2.31 18.3 18.63
      vertex -2.31 18.9 18.63
    endloop
  endfacet
  facet normal 1 -0 0
    outer loop
      vertex -2.31 11.34 21.27
      vertex -2.31 11.7 18.63
      vertex -2.31 11.7 21.27
    endloop
  endfacet
  facet normal 1 0 0
    outer loop
      vertex -2.31 11.1 18.63
      vertex -2.31 11.34 21.27
      vertex -2.31 11.1 21.27
    endloop
  endfacet
  facet normal 1 0 0
    outer loop
      vertex -2.31 11.34 21.27
      vertex -2.31 11.1 18.63
      vertex -2.31 11.7 18.63
    endloop
  endfacet
  facet normal -0 0 1
    outer loop
      vertex -4.8 16.815 18.63
      vertex -4.2 13.185 18.63
      vertex -4.2 16.815 18.63
    endloop
  endfacet
  facet normal 0 0 1
    outer loop
      vertex -4.2 13.185 18.63
      vertex -4.8 16.815 18.63
      vertex -4.8 13.185 18.63
    endloop
  endfacet
  facet normal -0 0 1
    outer loop
      vertex 4.2 16.815 18.63
      vertex 4.8 13.185 18.63
      vertex 4.8 16.815 18.63
    endloop
  endfacet
  facet normal 0 0 1
    outer loop
      vertex 4.8 13.185 18.63
      vertex 4.2 16.815 18.63
      vertex 4.2 13.185 18.63
    endloop
  endfacet
  facet normal 0 0 -1
    outer loop
      vertex -4.56 13.185 21.27
      vertex -4.2 16.815 21.27
      vertex -4.2 13.185 21.27
    endloop
  endfacet
  facet normal -0 0 -1
    outer loop
      vertex -4.2 16.815 21.27
      vertex -4.56 13.185 21.27
      vertex -4.56 16.815 21.27
    endloop
  endfacet
  facet normal 0 0 -1
    outer loop
      vertex 4.2 13.185 21.27
      vertex 4.56 16.815 21.27
      vertex 4.56 13.185 21.27
    endloop
  endfacet
  facet normal -0 0 -1
    outer loop
      vertex 4.56 16.815 21.27
      vertex 4.2 13.185 21.27
      vertex 4.2 16.815 21.27
    endloop
  endfacet
  facet normal 0 -1 0
    outer loop
      vertex -4.8 16.815 21.27
      vertex -4.8 16.815 18.63
      vertex -4.56 16.815 21.27
    endloop
  endfacet
  facet normal 0 -1 0
    outer loop
      vertex -4.2 16.815 18.63
      vertex -4.56 16.815 21.27
      vertex -4.8 16.815 18.63
    endloop
  endfacet
  facet normal 0 -1 0
    outer loop
      vertex -4.56 16.815 21.27
      vertex -4.2 16.815 18.63
      vertex -4.2 16.815 21.27
    endloop
  endfacet
  facet normal 0 -1 0
    outer loop
      vertex 4.2 16.815 18.63
      vertex 4.56 16.815 21.27
      vertex 4.2 16.815 21.27
    endloop
  endfacet
  facet normal 0 -1 0
    outer loop
      vertex 4.8 16.815 18.63
      vertex 4.56 16.815 21.27
      vertex 4.2 16.815 18.63
    endloop
  endfacet
  facet normal 0 -1 0
    outer loop
      vertex 4.56 16.815 21.27
      vertex 4.8 16.815 18.63
      vertex 4.8 16.815 21.27
    endloop
  endfacet
  facet normal 0 1 -0
    outer loop
      vertex -4.2 13.185 18.63
      vertex -4.56 13.185 21.27
      vertex -4.2 13.185 21.27
    endloop
  endfacet
  facet normal 0 1 0
    outer loop
      vertex -4.8 13.185 18.63
      vertex -4.56 13.185 21.27
      vertex -4.2 13.185 18.63
    endloop
  endfacet
  facet normal 0 1 0
    outer loop
      vertex -4.56 13.185 21.27
      vertex -4.8 13.185 18.63
      vertex -4.8 13.185 21.27
    endloop
  endfacet
  facet normal 0 1 0
    outer loop
      vertex 4.8 13.185 21.27
      vertex 4.8 13.185 18.63
      vertex 4.56 13.185 21.27
    endloop
  endfacet
  facet normal 0 1 0
    outer loop
      vertex 4.2 13.185 18.63
      vertex 4.56 13.185 21.27
      vertex 4.8 13.185 18.63
    endloop
  endfacet
  facet normal 0 1 0
    outer loop
      vertex 4.56 13.185 21.27
      vertex 4.2 13.185 18.63
      vertex 4.2 13.185 21.27
    endloop
  endfacet
  facet normal -0 0 1
    outer loop
      vertex -7.5 17.97 11.685
      vertex -6.9 12.03 11.685
      vertex -6.9 17.97 11.685
    endloop
  endfacet
  facet normal 0 0 1
    outer loop
      vertex -6.9 12.03 11.685
      vertex -7.5 17.97 11.685
      vertex -7.5 12.03 11.685
    endloop
  endfacet
  facet normal -0 0 1
    outer loop
      vertex 6.9 17.97 11.685
      vertex 7.5 12.03 11.685
      vertex 7.5 17.97 11.685
    endloop
  endfacet
  facet normal 0 0 1
    outer loop
      vertex 7.5 12.03 11.685
      vertex 6.9 17.97 11.685
      vertex 6.9 12.03 11.685
    endloop
  endfacet
  facet normal 0 0 -1
    outer loop
      vertex -7.26 12.03 15.315
      vertex -6.9 17.97 15.315
      vertex -6.9 12.03 15.315
    endloop
  endfacet
  facet normal -0 0 -1
    outer loop
      vertex -6.9 17.97 15.315
      vertex -7.26 12.03 15.315
      vertex -7.26 17.97 15.315
    endloop
  endfacet
  facet normal 0 0 -1
    outer loop
      vertex 6.9 12.03 15.315
      vertex 7.26 17.97 15.315
      vertex 7.26 12.03 15.315
    endloop
  endfacet
  facet normal -0 0 -1
    outer loop
      vertex 7.26 17.97 15.315
      vertex 6.9 12.03 15.315
      vertex 6.9 17.97 15.315
    endloop
  endfacet
  facet normal 0 -1 0
    outer loop
      vertex -7.5 17.97 11.685
      vertex -7.26 17.97 15.315
      vertex -7.5 17.97 15.315
    endloop
  endfacet
  facet normal 0 -1 0
    outer loop
      vertex -6.9 17.97 11.685
      vertex -7.26 17.97 15.315
      vertex -7.5 17.97 11.685
    endloop
  endfacet
  facet normal 0 -1 0
    outer loop
      vertex -7.26 17.97 15.315
      vertex -6.9 17.97 11.685
      vertex -6.9 17.97 15.315
    endloop
  endfacet
  facet normal 0 -1 0
    outer loop
      vertex 6.9 17.97 11.685
      vertex 7.26 17.97 15.315
      vertex 6.9 17.97 15.315
    endloop
  endfacet
  facet normal 0 -1 0
    outer loop
      vertex 7.5 17.97 11.685
      vertex 7.26 17.97 15.315
      vertex 6.9 17.97 11.685
    endloop
  endfacet
  facet normal 0 -1 0
    outer loop
      vertex 7.26 17.97 15.315
      vertex 7.5 17.97 11.685
      vertex 7.5 17.97 15.315
    endloop
  endfacet
  facet normal 0 1 -0
    outer loop
      vertex -6.9 12.03 11.685
      vertex -7.26 12.03 15.315
      vertex -6.9 12.03 15.315
    endloop
  endfacet
  facet normal 0 1 0
    outer loop
      vertex -7.5 12.03 11.685
      vertex -7.26 12.03 15.315
      vertex -6.9 12.03 11.685
    endloop
  endfacet
  facet normal 0 1 0
    outer loop
      vertex -7.26 12.03 15.315
      vertex -7.5 12.03 11.685
      vertex -7.5 12.03 15.315
    endloop
  endfacet
  facet normal 0 1 -0
    outer loop
      vertex 7.5 12.03 11.685
      vertex 7.26 12.03 15.315
      vertex 7.5 12.03 15.315
    endloop
  endfacet
  facet normal 0 1 0
    outer loop
      vertex 6.9 12.03 11.685
      vertex 7.26 12.03 15.315
      vertex 7.5 12.03 11.685
    endloop
  endfacet
  facet normal 0 1 0
    outer loop
      vertex 7.26 12.03 15.315
      vertex 6.9 12.03 11.685
      vertex 6.9 12.03 15.315
    endloop
  endfacet
  facet normal 0 0 -1
    outer loop
      vertex -2.31 11.1 21.27
      vertex 2.31 11.34 21.27
      vertex 2.31 11.1 21.27
    endloop
  endfacet
  facet normal -0 0 -1
    outer loop
      vertex 2.31 11.34 21.27
      vertex -2.31 11.1 21.27
      vertex -2.31 11.34 21.27
    endloop
  endfacet
  facet normal 0 0 -1
    outer loop
      vertex -2.31 18.66 21.27
      vertex 2.31 18.9 21.27
      vertex 2.31 18.66 21.27
    endloop
  endfacet
  facet normal -0 0 -1
    outer loop
      vertex 2.31 18.9 21.27
      vertex -2.31 18.66 21.27
      vertex -2.31 18.9 21.27
    endloop
  endfacet
  facet normal 0 0 -1
    outer loop
      vertex -4.8 13.185 21.27
      vertex -4.56 16.815 21.27
      vertex -4.56 13.185 21.27
    endloop
  endfacet
  facet normal -0 0 -1
    outer loop
      vertex -4.56 16.815 21.27
      vertex -4.8 13.185 21.27
      vertex -4.8 16.815 21.27
    endloop
  endfacet
  facet normal 0 0 -1
    outer loop
      vertex 4.56 13.185 21.27
      vertex 4.8 16.815 21.27
      vertex 4.8 13.185 21.27
    endloop
  endfacet
  facet normal -0 0 -1
    outer loop
      vertex 4.8 16.815 21.27
      vertex 4.56 13.185 21.27
      vertex 4.56 16.815 21.27
    endloop
  endfacet
  facet normal -1 0 0
    outer loop
      vertex -1.5525 9 11.685
      vertex -1.5525 9.24 15.315
      vertex -1.5525 9.24 11.685
    endloop
  endfacet
  facet normal -1 -0 0
    outer loop
      vertex -1.5525 9.24 15.315
      vertex -1.5525 9 11.685
      vertex -1.5525 9 15.315
    endloop
  endfacet
  facet normal 0 0 -1
    outer loop
      vertex -5.3475 9 15.315
      vertex -1.5525 9.24 15.315
      vertex -1.5525 9 15.315
    endloop
  endfacet
  facet normal -0 0 -1
    outer loop
      vertex -1.5525 9.24 15.315
      vertex -5.3475 9 15.315
      vertex -5.3475 9.24 15.315
    endloop
  endfacet
  facet normal 0 0 -1
    outer loop
      vertex 1.5525 9 15.315
      vertex 5.3475 9.24 15.315
      vertex 5.3475 9 15.315
    endloop
  endfacet
  facet normal -0 0 -1
    outer loop
      vertex 5.3475 9.24 15.315
      vertex 1.5525 9 15.315
      vertex 1.5525 9.24 15.315
    endloop
  endfacet
  facet normal 1 -0 0
    outer loop
      vertex 1.5525 9 15.315
      vertex 1.5525 9.24 11.685
      vertex 1.5525 9.24 15.315
    endloop
  endfacet
  facet normal 1 0 0
    outer loop
      vertex 1.5525 9.24 11.685
      vertex 1.5525 9 15.315
      vertex 1.5525 9 11.685
    endloop
  endfacet
  facet normal -1 0 0
    outer loop
      vertex -1.5525 20.76 11.685
      vertex -1.5525 21 15.315
      vertex -1.5525 21 11.685
    endloop
  endfacet
  facet normal -1 -0 0
    outer loop
      vertex -1.5525 21 15.315
      vertex -1.5525 20.76 11.685
      vertex -1.5525 20.76 15.315
    endloop
  endfacet
  facet normal 0 0 -1
    outer loop
      vertex -5.3475 20.76 15.315
      vertex -1.5525 21 15.315
      vertex -1.5525 20.76 15.315
    endloop
  endfacet
  facet normal -0 0 -1
    outer loop
      vertex -1.5525 21 15.315
      vertex -5.3475 20.76 15.315
      vertex -5.3475 21 15.315
    endloop
  endfacet
  facet normal 0 0 -1
    outer loop
      vertex 1.5525 20.76 15.315
      vertex 5.3475 21 15.315
      vertex 5.3475 20.76 15.315
    endloop
  endfacet
  facet normal -0 0 -1
    outer loop
      vertex 5.3475 21 15.315
      vertex 1.5525 20.76 15.315
      vertex 1.5525 21 15.315
    endloop
  endfacet
  facet normal 1 -0 0
    outer loop
      vertex 1.5525 20.76 15.315
      vertex 1.5525 21 11.685
      vertex 1.5525 21 15.315
    endloop
  endfacet
  facet normal 1 0 0
    outer loop
      vertex 1.5525 21 11.685
      vertex 1.5525 20.76 15.315
      vertex 1.5525 20.76 11.685
    endloop
  endfacet
  facet normal 0 0 -1
    outer loop
      vertex -7.5 12.03 15.315
      vertex -7.26 17.97 15.315
      vertex -7.26 12.03 15.315
    endloop
  endfacet
  facet normal -0 0 -1
    outer loop
      vertex -7.26 17.97 15.315
      vertex -7.5 12.03 15.315
      vertex -7.5 17.97 15.315
    endloop
  endfacet
  facet normal 0 0 -1
    outer loop
      vertex 7.26 12.03 15.315
      vertex 7.5 17.97 15.315
      vertex 7.5 12.03 15.315
    endloop
  endfacet
  facet normal -0 0 -1
    outer loop
      vertex 7.5 17.97 15.315
      vertex 7.26 12.03 15.315
      vertex 7.26 17.97 15.315
    endloop
  endfacet
  facet normal -1 0 0
    outer loop
      vertex -4.93 7.2 2.475
      vertex -4.93 7.44 7.425
      vertex -4.93 7.44 2.475
    endloop
  endfacet
  facet normal -1 -0 0
    outer loop
      vertex -4.93 7.44 7.425
      vertex -4.93 7.2 2.475
      vertex -4.93 7.2 7.425
    endloop
  endfacet
  facet normal 1 -0 0
    outer loop
      vertex -8.67 7.2 7.425
      vertex -8.67 7.44 2.475
      vertex -8.67 7.44 7.425
    endloop
  endfacet
  facet normal 1 0 0
    outer loop
      vertex -8.67 7.44 2.475
      vertex -8.67 7.2 7.425
      vertex -8.67 7.2 2.475
    endloop
  endfacet
  facet normal -1 0 0
    outer loop
      vertex 8.67 7.2 2.475
      vertex 8.67 7.44 7.425
      vertex 8.67 7.44 2.475
    endloop
  endfacet
  facet normal -1 -0 0
    outer loop
      vertex 8.67 7.44 7.425
      vertex 8.67 7.2 2.475
      vertex 8.67 7.2 7.425
    endloop
  endfacet
  facet normal 1 -0 0
    outer loop
      vertex 4.93 7.2 7.425
      vertex 4.93 7.44 2.475
      vertex 4.93 7.44 7.425
    endloop
  endfacet
  facet normal 1 0 0
    outer loop
      vertex 4.93 7.44 2.475
      vertex 4.93 7.2 7.425
      vertex 4.93 7.2 2.475
    endloop
  endfacet
  facet normal -1 0 0
    outer loop
      vertex -4.93 22.56 2.475
      vertex -4.93 22.8 7.425
      vertex -4.93 22.8 2.475
    endloop
  endfacet
  facet normal -1 -0 0
    outer loop
      vertex -4.93 22.8 7.425
      vertex -4.93 22.56 2.475
      vertex -4.93 22.56 7.425
    endloop
  endfacet
  facet normal 1 -0 0
    outer loop
      vertex -8.67 22.56 7.425
      vertex -8.67 22.8 2.475
      vertex -8.67 22.8 7.425
    endloop
  endfacet
  facet normal 1 0 0
    outer loop
      vertex -8.67 22.8 2.475
      vertex -8.67 22.56 7.425
      vertex -8.67 22.56 2.475
    endloop
  endfacet
  facet normal -1 0 0
    outer loop
      vertex 8.67 22.56 2.475
      vertex 8.67 22.8 7.425
      vertex 8.67 22.8 2.475
    endloop
  endfacet
  facet normal -1 -0 0
    outer loop
      vertex 8.67 22.8 7.425
      vertex 8.67 22.56 2.475
      vertex 8.67 22.56 7.425
    endloop
  endfacet
  facet normal 1 -0 0
    outer loop
      vertex 4.93 22.56 7.425
      vertex 4.93 22.8 2.475
      vertex 4.93 22.8 7.425
    endloop
  endfacet
  facet normal 1 0 0
    outer loop
      vertex 4.93 22.8 2.475
      vertex 4.93 22.56 7.425
      vertex 4.93 22.56 2.475
    endloop
  endfacet
  facet normal 0 -1 0
    outer loop
      vertex -10.8 13.38 2.475
      vertex -10.56 13.38 7.425
      vertex -10.8 13.38 7.425
    endloop
  endfacet
  facet normal 0 -1 -0
    outer loop
      vertex -10.56 13.38 7.425
      vertex -10.8 13.38 2.475
      vertex -10.56 13.38 2.475
    endloop
  endfacet
  facet normal 0 1 -0
    outer loop
      vertex -10.56 16.62 2.475
      vertex -10.8 16.62 7.425
      vertex -10.56 16.62 7.425
    endloop
  endfacet
  facet normal 0 1 0
    outer loop
      vertex -10.8 16.62 7.425
      vertex -10.56 16.62 2.475
      vertex -10.8 16.62 2.475
    endloop
  endfacet
  facet normal 0 -1 0
    outer loop
      vertex 10.56 13.38 2.475
      vertex 10.8 13.38 7.425
      vertex 10.56 13.38 7.425
    endloop
  endfacet
  facet normal 0 -1 -0
    outer loop
      vertex 10.8 13.38 7.425
      vertex 10.56 13.38 2.475
      vertex 10.8 13.38 2.475
    endloop
  endfacet
  facet normal 0 1 -0
    outer loop
      vertex 10.8 16.62 2.475
      vertex 10.56 16.62 7.425
      vertex 10.8 16.62 7.425
    endloop
  endfacet
  facet normal 0 1 0
    outer loop
      vertex 10.56 16.62 7.425
      vertex 10.8 16.62 2.475
      vertex 10.56 16.62 2.475
    endloop
  endfacet
  facet normal 1 0 0
    outer loop
      vertex 34.8 16.815 1.68
      vertex 34.8 18.9 5.4
      vertex 34.8 16.815 4.32
    endloop
  endfacet
  facet normal 1 0 0
    outer loop
      vertex 34.8 18.9 5.4
      vertex 34.8 13.185 4.32
      vertex 34.8 16.815 4.32
    endloop
  endfacet
  facet normal 1 0 0
    outer loop
      vertex 34.8 13.185 4.32
      vertex 34.8 11.1 5.4
      vertex 34.8 13.185 1.68
    endloop
  endfacet
  facet normal 1 -0 0
    outer loop
      vertex 34.8 11.1 5.4
      vertex 34.8 13.185 4.32
      vertex 34.8 18.9 5.4
    endloop
  endfacet
  facet normal 1 0 0
    outer loop
      vertex 34.8 18.9 5.4
      vertex 34.8 16.815 1.68
      vertex 34.8 18.9 0
    endloop
  endfacet
  facet normal 1 -0 0
    outer loop
      vertex 34.8 13.185 1.68
      vertex 34.8 18.9 0
      vertex 34.8 16.815 1.68
    endloop
  endfacet
  facet normal 1 0 0
    outer loop
      vertex 34.8 13.185 1.68
      vertex 34.8 11.1 0
      vertex 34.8 18.9 0
    endloop
  endfacet
  facet normal 1 0 0
    outer loop
      vertex 34.8 11.1 0
      vertex 34.8 13.185 1.68
      vertex 34.8 11.1 5.4
    endloop
  endfacet
  facet normal 0 0 -1
    outer loop
      vertex 25.2 11.1 0
      vertex 34.8 18.9 0
      vertex 34.8 11.1 0
    endloop
  endfacet
  facet normal -0 0 -1
    outer loop
      vertex 34.8 18.9 0
      vertex 25.2 11.1 0
      vertex 25.2 18.9 0
    endloop
  endfacet
  facet normal -1 0 0
    outer loop
      vertex 25.2 18.9 0
      vertex 25.2 16.815 1.68
      vertex 25.2 18.9 5.4
    endloop
  endfacet
  facet normal -1 0 0
    outer loop
      vertex 25.2 18.9 0
      vertex 25.2 13.185 1.68
      vertex 25.2 16.815 1.68
    endloop
  endfacet
  facet normal -1 0 0
    outer loop
      vertex 25.2 11.1 5.4
      vertex 25.2 13.185 1.68
      vertex 25.2 11.1 0
    endloop
  endfacet
  facet normal -1 0 0
    outer loop
      vertex 25.2 11.1 0
      vertex 25.2 13.185 1.68
      vertex 25.2 18.9 0
    endloop
  endfacet
  facet normal -1 0 0
    outer loop
      vertex 25.2 16.815 4.32
      vertex 25.2 18.9 5.4
      vertex 25.2 16.815 1.68
    endloop
  endfacet
  facet normal -1 0 0
    outer loop
      vertex 25.2 13.185 4.32
      vertex 25.2 18.9 5.4
      vertex 25.2 16.815 4.32
    endloop
  endfacet
  facet normal -1 0 0
    outer loop
      vertex 25.2 13.185 4.32
      vertex 25.2 11.1 5.4
      vertex 25.2 18.9 5.4
    endloop
  endfacet
  facet normal -1 0 0
    outer loop
      vertex 25.2 13.185 1.68
      vertex 25.2 11.1 5.4
      vertex 25.2 13.185 4.32
    endloop
  endfacet
  facet normal 0 1 0
    outer loop
      vertex 34.8 18.9 5.4
      vertex 32.31 18.9 4.32
      vertex 25.2 18.9 5.4
    endloop
  endfacet
  facet normal 0 1 0
    outer loop
      vertex 34.8 18.9 5.4
      vertex 32.31 18.9 1.68
      vertex 32.31 18.9 4.32
    endloop
  endfacet
  facet normal 0 1 0
    outer loop
      vertex 32.31 18.9 1.68
      vertex 34.8 18.9 0
      vertex 27.69 18.9 1.68
    endloop
  endfacet
  facet normal 0 1 -0
    outer loop
      vertex 34.8 18.9 0
      vertex 32.31 18.9 1.68
      vertex 34.8 18.9 5.4
    endloop
  endfacet
  facet normal 0 1 -0
    outer loop
      vertex 27.69 18.9 4.32
      vertex 25.2 18.9 5.4
      vertex 32.31 18.9 4.32
    endloop
  endfacet
  facet normal 0 1 -0
    outer loop
      vertex 27.69 18.9 1.68
      vertex 25.2 18.9 5.4
      vertex 27.69 18.9 4.32
    endloop
  endfacet
  facet normal 0 1 0
    outer loop
      vertex 27.69 18.9 1.68
      vertex 25.2 18.9 0
      vertex 25.2 18.9 5.4
    endloop
  endfacet
  facet normal 0 1 0
    outer loop
      vertex 25.2 18.9 0
      vertex 27.69 18.9 1.68
      vertex 34.8 18.9 0
    endloop
  endfacet
  facet normal 0 -1 0
    outer loop
      vertex 25.2 11.1 5.4
      vertex 27.69 11.1 4.32
      vertex 34.8 11.1 5.4
    endloop
  endfacet
  facet normal 0 -1 0
    outer loop
      vertex 25.2 11.1 5.4
      vertex 27.69 11.1 1.68
      vertex 27.69 11.1 4.32
    endloop
  endfacet
  facet normal 0 -1 -0
    outer loop
      vertex 27.69 11.1 1.68
      vertex 25.2 11.1 0
      vertex 32.31 11.1 1.68
    endloop
  endfacet
  facet normal 0 -1 0
    outer loop
      vertex 25.2 11.1 0
      vertex 27.69 11.1 1.68
      vertex 25.2 11.1 5.4
    endloop
  endfacet
  facet normal 0 -1 0
    outer loop
      vertex 32.31 11.1 4.32
      vertex 34.8 11.1 5.4
      vertex 27.69 11.1 4.32
    endloop
  endfacet
  facet normal 0 -1 0
    outer loop
      vertex 32.31 11.1 1.68
      vertex 34.8 11.1 5.4
      vertex 32.31 11.1 4.32
    endloop
  endfacet
  facet normal 0 -1 0
    outer loop
      vertex 32.31 11.1 1.68
      vertex 34.8 11.1 0
      vertex 34.8 11.1 5.4
    endloop
  endfacet
  facet normal 0 -1 0
    outer loop
      vertex 34.8 11.1 0
      vertex 32.31 11.1 1.68
      vertex 25.2 11.1 0
    endloop
  endfacet
  facet normal 0 0 -1
    outer loop
      vertex 37.5 9 5.4
      vertex 34.8 11.1 5.4
      vertex 37.5 21 5.4
    endloop
  endfacet
  facet normal 0 0 -1
    outer loop
      vertex 37.5 9 5.4
      vertex 25.2 11.1 5.4
      vertex 34.8 11.1 5.4
    endloop
  endfacet
  facet normal -0 0 -1
    outer loop
      vertex 25.2 11.1 5.4
      vertex 22.5 9 5.4
      vertex 25.2 18.9 5.4
    endloop
  endfacet
  facet normal 0 0 -1
    outer loop
      vertex 22.5 9 5.4
      vertex 25.2 11.1 5.4
      vertex 37.5 9 5.4
    endloop
  endfacet
  facet normal 0 0 -1
    outer loop
      vertex 34.8 18.9 5.4
      vertex 37.5 21 5.4
      vertex 34.8 11.1 5.4
    endloop
  endfacet
  facet normal 0 0 -1
    outer loop
      vertex 25.2 18.9 5.4
      vertex 37.5 21 5.4
      vertex 34.8 18.9 5.4
    endloop
  endfacet
  facet normal 0 0 -1
    outer loop
      vertex 25.2 18.9 5.4
      vertex 22.5 21 5.4
      vertex 37.5 21 5.4
    endloop
  endfacet
  facet normal 0 0 -1
    outer loop
      vertex 22.5 21 5.4
      vertex 25.2 18.9 5.4
      vertex 22.5 9 5.4
    endloop
  endfacet
  facet normal 1 0 0
    outer loop
      vertex 37.5 17.97 7.635
      vertex 37.5 21 12.75
      vertex 37.5 17.97 11.265
    endloop
  endfacet
  facet normal 1 0 0
    outer loop
      vertex 37.5 21 12.75
      vertex 37.5 12.03 11.265
      vertex 37.5 17.97 11.265
    endloop
  endfacet
  facet normal 1 0 0
    outer loop
      vertex 37.5 12.03 11.265
      vertex 37.5 9 12.75
      vertex 37.5 12.03 7.635
    endloop
  endfacet
  facet normal 1 -0 0
    outer loop
      vertex 37.5 9 12.75
      vertex 37.5 12.03 11.265
      vertex 37.5 21 12.75
    endloop
  endfacet
  facet normal 1 0 0
    outer loop
      vertex 37.5 21 12.75
      vertex 37.5 17.97 7.635
      vertex 37.5 21 5.4
    endloop
  endfacet
  facet normal 1 -0 0
    outer loop
      vertex 37.5 12.03 7.635
      vertex 37.5 21 5.4
      vertex 37.5 17.97 7.635
    endloop
  endfacet
  facet normal 1 0 0
    outer loop
      vertex 37.5 12.03 7.635
      vertex 37.5 9 5.4
      vertex 37.5 21 5.4
    endloop
  endfacet
  facet normal 1 0 0
    outer loop
      vertex 37.5 9 5.4
      vertex 37.5 12.03 7.635
      vertex 37.5 9 12.75
    endloop
  endfacet
  facet normal -1 0 0
    outer loop
      vertex 22.5 21 5.4
      vertex 22.5 17.97 7.635
      vertex 22.5 21 12.75
    endloop
  endfacet
  facet normal -1 0 0
    outer loop
      vertex 22.5 21 5.4
      vertex 22.5 12.03 7.635
      vertex 22.5 17.97 7.635
    endloop
  endfacet
  facet normal -1 0 0
    outer loop
      vertex 22.5 9 12.75
      vertex 22.5 12.03 7.635
      vertex 22.5 9 5.4
    endloop
  endfacet
  facet normal -1 0 0
    outer loop
      vertex 22.5 9 5.4
      vertex 22.5 12.03 7.635
      vertex 22.5 21 5.4
    endloop
  endfacet
  facet normal -1 0 0
    outer loop
      vertex 22.5 17.97 11.265
      vertex 22.5 21 12.75
      vertex 22.5 17.97 7.635
    endloop
  endfacet
  facet normal -1 0 0
    outer loop
      vertex 22.5 12.03 11.265
      vertex 22.5 21 12.75
      vertex 22.5 17.97 11.265
    endloop
  endfacet
  facet normal -1 0 0
    outer loop
      vertex 22.5 12.03 11.265
      vertex 22.5 9 12.75
      vertex 22.5 21 12.75
    endloop
  endfacet
  facet normal -1 0 0
    outer loop
      vertex 22.5 12.03 7.635
      vertex 22.5 9 12.75
      vertex 22.5 12.03 11.265
    endloop
  endfacet
  facet normal 0 1 -0
    outer loop
      vertex 31.5525 21 7.635
      vertex 28.4475 21 11.265
      vertex 31.5525 21 11.265
    endloop
  endfacet
  facet normal 0 1 0
    outer loop
      vertex 28.4475 21 11.265
      vertex 31.5525 21 7.635
      vertex 28.4475 21 7.635
    endloop
  endfacet
  facet normal 0 1 0
    outer loop
      vertex 31.5525 21 11.265
      vertex 37.5 21 12.75
      vertex 35.3475 21 11.265
    endloop
  endfacet
  facet normal 0 1 0
    outer loop
      vertex 37.5 21 12.75
      vertex 35.3475 21 7.635
      vertex 35.3475 21 11.265
    endloop
  endfacet
  facet normal 0 1 0
    outer loop
      vertex 37.5 21 5.4
      vertex 31.5525 21 7.635
      vertex 35.3475 21 7.635
    endloop
  endfacet
  facet normal 0 1 0
    outer loop
      vertex 31.5525 21 7.635
      vertex 37.5 21 5.4
      vertex 28.4475 21 7.635
    endloop
  endfacet
  facet normal 0 1 0
    outer loop
      vertex 22.5 21 5.4
      vertex 28.4475 21 7.635
      vertex 37.5 21 5.4
    endloop
  endfacet
  facet normal 0 1 -0
    outer loop
      vertex 37.5 21 5.4
      vertex 35.3475 21 7.635
      vertex 37.5 21 12.75
    endloop
  endfacet
  facet normal 0 1 0
    outer loop
      vertex 37.5 21 12.75
      vertex 31.5525 21 11.265
      vertex 22.5 21 12.75
    endloop
  endfacet
  facet normal 0 1 -0
    outer loop
      vertex 28.4475 21 11.265
      vertex 22.5 21 12.75
      vertex 31.5525 21 11.265
    endloop
  endfacet
  facet normal 0 1 -0
    outer loop
      vertex 24.6525 21 11.265
      vertex 22.5 21 12.75
      vertex 28.4475 21 11.265
    endloop
  endfacet
  facet normal 0 1 -0
    outer loop
      vertex 24.6525 21 7.635
      vertex 22.5 21 12.75
      vertex 24.6525 21 11.265
    endloop
  endfacet
  facet normal 0 1 0
    outer loop
      vertex 24.6525 21 7.635
      vertex 22.5 21 5.4
      vertex 22.5 21 12.75
    endloop
  endfacet
  facet normal 0 1 0
    outer loop
      vertex 28.4475 21 7.635
      vertex 22.5 21 5.4
      vertex 24.6525 21 7.635
    endloop
  endfacet
  facet normal 0 -1 0
    outer loop
      vertex 28.4475 9 7.635
      vertex 31.5525 9 11.265
      vertex 28.4475 9 11.265
    endloop
  endfacet
  facet normal 0 -1 -0
    outer loop
      vertex 31.5525 9 11.265
      vertex 28.4475 9 7.635
      vertex 31.5525 9 7.635
    endloop
  endfacet
  facet normal 0 -1 0
    outer loop
      vertex 28.4475 9 11.265
      vertex 22.5 9 12.75
      vertex 24.6525 9 11.265
    endloop
  endfacet
  facet normal 0 -1 0
    outer loop
      vertex 22.5 9 12.75
      vertex 24.6525 9 7.635
      vertex 24.6525 9 11.265
    endloop
  endfacet
  facet normal 0 -1 0
    outer loop
      vertex 22.5 9 5.4
      vertex 28.4475 9 7.635
      vertex 24.6525 9 7.635
    endloop
  endfacet
  facet normal 0 -1 -0
    outer loop
      vertex 28.4475 9 7.635
      vertex 22.5 9 5.4
      vertex 31.5525 9 7.635
    endloop
  endfacet
  facet normal 0 -1 0
    outer loop
      vertex 37.5 9 5.4
      vertex 31.5525 9 7.635
      vertex 22.5 9 5.4
    endloop
  endfacet
  facet normal 0 -1 0
    outer loop
      vertex 22.5 9 5.4
      vertex 24.6525 9 7.635
      vertex 22.5 9 12.75
    endloop
  endfacet
  facet normal 0 -1 0
    outer loop
      vertex 22.5 9 12.75
      vertex 28.4475 9 11.265
      vertex 37.5 9 12.75
    endloop
  endfacet
  facet normal 0 -1 0
    outer loop
      vertex 31.5525 9 11.265
      vertex 37.5 9 12.75
      vertex 28.4475 9 11.265
    endloop
  endfacet
  facet normal 0 -1 0
    outer loop
      vertex 35.3475 9 11.265
      vertex 37.5 9 12.75
      vertex 31.5525 9 11.265
    endloop
  endfacet
  facet normal 0 -1 0
    outer loop
      vertex 35.3475 9 7.635
      vertex 37.5 9 12.75
      vertex 35.3475 9 11.265
    endloop
  endfacet
  facet normal 0 -1 0
    outer loop
      vertex 35.3475 9 7.635
      vertex 37.5 9 5.4
      vertex 37.5 9 12.75
    endloop
  endfacet
  facet normal 0 -1 0
    outer loop
      vertex 31.5525 9 7.635
      vertex 37.5 9 5.4
      vertex 35.3475 9 7.635
    endloop
  endfacet
  facet normal 0 0 -1
    outer loop
      vertex 40.8 7.2 12.75
      vertex 37.5 9 12.75
      vertex 40.8 22.8 12.75
    endloop
  endfacet
  facet normal 0 0 -1
    outer loop
      vertex 40.8 7.2 12.75
      vertex 22.5 9 12.75
      vertex 37.5 9 12.75
    endloop
  endfacet
  facet normal -0 0 -1
    outer loop
      vertex 22.5 9 12.75
      vertex 19.2 7.2 12.75
      vertex 22.5 21 12.75
    endloop
  endfacet
  facet normal 0 0 -1
    outer loop
      vertex 19.2 7.2 12.75
      vertex 22.5 9 12.75
      vertex 40.8 7.2 12.75
    endloop
  endfacet
  facet normal 0 0 -1
    outer loop
      vertex 37.5 21 12.75
      vertex 40.8 22.8 12.75
      vertex 37.5 9 12.75
    endloop
  endfacet
  facet normal 0 0 -1
    outer loop
      vertex 22.5 21 12.75
      vertex 40.8 22.8 12.75
      vertex 37.5 21 12.75
    endloop
  endfacet
  facet normal 0 0 -1
    outer loop
      vertex 22.5 21 12.75
      vertex 19.2 22.8 12.75
      vertex 40.8 22.8 12.75
    endloop
  endfacet
  facet normal 0 0 -1
    outer loop
      vertex 19.2 22.8 12.75
      vertex 22.5 21 12.75
      vertex 19.2 7.2 12.75
    endloop
  endfacet
  facet normal 1 0 0
    outer loop
      vertex 40.8 20.58 15.525
      vertex 40.8 22.8 22.5
      vertex 40.8 20.58 20.475
    endloop
  endfacet
  facet normal 1 0 0
    outer loop
      vertex 40.8 22.8 22.5
      vertex 40.8 16.62 20.475
      vertex 40.8 20.58 20.475
    endloop
  endfacet
  facet normal 1 0 0
    outer loop
      vertex 40.8 16.62 20.475
      vertex 40.8 13.38 20.475
      vertex 40.8 16.62 15.525
    endloop
  endfacet
  facet normal 1 0 0
    outer loop
      vertex 40.8 22.8 22.5
      vertex 40.8 13.38 20.475
      vertex 40.8 16.62 20.475
    endloop
  endfacet
  facet normal 1 -0 0
    outer loop
      vertex 40.8 7.2 22.5
      vertex 40.8 13.38 20.475
      vertex 40.8 22.8 22.5
    endloop
  endfacet
  facet normal 1 0 0
    outer loop
      vertex 40.8 9.42 20.475
      vertex 40.8 7.2 22.5
      vertex 40.8 9.42 15.525
    endloop
  endfacet
  facet normal 1 0 0
    outer loop
      vertex 40.8 13.38 20.475
      vertex 40.8 7.2 22.5
      vertex 40.8 9.42 20.475
    endloop
  endfacet
  facet normal 1 0 0
    outer loop
      vertex 40.8 22.8 22.5
      vertex 40.8 20.58 15.525
      vertex 40.8 22.8 12.75
    endloop
  endfacet
  facet normal 1 -0 0
    outer loop
      vertex 40.8 16.62 15.525
      vertex 40.8 22.8 12.75
      vertex 40.8 20.58 15.525
    endloop
  endfacet
  facet normal 1 0 0
    outer loop
      vertex 40.8 13.38 15.525
      vertex 40.8 16.62 15.525
      vertex 40.8 13.38 20.475
    endloop
  endfacet
  facet normal 1 -0 0
    outer loop
      vertex 40.8 13.38 15.525
      vertex 40.8 22.8 12.75
      vertex 40.8 16.62 15.525
    endloop
  endfacet
  facet normal 1 0 0
    outer loop
      vertex 40.8 7.2 12.75
      vertex 40.8 13.38 15.525
      vertex 40.8 9.42 15.525
    endloop
  endfacet
  facet normal 1 0 0
    outer loop
      vertex 40.8 13.38 15.525
      vertex 40.8 7.2 12.75
      vertex 40.8 22.8 12.75
    endloop
  endfacet
  facet normal 1 0 0
    outer loop
      vertex 40.8 7.2 12.75
      vertex 40.8 9.42 15.525
      vertex 40.8 7.2 22.5
    endloop
  endfacet
  facet normal -1 0 0
    outer loop
      vertex 19.2 22.8 12.75
      vertex 19.2 20.58 15.525
      vertex 19.2 22.8 22.5
    endloop
  endfacet
  facet normal -1 0 0
    outer loop
      vertex 19.2 22.8 12.75
      vertex 19.2 16.62 15.525
      vertex 19.2 20.58 15.525
    endloop
  endfacet
  facet normal -1 0 0
    outer loop
      vertex 19.2 16.62 15.525
      vertex 19.2 13.38 15.525
      vertex 19.2 16.62 20.475
    endloop
  endfacet
  facet normal -1 0 0
    outer loop
      vertex 19.2 22.8 12.75
      vertex 19.2 13.38 15.525
      vertex 19.2 16.62 15.525
    endloop
  endfacet
  facet normal -1 0 0
    outer loop
      vertex 19.2 7.2 12.75
      vertex 19.2 13.38 15.525
      vertex 19.2 22.8 12.75
    endloop
  endfacet
  facet normal -1 0 0
    outer loop
      vertex 19.2 7.2 22.5
      vertex 19.2 9.42 15.525
      vertex 19.2 7.2 12.75
    endloop
  endfacet
  facet normal -1 -0 0
    outer loop
      vertex 19.2 13.38 15.525
      vertex 19.2 7.2 12.75
      vertex 19.2 9.42 15.525
    endloop
  endfacet
  facet normal -1 0 0
    outer loop
      vertex 19.2 20.58 20.475
      vertex 19.2 22.8 22.5
      vertex 19.2 20.58 15.525
    endloop
  endfacet
  facet normal -1 0 0
    outer loop
      vertex 19.2 16.62 20.475
      vertex 19.2 22.8 22.5
      vertex 19.2 20.58 20.475
    endloop
  endfacet
  facet normal -1 0 0
    outer loop
      vertex 19.2 13.38 20.475
      vertex 19.2 16.62 20.475
      vertex 19.2 13.38 15.525
    endloop
  endfacet
  facet normal -1 0 0
    outer loop
      vertex 19.2 13.38 20.475
      vertex 19.2 22.8 22.5
      vertex 19.2 16.62 20.475
    endloop
  endfacet
  facet normal -1 0 0
    outer loop
      vertex 19.2 7.2 22.5
      vertex 19.2 13.38 20.475
      vertex 19.2 9.42 20.475
    endloop
  endfacet
  facet normal -1 0 0
    outer loop
      vertex 19.2 13.38 20.475
      vertex 19.2 7.2 22.5
      vertex 19.2 22.8 22.5
    endloop
  endfacet
  facet normal -1 0 0
    outer loop
      vertex 19.2 9.42 15.525
      vertex 19.2 7.2 22.5
      vertex 19.2 9.42 20.475
    endloop
  endfacet
  facet normal 0 1 -0
    outer loop
      vertex 28.13 22.8 15.525
      vertex 25.07 22.8 20.475
      vertex 28.13 22.8 20.475
    endloop
  endfacet
  facet normal 0 1 0
    outer loop
      vertex 25.07 22.8 20.475
      vertex 28.13 22.8 15.525
      vertex 25.07 22.8 15.525
    endloop
  endfacet
  facet normal 0 1 -0
    outer loop
      vertex 34.93 22.8 15.525
      vertex 31.87 22.8 20.475
      vertex 34.93 22.8 20.475
    endloop
  endfacet
  facet normal 0 1 0
    outer loop
      vertex 31.87 22.8 20.475
      vertex 34.93 22.8 15.525
      vertex 31.87 22.8 15.525
    endloop
  endfacet
  facet normal 0 1 0
    outer loop
      vertex 34.93 22.8 20.475
      vertex 40.8 22.8 22.5
      vertex 38.67 22.8 20.475
    endloop
  endfacet
  facet normal 0 1 0
    outer loop
      vertex 40.8 22.8 22.5
      vertex 38.67 22.8 15.525
      vertex 38.67 22.8 20.475
    endloop
  endfacet
  facet normal 0 1 0
    outer loop
      vertex 40.8 22.8 12.75
      vertex 34.93 22.8 15.525
      vertex 38.67 22.8 15.525
    endloop
  endfacet
  facet normal 0 1 0
    outer loop
      vertex 34.93 22.8 15.525
      vertex 40.8 22.8 12.75
      vertex 31.87 22.8 15.525
    endloop
  endfacet
  facet normal 0 1 0
    outer loop
      vertex 31.87 22.8 15.525
      vertex 40.8 22.8 12.75
      vertex 28.13 22.8 15.525
    endloop
  endfacet
  facet normal 0 1 0
    outer loop
      vertex 19.2 22.8 12.75
      vertex 28.13 22.8 15.525
      vertex 40.8 22.8 12.75
    endloop
  endfacet
  facet normal 0 1 0
    outer loop
      vertex 28.13 22.8 15.525
      vertex 19.2 22.8 12.75
      vertex 25.07 22.8 15.525
    endloop
  endfacet
  facet normal 0 1 -0
    outer loop
      vertex 40.8 22.8 12.75
      vertex 38.67 22.8 15.525
      vertex 40.8 22.8 22.5
    endloop
  endfacet
  facet normal 0 1 0
    outer loop
      vertex 31.87 22.8 20.475
      vertex 40.8 22.8 22.5
      vertex 34.93 22.8 20.475
    endloop
  endfacet
  facet normal 0 1 0
    outer loop
      vertex 40.8 22.8 22.5
      vertex 31.87 22.8 20.475
      vertex 19.2 22.8 22.5
    endloop
  endfacet
  facet normal 0 1 -0
    outer loop
      vertex 28.13 22.8 20.475
      vertex 19.2 22.8 22.5
      vertex 31.87 22.8 20.475
    endloop
  endfacet
  facet normal 0 1 -0
    outer loop
      vertex 25.07 22.8 20.475
      vertex 19.2 22.8 22.5
      vertex 28.13 22.8 20.475
    endloop
  endfacet
  facet normal 0 1 -0
    outer loop
      vertex 21.33 22.8 20.475
      vertex 19.2 22.8 22.5
      vertex 25.07 22.8 20.475
    endloop
  endfacet
  facet normal 0 1 -0
    outer loop
      vertex 21.33 22.8 15.525
      vertex 19.2 22.8 22.5
      vertex 21.33 22.8 20.475
    endloop
  endfacet
  facet normal 0 1 0
    outer loop
      vertex 21.33 22.8 15.525
      vertex 19.2 22.8 12.75
      vertex 19.2 22.8 22.5
    endloop
  endfacet
  facet normal 0 1 0
    outer loop
      vertex 25.07 22.8 15.525
      vertex 19.2 22.8 12.75
      vertex 21.33 22.8 15.525
    endloop
  endfacet
  facet normal 0 -1 0
    outer loop
      vertex 31.87 7.2 15.525
      vertex 34.93 7.2 20.475
      vertex 31.87 7.2 20.475
    endloop
  endfacet
  facet normal 0 -1 -0
    outer loop
      vertex 34.93 7.2 20.475
      vertex 31.87 7.2 15.525
      vertex 34.93 7.2 15.525
    endloop
  endfacet
  facet normal 0 -1 0
    outer loop
      vertex 25.07 7.2 15.525
      vertex 28.13 7.2 20.475
      vertex 25.07 7.2 20.475
    endloop
  endfacet
  facet normal 0 -1 -0
    outer loop
      vertex 28.13 7.2 20.475
      vertex 25.07 7.2 15.525
      vertex 28.13 7.2 15.525
    endloop
  endfacet
  facet normal 0 -1 0
    outer loop
      vertex 25.07 7.2 20.475
      vertex 19.2 7.2 22.5
      vertex 21.33 7.2 20.475
    endloop
  endfacet
  facet normal 0 -1 0
    outer loop
      vertex 19.2 7.2 22.5
      vertex 21.33 7.2 15.525
      vertex 21.33 7.2 20.475
    endloop
  endfacet
  facet normal 0 -1 0
    outer loop
      vertex 19.2 7.2 12.75
      vertex 25.07 7.2 15.525
      vertex 21.33 7.2 15.525
    endloop
  endfacet
  facet normal 0 -1 -0
    outer loop
      vertex 25.07 7.2 15.525
      vertex 19.2 7.2 12.75
      vertex 28.13 7.2 15.525
    endloop
  endfacet
  facet normal 0 -1 -0
    outer loop
      vertex 28.13 7.2 15.525
      vertex 19.2 7.2 12.75
      vertex 31.87 7.2 15.525
    endloop
  endfacet
  facet normal 0 -1 0
    outer loop
      vertex 40.8 7.2 12.75
      vertex 31.87 7.2 15.525
      vertex 19.2 7.2 12.75
    endloop
  endfacet
  facet normal 0 -1 0
    outer loop
      vertex 31.87 7.2 15.525
      vertex 40.8 7.2 12.75
      vertex 34.93 7.2 15.525
    endloop
  endfacet
  facet normal 0 -1 0
    outer loop
      vertex 19.2 7.2 12.75
      vertex 21.33 7.2 15.525
      vertex 19.2 7.2 22.5
    endloop
  endfacet
  facet normal 0 -1 0
    outer loop
      vertex 28.13 7.2 20.475
      vertex 19.2 7.2 22.5
      vertex 25.07 7.2 20.475
    endloop
  endfacet
  facet normal 0 -1 0
    outer loop
      vertex 19.2 7.2 22.5
      vertex 28.13 7.2 20.475
      vertex 40.8 7.2 22.5
    endloop
  endfacet
  facet normal 0 -1 0
    outer loop
      vertex 31.87 7.2 20.475
      vertex 40.8 7.2 22.5
      vertex 28.13 7.2 20.475
    endloop
  endfacet
  facet normal 0 -1 0
    outer loop
      vertex 34.93 7.2 20.475
      vertex 40.8 7.2 22.5
      vertex 31.87 7.2 20.475
    endloop
  endfacet
  facet normal 0 -1 0
    outer loop
      vertex 38.67 7.2 20.475
      vertex 40.8 7.2 22.5
      vertex 34.93 7.2 20.475
    endloop
  endfacet
  facet normal 0 -1 0
    outer loop
      vertex 38.67 7.2 15.525
      vertex 40.8 7.2 22.5
      vertex 38.67 7.2 20.475
    endloop
  endfacet
  facet normal 0 -1 0
    outer loop
      vertex 38.67 7.2 15.525
      vertex 40.8 7.2 12.75
      vertex 40.8 7.2 22.5
    endloop
  endfacet
  facet normal 0 -1 0
    outer loop
      vertex 34.93 7.2 15.525
      vertex 40.8 7.2 12.75
      vertex 38.67 7.2 15.525
    endloop
  endfacet
  facet normal 0 0 1
    outer loop
      vertex 40.8 22.8 22.5
      vertex 40.575 22.575 22.5
      vertex 40.8 7.2 22.5
    endloop
  endfacet
  facet normal 0 0 1
    outer loop
      vertex 40.8 22.8 22.5
      vertex 19.425 22.575 22.5
      vertex 40.575 22.575 22.5
    endloop
  endfacet
  facet normal 0 0 1
    outer loop
      vertex 19.425 22.575 22.5
      vertex 19.2 22.8 22.5
      vertex 19.425 7.425 22.5
    endloop
  endfacet
  facet normal -0 0 1
    outer loop
      vertex 19.2 22.8 22.5
      vertex 19.425 22.575 22.5
      vertex 40.8 22.8 22.5
    endloop
  endfacet
  facet normal -0 0 1
    outer loop
      vertex 40.575 7.425 22.5
      vertex 40.8 7.2 22.5
      vertex 40.575 22.575 22.5
    endloop
  endfacet
  facet normal -0 0 1
    outer loop
      vertex 19.425 7.425 22.5
      vertex 40.8 7.2 22.5
      vertex 40.575 7.425 22.5
    endloop
  endfacet
  facet normal 0 0 1
    outer loop
      vertex 19.425 7.425 22.5
      vertex 19.2 7.2 22.5
      vertex 40.8 7.2 22.5
    endloop
  endfacet
  facet normal 0 0 1
    outer loop
      vertex 19.2 7.2 22.5
      vertex 19.425 7.425 22.5
      vertex 19.2 22.8 22.5
    endloop
  endfacet
  facet normal 1 -0 0
    outer loop
      vertex 40.575 7.425 22.95
      vertex 40.575 22.575 22.5
      vertex 40.575 22.575 22.95
    endloop
  endfacet
  facet normal 1 0 0
    outer loop
      vertex 40.575 22.575 22.5
      vertex 40.575 7.425 22.95
      vertex 40.575 7.425 22.5
    endloop
  endfacet
  facet normal 0 0 1
    outer loop
      vertex 40.575 22.575 22.95
      vertex 39.975 21.975 22.95
      vertex 40.575 7.425 22.95
    endloop
  endfacet
  facet normal 0 0 1
    outer loop
      vertex 40.575 22.575 22.95
      vertex 20.025 21.975 22.95
      vertex 39.975 21.975 22.95
    endloop
  endfacet
  facet normal 0 0 1
    outer loop
      vertex 20.025 21.975 22.95
      vertex 19.425 22.575 22.95
      vertex 20.025 8.025 22.95
    endloop
  endfacet
  facet normal -0 0 1
    outer loop
      vertex 19.425 22.575 22.95
      vertex 20.025 21.975 22.95
      vertex 40.575 22.575 22.95
    endloop
  endfacet
  facet normal -0 0 1
    outer loop
      vertex 39.975 8.025 22.95
      vertex 40.575 7.425 22.95
      vertex 39.975 21.975 22.95
    endloop
  endfacet
  facet normal -0 0 1
    outer loop
      vertex 20.025 8.025 22.95
      vertex 40.575 7.425 22.95
      vertex 39.975 8.025 22.95
    endloop
  endfacet
  facet normal 0 0 1
    outer loop
      vertex 20.025 8.025 22.95
      vertex 19.425 7.425 22.95
      vertex 40.575 7.425 22.95
    endloop
  endfacet
  facet normal 0 0 1
    outer loop
      vertex 19.425 7.425 22.95
      vertex 20.025 8.025 22.95
      vertex 19.425 22.575 22.95
    endloop
  endfacet
  facet normal -1 0 0
    outer loop
      vertex 19.425 7.425 22.5
      vertex 19.425 22.575 22.95
      vertex 19.425 22.575 22.5
    endloop
  endfacet
  facet normal -1 -0 0
    outer loop
      vertex 19.425 22.575 22.95
      vertex 19.425 7.425 22.5
      vertex 19.425 7.425 22.95
    endloop
  endfacet
  facet normal 0 1 -0
    outer loop
      vertex 40.575 22.575 22.5
      vertex 19.425 22.575 22.95
      vertex 40.575 22.575 22.95
    endloop
  endfacet
  facet normal 0 1 0
    outer loop
      vertex 19.425 22.575 22.95
      vertex 40.575 22.575 22.5
      vertex 19.425 22.575 22.5
    endloop
  endfacet
  facet normal 0 -1 0
    outer loop
      vertex 19.425 7.425 22.5
      vertex 40.575 7.425 22.95
      vertex 19.425 7.425 22.95
    endloop
  endfacet
  facet normal 0 -1 -0
    outer loop
      vertex 40.575 7.425 22.95
      vertex 19.425 7.425 22.5
      vertex 40.575 7.425 22.5
    endloop
  endfacet
  facet normal -1 0 0
    outer loop
      vertex 28.4475 20.4 7.635
      vertex 28.4475 20.76 11.265
      vertex 28.4475 20.76 7.635
    endloop
  endfacet
  facet normal -1 -0 0
    outer loop
      vertex 28.4475 20.76 11.265
      vertex 28.4475 20.4 7.635
      vertex 28.4475 20.4 11.265
    endloop
  endfacet
  facet normal -1 0 0
    outer loop
      vertex 28.4475 9.24 7.635
      vertex 28.4475 9.6 11.265
      vertex 28.4475 9.6 7.635
    endloop
  endfacet
  facet normal -1 -0 0
    outer loop
      vertex 28.4475 9.6 11.265
      vertex 28.4475 9.24 7.635
      vertex 28.4475 9.24 11.265
    endloop
  endfacet
  facet normal 0 0 -1
    outer loop
      vertex 24.6525 20.4 11.265
      vertex 28.4475 20.76 11.265
      vertex 28.4475 20.4 11.265
    endloop
  endfacet
  facet normal 0 0 -1
    outer loop
      vertex 24.6525 21 11.265
      vertex 28.4475 20.76 11.265
      vertex 24.6525 20.4 11.265
    endloop
  endfacet
  facet normal 0 0 -1
    outer loop
      vertex 28.4475 20.76 11.265
      vertex 24.6525 21 11.265
      vertex 28.4475 21 11.265
    endloop
  endfacet
  facet normal 0 0 -1
    outer loop
      vertex 24.6525 9 11.265
      vertex 28.4475 9.24 11.265
      vertex 28.4475 9 11.265
    endloop
  endfacet
  facet normal 0 0 -1
    outer loop
      vertex 24.6525 9.6 11.265
      vertex 28.4475 9.24 11.265
      vertex 24.6525 9 11.265
    endloop
  endfacet
  facet normal 0 0 -1
    outer loop
      vertex 28.4475 9.24 11.265
      vertex 24.6525 9.6 11.265
      vertex 28.4475 9.6 11.265
    endloop
  endfacet
  facet normal -0 0 1
    outer loop
      vertex 24.6525 20.76 7.635
      vertex 28.4475 20.4 7.635
      vertex 28.4475 20.76 7.635
    endloop
  endfacet
  facet normal 0 0 1
    outer loop
      vertex 28.4475 20.4 7.635
      vertex 24.6525 20.76 7.635
      vertex 24.6525 20.4 7.635
    endloop
  endfacet
  facet normal -0 0 1
    outer loop
      vertex 24.6525 9.6 7.635
      vertex 28.4475 9.24 7.635
      vertex 28.4475 9.6 7.635
    endloop
  endfacet
  facet normal 0 0 1
    outer loop
      vertex 28.4475 9.24 7.635
      vertex 24.6525 9.6 7.635
      vertex 24.6525 9.24 7.635
    endloop
  endfacet
  facet normal 1 0 0
    outer loop
      vertex 24.6525 21 11.265
      vertex 24.6525 20.76 7.635
      vertex 24.6525 21 7.635
    endloop
  endfacet
  facet normal 1 -0 0
    outer loop
      vertex 24.6525 20.4 11.265
      vertex 24.6525 20.76 7.635
      vertex 24.6525 21 11.265
    endloop
  endfacet
  facet normal 1 0 0
    outer loop
      vertex 24.6525 20.4 7.635
      vertex 24.6525 20.76 7.635
      vertex 24.6525 20.4 11.265
    endloop
  endfacet
  facet normal 1 0 0
    outer loop
      vertex 24.6525 9.6 11.265
      vertex 24.6525 9.24 7.635
      vertex 24.6525 9.6 7.635
    endloop
  endfacet
  facet normal 1 -0 0
    outer loop
      vertex 24.6525 9 11.265
      vertex 24.6525 9.24 7.635
      vertex 24.6525 9.6 11.265
    endloop
  endfacet
  facet normal 1 0 0
    outer loop
      vertex 24.6525 9.24 7.635
      vertex 24.6525 9 11.265
      vertex 24.6525 9 7.635
    endloop
  endfacet
  facet normal -1 0 0
    outer loop
      vertex 35.3475 20.76 7.635
      vertex 35.3475 21 11.265
      vertex 35.3475 21 7.635
    endloop
  endfacet
  facet normal -1 0 0
    outer loop
      vertex 35.3475 20.4 11.265
      vertex 35.3475 20.76 7.635
      vertex 35.3475 20.4 7.635
    endloop
  endfacet
  facet normal -1 0 0
    outer loop
      vertex 35.3475 20.76 7.635
      vertex 35.3475 20.4 11.265
      vertex 35.3475 21 11.265
    endloop
  endfacet
  facet normal -1 0 0
    outer loop
      vertex 35.3475 9.6 7.635
      vertex 35.3475 9.24 7.635
      vertex 35.3475 9.6 11.265
    endloop
  endfacet
  facet normal -1 0 0
    outer loop
      vertex 35.3475 9 11.265
      vertex 35.3475 9.24 7.635
      vertex 35.3475 9 7.635
    endloop
  endfacet
  facet normal -1 0 0
    outer loop
      vertex 35.3475 9.24 7.635
      vertex 35.3475 9 11.265
      vertex 35.3475 9.6 11.265
    endloop
  endfacet
  facet normal 0 0 -1
    outer loop
      vertex 31.5525 20.76 11.265
      vertex 35.3475 20.4 11.265
      vertex 31.5525 20.4 11.265
    endloop
  endfacet
  facet normal 0 0 -1
    outer loop
      vertex 35.3475 20.4 11.265
      vertex 31.5525 20.76 11.265
      vertex 35.3475 21 11.265
    endloop
  endfacet
  facet normal -0 0 -1
    outer loop
      vertex 35.3475 21 11.265
      vertex 31.5525 20.76 11.265
      vertex 31.5525 21 11.265
    endloop
  endfacet
  facet normal 0 0 -1
    outer loop
      vertex 31.5525 9.24 11.265
      vertex 35.3475 9 11.265
      vertex 31.5525 9 11.265
    endloop
  endfacet
  facet normal 0 0 -1
    outer loop
      vertex 35.3475 9 11.265
      vertex 31.5525 9.24 11.265
      vertex 35.3475 9.6 11.265
    endloop
  endfacet
  facet normal -0 0 -1
    outer loop
      vertex 35.3475 9.6 11.265
      vertex 31.5525 9.24 11.265
      vertex 31.5525 9.6 11.265
    endloop
  endfacet
  facet normal -0 0 1
    outer loop
      vertex 31.5525 20.76 7.635
      vertex 35.3475 20.4 7.635
      vertex 35.3475 20.76 7.635
    endloop
  endfacet
  facet normal 0 0 1
    outer loop
      vertex 35.3475 20.4 7.635
      vertex 31.5525 20.76 7.635
      vertex 31.5525 20.4 7.635
    endloop
  endfacet
  facet normal -0 0 1
    outer loop
      vertex 31.5525 9.6 7.635
      vertex 35.3475 9.24 7.635
      vertex 35.3475 9.6 7.635
    endloop
  endfacet
  facet normal 0 0 1
    outer loop
      vertex 35.3475 9.24 7.635
      vertex 31.5525 9.6 7.635
      vertex 31.5525 9.24 7.635
    endloop
  endfacet
  facet normal 1 -0 0
    outer loop
      vertex 31.5525 20.4 11.265
      vertex 31.5525 20.76 7.635
      vertex 31.5525 20.76 11.265
    endloop
  endfacet
  facet normal 1 0 0
    outer loop
      vertex 31.5525 20.76 7.635
      vertex 31.5525 20.4 11.265
      vertex 31.5525 20.4 7.635
    endloop
  endfacet
  facet normal 1 -0 0
    outer loop
      vertex 31.5525 9.24 11.265
      vertex 31.5525 9.6 7.635
      vertex 31.5525 9.6 11.265
    endloop
  endfacet
  facet normal 1 0 0
    outer loop
      vertex 31.5525 9.6 7.635
      vertex 31.5525 9.24 11.265
      vertex 31.5525 9.24 7.635
    endloop
  endfacet
  facet normal -1 0 0
    outer loop
      vertex 25.07 22.2 15.525
      vertex 25.07 22.56 20.475
      vertex 25.07 22.56 15.525
    endloop
  endfacet
  facet normal -1 -0 0
    outer loop
      vertex 25.07 22.56 20.475
      vertex 25.07 22.2 15.525
      vertex 25.07 22.2 20.475
    endloop
  endfacet
  facet normal -1 0 0
    outer loop
      vertex 25.07 7.44 15.525
      vertex 25.07 7.8 20.475
      vertex 25.07 7.8 15.525
    endloop
  endfacet
  facet normal -1 -0 0
    outer loop
      vertex 25.07 7.8 20.475
      vertex 25.07 7.44 15.525
      vertex 25.07 7.44 20.475
    endloop
  endfacet
  facet normal 0 0 -1
    outer loop
      vertex 21.33 22.56 20.475
      vertex 25.07 22.56 20.475
      vertex 25.07 22.2 20.475
    endloop
  endfacet
  facet normal 0 0 -1
    outer loop
      vertex 21.33 22.56 20.475
      vertex 25.07 22.2 20.475
      vertex 21.33 22.2 20.475
    endloop
  endfacet
  facet normal 0 0 -1
    outer loop
      vertex 25.07 22.56 20.475
      vertex 21.33 22.56 20.475
      vertex 25.07 22.8 20.475
    endloop
  endfacet
  facet normal -0 0 -1
    outer loop
      vertex 25.07 22.8 20.475
      vertex 21.33 22.56 20.475
      vertex 21.33 22.8 20.475
    endloop
  endfacet
  facet normal 0 0 -1
    outer loop
      vertex 25.07 7.2 20.475
      vertex 21.33 7.44 20.475
      vertex 25.07 7.44 20.475
    endloop
  endfacet
  facet normal 0 0 -1
    outer loop
      vertex 25.07 7.2 20.475
      vertex 21.33 7.2 20.475
      vertex 21.33 7.44 20.475
    endloop
  endfacet
  facet normal 0 0 -1
    outer loop
      vertex 25.07 7.44 20.475
      vertex 21.33 7.44 20.475
      vertex 25.07 7.8 20.475
    endloop
  endfacet
  facet normal -0 0 -1
    outer loop
      vertex 25.07 7.8 20.475
      vertex 21.33 7.44 20.475
      vertex 21.33 7.8 20.475
    endloop
  endfacet
  facet normal 0 0 1
    outer loop
      vertex 21.33 22.56 15.525
      vertex 25.07 22.56 15.525
      vertex 25.07 22.8 15.525
    endloop
  endfacet
  facet normal 0 0 1
    outer loop
      vertex 21.33 22.56 15.525
      vertex 25.07 22.8 15.525
      vertex 21.33 22.8 15.525
    endloop
  endfacet
  facet normal 0 0 1
    outer loop
      vertex 25.07 22.56 15.525
      vertex 21.33 22.56 15.525
      vertex 25.07 22.2 15.525
    endloop
  endfacet
  facet normal 0 0 1
    outer loop
      vertex 25.07 22.2 15.525
      vertex 21.33 22.56 15.525
      vertex 21.33 22.2 15.525
    endloop
  endfacet
  facet normal 0 0 1
    outer loop
      vertex 21.33 7.44 15.525
      vertex 25.07 7.44 15.525
      vertex 25.07 7.8 15.525
    endloop
  endfacet
  facet normal 0 0 1
    outer loop
      vertex 25.07 7.44 15.525
      vertex 21.33 7.44 15.525
      vertex 25.07 7.2 15.525
    endloop
  endfacet
  facet normal 0 0 1
    outer loop
      vertex 21.33 7.44 15.525
      vertex 25.07 7.8 15.525
      vertex 21.33 7.8 15.525
    endloop
  endfacet
  facet normal 0 0 1
    outer loop
      vertex 21.33 7.2 15.525
      vertex 25.07 7.2 15.525
      vertex 21.33 7.44 15.525
    endloop
  endfacet
  facet normal 1 -0 0
    outer loop
      vertex 21.33 22.2 20.475
      vertex 21.33 22.56 15.525
      vertex 21.33 22.56 20.475
    endloop
  endfacet
  facet normal 1 0 0
    outer loop
      vertex 21.33 22.56 15.525
      vertex 21.33 22.2 20.475
      vertex 21.33 22.2 15.525
    endloop
  endfacet
  facet normal 1 -0 0
    outer loop
      vertex 21.33 7.44 20.475
      vertex 21.33 7.8 15.525
      vertex 21.33 7.8 20.475
    endloop
  endfacet
  facet normal 1 0 0
    outer loop
      vertex 21.33 7.8 15.525
      vertex 21.33 7.44 20.475
      vertex 21.33 7.44 15.525
    endloop
  endfacet
  facet normal -1 0 0
    outer loop
      vertex 31.87 22.2 15.525
      vertex 31.87 22.8 20.475
      vertex 31.87 22.8 15.525
    endloop
  endfacet
  facet normal -1 -0 0
    outer loop
      vertex 31.87 22.8 20.475
      vertex 31.87 22.2 15.525
      vertex 31.87 22.2 20.475
    endloop
  endfacet
  facet normal -1 0 0
    outer loop
      vertex 31.87 7.2 15.525
      vertex 31.87 7.8 20.475
      vertex 31.87 7.8 15.525
    endloop
  endfacet
  facet normal -1 -0 0
    outer loop
      vertex 31.87 7.8 20.475
      vertex 31.87 7.2 15.525
      vertex 31.87 7.2 20.475
    endloop
  endfacet
  facet normal 0 0 -1
    outer loop
      vertex 28.13 22.2 20.475
      vertex 31.87 22.8 20.475
      vertex 31.87 22.2 20.475
    endloop
  endfacet
  facet normal -0 0 -1
    outer loop
      vertex 31.87 22.8 20.475
      vertex 28.13 22.2 20.475
      vertex 28.13 22.8 20.475
    endloop
  endfacet
  facet normal 0 0 -1
    outer loop
      vertex 28.13 7.2 20.475
      vertex 31.87 7.8 20.475
      vertex 31.87 7.2 20.475
    endloop
  endfacet
  facet normal -0 0 -1
    outer loop
      vertex 31.87 7.8 20.475
      vertex 28.13 7.2 20.475
      vertex 28.13 7.8 20.475
    endloop
  endfacet
  facet normal -0 0 1
    outer loop
      vertex 28.13 22.8 15.525
      vertex 31.87 22.2 15.525
      vertex 31.87 22.8 15.525
    endloop
  endfacet
  facet normal 0 0 1
    outer loop
      vertex 31.87 22.2 15.525
      vertex 28.13 22.8 15.525
      vertex 28.13 22.2 15.525
    endloop
  endfacet
  facet normal -0 0 1
    outer loop
      vertex 28.13 7.8 15.525
      vertex 31.87 7.2 15.525
      vertex 31.87 7.8 15.525
    endloop
  endfacet
  facet normal 0 0 1
    outer loop
      vertex 31.87 7.2 15.525
      vertex 28.13 7.8 15.525
      vertex 28.13 7.2 15.525
    endloop
  endfacet
  facet normal 1 -0 0
    outer loop
      vertex 28.13 22.2 20.475
      vertex 28.13 22.8 15.525
      vertex 28.13 22.8 20.475
    endloop
  endfacet
  facet normal 1 0 0
    outer loop
      vertex 28.13 22.8 15.525
      vertex 28.13 22.2 20.475
      vertex 28.13 22.2 15.525
    endloop
  endfacet
  facet normal 1 -0 0
    outer loop
      vertex 28.13 7.2 20.475
      vertex 28.13 7.8 15.525
      vertex 28.13 7.8 20.475
    endloop
  endfacet
  facet normal 1 0 0
    outer loop
      vertex 28.13 7.8 15.525
      vertex 28.13 7.2 20.475
      vertex 28.13 7.2 15.525
    endloop
  endfacet
  facet normal -1 0 0
    outer loop
      vertex 38.67 22.2 15.525
      vertex 38.67 22.56 20.475
      vertex 38.67 22.56 15.525
    endloop
  endfacet
  facet normal -1 -0 0
    outer loop
      vertex 38.67 22.56 20.475
      vertex 38.67 22.2 15.525
      vertex 38.67 22.2 20.475
    endloop
  endfacet
  facet normal -1 0 0
    outer loop
      vertex 38.67 7.44 15.525
      vertex 38.67 7.8 20.475
      vertex 38.67 7.8 15.525
    endloop
  endfacet
  facet normal -1 -0 0
    outer loop
      vertex 38.67 7.8 20.475
      vertex 38.67 7.44 15.525
      vertex 38.67 7.44 20.475
    endloop
  endfacet
  facet normal 0 0 -1
    outer loop
      vertex 34.93 22.56 20.475
      vertex 38.67 22.56 20.475
      vertex 38.67 22.2 20.475
    endloop
  endfacet
  facet normal 0 0 -1
    outer loop
      vertex 34.93 22.56 20.475
      vertex 38.67 22.2 20.475
      vertex 34.93 22.2 20.475
    endloop
  endfacet
  facet normal 0 0 -1
    outer loop
      vertex 38.67 22.56 20.475
      vertex 34.93 22.56 20.475
      vertex 38.67 22.8 20.475
    endloop
  endfacet
  facet normal -0 0 -1
    outer loop
      vertex 38.67 22.8 20.475
      vertex 34.93 22.56 20.475
      vertex 34.93 22.8 20.475
    endloop
  endfacet
  facet normal 0 0 -1
    outer loop
      vertex 38.67 7.2 20.475
      vertex 34.93 7.44 20.475
      vertex 38.67 7.44 20.475
    endloop
  endfacet
  facet normal 0 0 -1
    outer loop
      vertex 38.67 7.2 20.475
      vertex 34.93 7.2 20.475
      vertex 34.93 7.44 20.475
    endloop
  endfacet
  facet normal 0 0 -1
    outer loop
      vertex 38.67 7.44 20.475
      vertex 34.93 7.44 20.475
      vertex 38.67 7.8 20.475
    endloop
  endfacet
  facet normal -0 0 -1
    outer loop
      vertex 38.67 7.8 20.475
      vertex 34.93 7.44 20.475
      vertex 34.93 7.8 20.475
    endloop
  endfacet
  facet normal 0 0 1
    outer loop
      vertex 34.93 22.56 15.525
      vertex 38.67 22.56 15.525
      vertex 38.67 22.8 15.525
    endloop
  endfacet
  facet normal 0 0 1
    outer loop
      vertex 34.93 22.56 15.525
      vertex 38.67 22.8 15.525
      vertex 34.93 22.8 15.525
    endloop
  endfacet
  facet normal 0 0 1
    outer loop
      vertex 38.67 22.56 15.525
      vertex 34.93 22.56 15.525
      vertex 38.67 22.2 15.525
    endloop
  endfacet
  facet normal 0 0 1
    outer loop
      vertex 38.67 22.2 15.525
      vertex 34.93 22.56 15.525
      vertex 34.93 22.2 15.525
    endloop
  endfacet
  facet normal 0 0 1
    outer loop
      vertex 34.93 7.44 15.525
      vertex 38.67 7.44 15.525
      vertex 38.67 7.8 15.525
    endloop
  endfacet
  facet normal 0 0 1
    outer loop
      vertex 38.67 7.44 15.525
      vertex 34.93 7.44 15.525
      vertex 38.67 7.2 15.525
    endloop
  endfacet
  facet normal 0 0 1
    outer loop
      vertex 34.93 7.44 15.525
      vertex 38.67 7.8 15.525
      vertex 34.93 7.8 15.525
    endloop
  endfacet
  facet normal 0 0 1
    outer loop
      vertex 34.93 7.2 15.525
      vertex 38.67 7.2 15.525
      vertex 34.93 7.44 15.525
    endloop
  endfacet
  facet normal 1 -0 0
    outer loop
      vertex 34.93 22.2 20.475
      vertex 34.93 22.56 15.525
      vertex 34.93 22.56 20.475
    endloop
  endfacet
  facet normal 1 0 0
    outer loop
      vertex 34.93 22.56 15.525
      vertex 34.93 22.2 20.475
      vertex 34.93 22.2 15.525
    endloop
  endfacet
  facet normal 1 -0 0
    outer loop
      vertex 34.93 7.44 20.475
      vertex 34.93 7.8 15.525
      vertex 34.93 7.8 20.475
    endloop
  endfacet
  facet normal 1 0 0
    outer loop
      vertex 34.93 7.8 15.525
      vertex 34.93 7.44 20.475
      vertex 34.93 7.44 15.525
    endloop
  endfacet
  facet normal 0 0 -1
    outer loop
      vertex 19.8 9.42 20.475
      vertex 19.44 13.38 20.475
      vertex 19.8 13.38 20.475
    endloop
  endfacet
  facet normal 0 0 -1
    outer loop
      vertex 19.2 9.42 20.475
      vertex 19.44 13.38 20.475
      vertex 19.8 9.42 20.475
    endloop
  endfacet
  facet normal -0 0 -1
    outer loop
      vertex 19.44 13.38 20.475
      vertex 19.2 9.42 20.475
      vertex 19.2 13.38 20.475
    endloop
  endfacet
  facet normal 0 0 -1
    outer loop
      vertex 40.8 9.42 20.475
      vertex 40.56 13.38 20.475
      vertex 40.8 13.38 20.475
    endloop
  endfacet
  facet normal 0 0 -1
    outer loop
      vertex 40.2 9.42 20.475
      vertex 40.56 13.38 20.475
      vertex 40.8 9.42 20.475
    endloop
  endfacet
  facet normal -0 0 -1
    outer loop
      vertex 40.56 13.38 20.475
      vertex 40.2 9.42 20.475
      vertex 40.2 13.38 20.475
    endloop
  endfacet
  facet normal -0 0 1
    outer loop
      vertex 19.44 13.38 15.525
      vertex 19.8 9.42 15.525
      vertex 19.8 13.38 15.525
    endloop
  endfacet
  facet normal 0 0 1
    outer loop
      vertex 19.2 9.42 15.525
      vertex 19.44 13.38 15.525
      vertex 19.2 13.38 15.525
    endloop
  endfacet
  facet normal 0 0 1
    outer loop
      vertex 19.44 13.38 15.525
      vertex 19.2 9.42 15.525
      vertex 19.8 9.42 15.525
    endloop
  endfacet
  facet normal -0 0 1
    outer loop
      vertex 40.56 13.38 15.525
      vertex 40.8 9.42 15.525
      vertex 40.8 13.38 15.525
    endloop
  endfacet
  facet normal 0 0 1
    outer loop
      vertex 40.2 9.42 15.525
      vertex 40.56 13.38 15.525
      vertex 40.2 13.38 15.525
    endloop
  endfacet
  facet normal 0 0 1
    outer loop
      vertex 40.56 13.38 15.525
      vertex 40.2 9.42 15.525
      vertex 40.8 9.42 15.525
    endloop
  endfacet
  facet normal 0 -1 0
    outer loop
      vertex 19.44 13.38 15.525
      vertex 19.8 13.38 20.475
      vertex 19.44 13.38 20.475
    endloop
  endfacet
  facet normal 0 -1 -0
    outer loop
      vertex 19.8 13.38 20.475
      vertex 19.44 13.38 15.525
      vertex 19.8 13.38 15.525
    endloop
  endfacet
  facet normal 0 -1 0
    outer loop
      vertex 40.2 13.38 15.525
      vertex 40.56 13.38 20.475
      vertex 40.2 13.38 20.475
    endloop
  endfacet
  facet normal 0 -1 -0
    outer loop
      vertex 40.56 13.38 20.475
      vertex 40.2 13.38 15.525
      vertex 40.56 13.38 15.525
    endloop
  endfacet
  facet normal 0 1 -0
    outer loop
      vertex 19.8 9.42 15.525
      vertex 19.2 9.42 20.475
      vertex 19.8 9.42 20.475
    endloop
  endfacet
  facet normal 0 1 0
    outer loop
      vertex 19.2 9.42 20.475
      vertex 19.8 9.42 15.525
      vertex 19.2 9.42 15.525
    endloop
  endfacet
  facet normal 0 1 -0
    outer loop
      vertex 40.8 9.42 15.525
      vertex 40.2 9.42 20.475
      vertex 40.8 9.42 20.475
    endloop
  endfacet
  facet normal 0 1 0
    outer loop
      vertex 40.2 9.42 20.475
      vertex 40.8 9.42 15.525
      vertex 40.2 9.42 15.525
    endloop
  endfacet
  facet normal 0 0 -1
    outer loop
      vertex 19.8 16.62 20.475
      vertex 19.44 16.62 20.475
      vertex 19.8 20.58 20.475
    endloop
  endfacet
  facet normal 0 0 -1
    outer loop
      vertex 19.2 20.58 20.475
      vertex 19.44 16.62 20.475
      vertex 19.2 16.62 20.475
    endloop
  endfacet
  facet normal 0 0 -1
    outer loop
      vertex 19.44 16.62 20.475
      vertex 19.2 20.58 20.475
      vertex 19.8 20.58 20.475
    endloop
  endfacet
  facet normal 0 0 -1
    outer loop
      vertex 40.56 16.62 20.475
      vertex 40.8 20.58 20.475
      vertex 40.8 16.62 20.475
    endloop
  endfacet
  facet normal 0 0 -1
    outer loop
      vertex 40.2 20.58 20.475
      vertex 40.56 16.62 20.475
      vertex 40.2 16.62 20.475
    endloop
  endfacet
  facet normal 0 0 -1
    outer loop
      vertex 40.56 16.62 20.475
      vertex 40.2 20.58 20.475
      vertex 40.8 20.58 20.475
    endloop
  endfacet
  facet normal 0 0 1
    outer loop
      vertex 19.8 20.58 15.525
      vertex 19.44 16.62 15.525
      vertex 19.8 16.62 15.525
    endloop
  endfacet
  facet normal -0 0 1
    outer loop
      vertex 19.2 20.58 15.525
      vertex 19.44 16.62 15.525
      vertex 19.8 20.58 15.525
    endloop
  endfacet
  facet normal 0 0 1
    outer loop
      vertex 19.44 16.62 15.525
      vertex 19.2 20.58 15.525
      vertex 19.2 16.62 15.525
    endloop
  endfacet
  facet normal 0 0 1
    outer loop
      vertex 40.8 20.58 15.525
      vertex 40.56 16.62 15.525
      vertex 40.8 16.62 15.525
    endloop
  endfacet
  facet normal -0 0 1
    outer loop
      vertex 40.2 20.58 15.525
      vertex 40.56 16.62 15.525
      vertex 40.8 20.58 15.525
    endloop
  endfacet
  facet normal 0 0 1
    outer loop
      vertex 40.2 16.62 15.525
      vertex 40.56 16.62 15.525
      vertex 40.2 20.58 15.525
    endloop
  endfacet
  facet normal 0 -1 0
    outer loop
      vertex 19.2 20.58 15.525
      vertex 19.8 20.58 20.475
      vertex 19.2 20.58 20.475
    endloop
  endfacet
  facet normal 0 -1 -0
    outer loop
      vertex 19.8 20.58 20.475
      vertex 19.2 20.58 15.525
      vertex 19.8 20.58 15.525
    endloop
  endfacet
  facet normal 0 -1 0
    outer loop
      vertex 40.2 20.58 15.525
      vertex 40.8 20.58 20.475
      vertex 40.2 20.58 20.475
    endloop
  endfacet
  facet normal 0 -1 -0
    outer loop
      vertex 40.8 20.58 20.475
      vertex 40.2 20.58 15.525
      vertex 40.8 20.58 15.525
    endloop
  endfacet
  facet normal 0 1 -0
    outer loop
      vertex 19.8 16.62 15.525
      vertex 19.44 16.62 20.475
      vertex 19.8 16.62 20.475
    endloop
  endfacet
  facet normal 0 1 0
    outer loop
      vertex 19.44 16.62 20.475
      vertex 19.8 16.62 15.525
      vertex 19.44 16.62 15.525
    endloop
  endfacet
  facet normal 0 1 -0
    outer loop
      vertex 40.56 16.62 15.525
      vertex 40.2 16.62 20.475
      vertex 40.56 16.62 20.475
    endloop
  endfacet
  facet normal 0 1 0
    outer loop
      vertex 40.2 16.62 20.475
      vertex 40.56 16.62 15.525
      vertex 40.2 16.62 15.525
    endloop
  endfacet
  facet normal -1 0 0
    outer loop
      vertex 34.2 16.815 4.32
      vertex 34.2 18.3 0.6
      vertex 34.2 16.815 1.68
    endloop
  endfacet
  facet normal -1 0 0
    outer loop
      vertex 34.2 18.3 0.6
      vertex 34.2 13.185 1.68
      vertex 34.2 16.815 1.68
    endloop
  endfacet
  facet normal -1 -0 0
    outer loop
      vertex 34.2 13.185 1.68
      vertex 34.2 11.7 0.6
      vertex 34.2 13.185 4.32
    endloop
  endfacet
  facet normal -1 0 0
    outer loop
      vertex 34.2 11.7 0.6
      vertex 34.2 13.185 1.68
      vertex 34.2 18.3 0.6
    endloop
  endfacet
  facet normal -1 0 0
    outer loop
      vertex 34.2 18.3 0.6
      vertex 34.2 16.815 4.32
      vertex 34.2 18.3 6.15
    endloop
  endfacet
  facet normal -1 0 0
    outer loop
      vertex 34.2 13.185 4.32
      vertex 34.2 18.3 6.15
      vertex 34.2 16.815 4.32
    endloop
  endfacet
  facet normal -1 0 0
    outer loop
      vertex 34.2 13.185 4.32
      vertex 34.2 11.7 6.15
      vertex 34.2 18.3 6.15
    endloop
  endfacet
  facet normal -1 0 0
    outer loop
      vertex 34.2 11.7 6.15
      vertex 34.2 13.185 4.32
      vertex 34.2 11.7 0.6
    endloop
  endfacet
  facet normal 0 0 1
    outer loop
      vertex 36.9 20.4 6.15
      vertex 34.2 18.3 6.15
      vertex 36.9 9.6 6.15
    endloop
  endfacet
  facet normal 0 0 1
    outer loop
      vertex 36.9 20.4 6.15
      vertex 25.8 18.3 6.15
      vertex 34.2 18.3 6.15
    endloop
  endfacet
  facet normal 0 0 1
    outer loop
      vertex 25.8 18.3 6.15
      vertex 23.1 20.4 6.15
      vertex 25.8 11.7 6.15
    endloop
  endfacet
  facet normal -0 0 1
    outer loop
      vertex 23.1 20.4 6.15
      vertex 25.8 18.3 6.15
      vertex 36.9 20.4 6.15
    endloop
  endfacet
  facet normal -0 0 1
    outer loop
      vertex 34.2 11.7 6.15
      vertex 36.9 9.6 6.15
      vertex 34.2 18.3 6.15
    endloop
  endfacet
  facet normal -0 0 1
    outer loop
      vertex 25.8 11.7 6.15
      vertex 36.9 9.6 6.15
      vertex 34.2 11.7 6.15
    endloop
  endfacet
  facet normal 0 0 1
    outer loop
      vertex 25.8 11.7 6.15
      vertex 23.1 9.6 6.15
      vertex 36.9 9.6 6.15
    endloop
  endfacet
  facet normal 0 0 1
    outer loop
      vertex 23.1 9.6 6.15
      vertex 25.8 11.7 6.15
      vertex 23.1 20.4 6.15
    endloop
  endfacet
  facet normal -0 0 1
    outer loop
      vertex 25.8 18.3 0.6
      vertex 34.2 11.7 0.6
      vertex 34.2 18.3 0.6
    endloop
  endfacet
  facet normal 0 0 1
    outer loop
      vertex 34.2 11.7 0.6
      vertex 25.8 18.3 0.6
      vertex 25.8 11.7 0.6
    endloop
  endfacet
  facet normal 1 0 0
    outer loop
      vertex 25.8 18.3 6.15
      vertex 25.8 16.815 4.32
      vertex 25.8 18.3 0.6
    endloop
  endfacet
  facet normal 1 0 0
    outer loop
      vertex 25.8 18.3 6.15
      vertex 25.8 13.185 4.32
      vertex 25.8 16.815 4.32
    endloop
  endfacet
  facet normal 1 0 0
    outer loop
      vertex 25.8 11.7 0.6
      vertex 25.8 13.185 4.32
      vertex 25.8 11.7 6.15
    endloop
  endfacet
  facet normal 1 -0 0
    outer loop
      vertex 25.8 11.7 6.15
      vertex 25.8 13.185 4.32
      vertex 25.8 18.3 6.15
    endloop
  endfacet
  facet normal 1 -0 0
    outer loop
      vertex 25.8 16.815 1.68
      vertex 25.8 18.3 0.6
      vertex 25.8 16.815 4.32
    endloop
  endfacet
  facet normal 1 -0 0
    outer loop
      vertex 25.8 13.185 1.68
      vertex 25.8 18.3 0.6
      vertex 25.8 16.815 1.68
    endloop
  endfacet
  facet normal 1 0 0
    outer loop
      vertex 25.8 13.185 1.68
      vertex 25.8 11.7 0.6
      vertex 25.8 18.3 0.6
    endloop
  endfacet
  facet normal 1 0 0
    outer loop
      vertex 25.8 13.185 4.32
      vertex 25.8 11.7 0.6
      vertex 25.8 13.185 1.68
    endloop
  endfacet
  facet normal 0 -1 0
    outer loop
      vertex 25.8 18.3 6.15
      vertex 27.69 18.3 4.32
      vertex 34.2 18.3 6.15
    endloop
  endfacet
  facet normal 0 -1 0
    outer loop
      vertex 25.8 18.3 0.6
      vertex 27.69 18.3 4.32
      vertex 25.8 18.3 6.15
    endloop
  endfacet
  facet normal 0 -1 -0
    outer loop
      vertex 27.69 18.3 1.68
      vertex 25.8 18.3 0.6
      vertex 32.31 18.3 1.68
    endloop
  endfacet
  facet normal 0 -1 -0
    outer loop
      vertex 27.69 18.3 4.32
      vertex 25.8 18.3 0.6
      vertex 27.69 18.3 1.68
    endloop
  endfacet
  facet normal 0 -1 0
    outer loop
      vertex 32.31 18.3 4.32
      vertex 34.2 18.3 6.15
      vertex 27.69 18.3 4.32
    endloop
  endfacet
  facet normal 0 -1 0
    outer loop
      vertex 34.2 18.3 0.6
      vertex 32.31 18.3 4.32
      vertex 32.31 18.3 1.68
    endloop
  endfacet
  facet normal 0 -1 0
    outer loop
      vertex 32.31 18.3 4.32
      vertex 34.2 18.3 0.6
      vertex 34.2 18.3 6.15
    endloop
  endfacet
  facet normal 0 -1 0
    outer loop
      vertex 34.2 18.3 0.6
      vertex 32.31 18.3 1.68
      vertex 25.8 18.3 0.6
    endloop
  endfacet
  facet normal 0 1 0
    outer loop
      vertex 34.2 11.7 6.15
      vertex 32.31 11.7 4.32
      vertex 25.8 11.7 6.15
    endloop
  endfacet
  facet normal 0 1 -0
    outer loop
      vertex 34.2 11.7 0.6
      vertex 32.31 11.7 4.32
      vertex 34.2 11.7 6.15
    endloop
  endfacet
  facet normal 0 1 0
    outer loop
      vertex 32.31 11.7 1.68
      vertex 34.2 11.7 0.6
      vertex 27.69 11.7 1.68
    endloop
  endfacet
  facet normal 0 1 0
    outer loop
      vertex 32.31 11.7 4.32
      vertex 34.2 11.7 0.6
      vertex 32.31 11.7 1.68
    endloop
  endfacet
  facet normal 0 1 -0
    outer loop
      vertex 27.69 11.7 4.32
      vertex 25.8 11.7 6.15
      vertex 32.31 11.7 4.32
    endloop
  endfacet
  facet normal 0 1 0
    outer loop
      vertex 25.8 11.7 0.6
      vertex 27.69 11.7 4.32
      vertex 27.69 11.7 1.68
    endloop
  endfacet
  facet normal 0 1 0
    outer loop
      vertex 27.69 11.7 4.32
      vertex 25.8 11.7 0.6
      vertex 25.8 11.7 6.15
    endloop
  endfacet
  facet normal 0 1 0
    outer loop
      vertex 25.8 11.7 0.6
      vertex 27.69 11.7 1.68
      vertex 34.2 11.7 0.6
    endloop
  endfacet
  facet normal -1 0 0
    outer loop
      vertex 36.9 17.97 11.265
      vertex 36.9 20.4 6.15
      vertex 36.9 17.97 7.635
    endloop
  endfacet
  facet normal -1 0 0
    outer loop
      vertex 36.9 20.4 6.15
      vertex 36.9 12.03 7.635
      vertex 36.9 17.97 7.635
    endloop
  endfacet
  facet normal -1 -0 0
    outer loop
      vertex 36.9 12.03 7.635
      vertex 36.9 9.6 6.15
      vertex 36.9 12.03 11.265
    endloop
  endfacet
  facet normal -1 0 0
    outer loop
      vertex 36.9 9.6 6.15
      vertex 36.9 12.03 7.635
      vertex 36.9 20.4 6.15
    endloop
  endfacet
  facet normal -1 0 0
    outer loop
      vertex 36.9 20.4 6.15
      vertex 36.9 17.97 11.265
      vertex 36.9 20.4 13.5
    endloop
  endfacet
  facet normal -1 0 0
    outer loop
      vertex 36.9 12.03 11.265
      vertex 36.9 20.4 13.5
      vertex 36.9 17.97 11.265
    endloop
  endfacet
  facet normal -1 0 0
    outer loop
      vertex 36.9 12.03 11.265
      vertex 36.9 9.6 13.5
      vertex 36.9 20.4 13.5
    endloop
  endfacet
  facet normal -1 0 0
    outer loop
      vertex 36.9 9.6 13.5
      vertex 36.9 12.03 11.265
      vertex 36.9 9.6 6.15
    endloop
  endfacet
  facet normal 0 0 1
    outer loop
      vertex 40.2 22.2 13.5
      vertex 36.9 20.4 13.5
      vertex 40.2 7.8 13.5
    endloop
  endfacet
  facet normal 0 0 1
    outer loop
      vertex 40.2 22.2 13.5
      vertex 23.1 20.4 13.5
      vertex 36.9 20.4 13.5
    endloop
  endfacet
  facet normal 0 0 1
    outer loop
      vertex 23.1 20.4 13.5
      vertex 19.8 22.2 13.5
      vertex 23.1 9.6 13.5
    endloop
  endfacet
  facet normal -0 0 1
    outer loop
      vertex 19.8 22.2 13.5
      vertex 23.1 20.4 13.5
      vertex 40.2 22.2 13.5
    endloop
  endfacet
  facet normal -0 0 1
    outer loop
      vertex 36.9 9.6 13.5
      vertex 40.2 7.8 13.5
      vertex 36.9 20.4 13.5
    endloop
  endfacet
  facet normal -0 0 1
    outer loop
      vertex 23.1 9.6 13.5
      vertex 40.2 7.8 13.5
      vertex 36.9 9.6 13.5
    endloop
  endfacet
  facet normal 0 0 1
    outer loop
      vertex 23.1 9.6 13.5
      vertex 19.8 7.8 13.5
      vertex 40.2 7.8 13.5
    endloop
  endfacet
  facet normal 0 0 1
    outer loop
      vertex 19.8 7.8 13.5
      vertex 23.1 9.6 13.5
      vertex 19.8 22.2 13.5
    endloop
  endfacet
  facet normal 1 0 0
    outer loop
      vertex 23.1 20.4 13.5
      vertex 23.1 17.97 11.265
      vertex 23.1 20.4 6.15
    endloop
  endfacet
  facet normal 1 0 0
    outer loop
      vertex 23.1 20.4 13.5
      vertex 23.1 12.03 11.265
      vertex 23.1 17.97 11.265
    endloop
  endfacet
  facet normal 1 0 0
    outer loop
      vertex 23.1 9.6 6.15
      vertex 23.1 12.03 11.265
      vertex 23.1 9.6 13.5
    endloop
  endfacet
  facet normal 1 -0 0
    outer loop
      vertex 23.1 9.6 13.5
      vertex 23.1 12.03 11.265
      vertex 23.1 20.4 13.5
    endloop
  endfacet
  facet normal 1 -0 0
    outer loop
      vertex 23.1 17.97 7.635
      vertex 23.1 20.4 6.15
      vertex 23.1 17.97 11.265
    endloop
  endfacet
  facet normal 1 -0 0
    outer loop
      vertex 23.1 12.03 7.635
      vertex 23.1 20.4 6.15
      vertex 23.1 17.97 7.635
    endloop
  endfacet
  facet normal 1 0 0
    outer loop
      vertex 23.1 12.03 7.635
      vertex 23.1 9.6 6.15
      vertex 23.1 20.4 6.15
    endloop
  endfacet
  facet normal 1 0 0
    outer loop
      vertex 23.1 12.03 11.265
      vertex 23.1 9.6 6.15
      vertex 23.1 12.03 7.635
    endloop
  endfacet
  facet normal 0 -1 0
    outer loop
      vertex 28.4475 20.4 7.635
      vertex 31.5525 20.4 11.265
      vertex 28.4475 20.4 11.265
    endloop
  endfacet
  facet normal 0 -1 -0
    outer loop
      vertex 31.5525 20.4 11.265
      vertex 28.4475 20.4 7.635
      vertex 31.5525 20.4 7.635
    endloop
  endfacet
  facet normal 0 -1 0
    outer loop
      vertex 28.4475 20.4 11.265
      vertex 23.1 20.4 13.5
      vertex 24.6525 20.4 11.265
    endloop
  endfacet
  facet normal 0 -1 0
    outer loop
      vertex 23.1 20.4 6.15
      vertex 24.6525 20.4 11.265
      vertex 23.1 20.4 13.5
    endloop
  endfacet
  facet normal 0 -1 0
    outer loop
      vertex 23.1 20.4 6.15
      vertex 28.4475 20.4 7.635
      vertex 24.6525 20.4 7.635
    endloop
  endfacet
  facet normal 0 -1 -0
    outer loop
      vertex 28.4475 20.4 7.635
      vertex 23.1 20.4 6.15
      vertex 31.5525 20.4 7.635
    endloop
  endfacet
  facet normal 0 -1 0
    outer loop
      vertex 36.9 20.4 6.15
      vertex 31.5525 20.4 7.635
      vertex 23.1 20.4 6.15
    endloop
  endfacet
  facet normal 0 -1 -0
    outer loop
      vertex 24.6525 20.4 11.265
      vertex 23.1 20.4 6.15
      vertex 24.6525 20.4 7.635
    endloop
  endfacet
  facet normal 0 -1 0
    outer loop
      vertex 23.1 20.4 13.5
      vertex 28.4475 20.4 11.265
      vertex 36.9 20.4 13.5
    endloop
  endfacet
  facet normal 0 -1 0
    outer loop
      vertex 31.5525 20.4 11.265
      vertex 36.9 20.4 13.5
      vertex 28.4475 20.4 11.265
    endloop
  endfacet
  facet normal 0 -1 0
    outer loop
      vertex 35.3475 20.4 11.265
      vertex 36.9 20.4 13.5
      vertex 31.5525 20.4 11.265
    endloop
  endfacet
  facet normal 0 -1 0
    outer loop
      vertex 36.9 20.4 6.15
      vertex 35.3475 20.4 11.265
      vertex 35.3475 20.4 7.635
    endloop
  endfacet
  facet normal 0 -1 0
    outer loop
      vertex 35.3475 20.4 11.265
      vertex 36.9 20.4 6.15
      vertex 36.9 20.4 13.5
    endloop
  endfacet
  facet normal 0 -1 0
    outer loop
      vertex 31.5525 20.4 7.635
      vertex 36.9 20.4 6.15
      vertex 35.3475 20.4 7.635
    endloop
  endfacet
  facet normal 0 1 -0
    outer loop
      vertex 31.5525 9.6 7.635
      vertex 28.4475 9.6 11.265
      vertex 31.5525 9.6 11.265
    endloop
  endfacet
  facet normal 0 1 0
    outer loop
      vertex 28.4475 9.6 11.265
      vertex 31.5525 9.6 7.635
      vertex 28.4475 9.6 7.635
    endloop
  endfacet
  facet normal 0 1 0
    outer loop
      vertex 31.5525 9.6 11.265
      vertex 36.9 9.6 13.5
      vertex 35.3475 9.6 11.265
    endloop
  endfacet
  facet normal 0 1 -0
    outer loop
      vertex 36.9 9.6 6.15
      vertex 35.3475 9.6 11.265
      vertex 36.9 9.6 13.5
    endloop
  endfacet
  facet normal 0 1 0
    outer loop
      vertex 36.9 9.6 6.15
      vertex 31.5525 9.6 7.635
      vertex 35.3475 9.6 7.635
    endloop
  endfacet
  facet normal 0 1 0
    outer loop
      vertex 31.5525 9.6 7.635
      vertex 36.9 9.6 6.15
      vertex 28.4475 9.6 7.635
    endloop
  endfacet
  facet normal 0 1 0
    outer loop
      vertex 23.1 9.6 6.15
      vertex 28.4475 9.6 7.635
      vertex 36.9 9.6 6.15
    endloop
  endfacet
  facet normal 0 1 0
    outer loop
      vertex 35.3475 9.6 11.265
      vertex 36.9 9.6 6.15
      vertex 35.3475 9.6 7.635
    endloop
  endfacet
  facet normal 0 1 0
    outer loop
      vertex 36.9 9.6 13.5
      vertex 31.5525 9.6 11.265
      vertex 23.1 9.6 13.5
    endloop
  endfacet
  facet normal 0 1 -0
    outer loop
      vertex 28.4475 9.6 11.265
      vertex 23.1 9.6 13.5
      vertex 31.5525 9.6 11.265
    endloop
  endfacet
  facet normal 0 1 -0
    outer loop
      vertex 24.6525 9.6 11.265
      vertex 23.1 9.6 13.5
      vertex 28.4475 9.6 11.265
    endloop
  endfacet
  facet normal 0 1 0
    outer loop
      vertex 23.1 9.6 6.15
      vertex 24.6525 9.6 11.265
      vertex 24.6525 9.6 7.635
    endloop
  endfacet
  facet normal 0 1 0
    outer loop
      vertex 24.6525 9.6 11.265
      vertex 23.1 9.6 6.15
      vertex 23.1 9.6 13.5
    endloop
  endfacet
  facet normal 0 1 0
    outer loop
      vertex 28.4475 9.6 7.635
      vertex 23.1 9.6 6.15
      vertex 24.6525 9.6 7.635
    endloop
  endfacet
  facet normal -1 0 0
    outer loop
      vertex 40.2 20.58 20.475
      vertex 40.2 22.2 13.5
      vertex 40.2 20.58 15.525
    endloop
  endfacet
  facet normal -1 0 0
    outer loop
      vertex 40.2 22.2 13.5
      vertex 40.2 16.62 15.525
      vertex 40.2 20.58 15.525
    endloop
  endfacet
  facet normal -1 0 0
    outer loop
      vertex 40.2 16.62 15.525
      vertex 40.2 13.38 15.525
      vertex 40.2 16.62 20.475
    endloop
  endfacet
  facet normal -1 0 0
    outer loop
      vertex 40.2 22.2 13.5
      vertex 40.2 13.38 15.525
      vertex 40.2 16.62 15.525
    endloop
  endfacet
  facet normal -1 0 0
    outer loop
      vertex 40.2 7.8 13.5
      vertex 40.2 13.38 15.525
      vertex 40.2 22.2 13.5
    endloop
  endfacet
  facet normal -1 -0 0
    outer loop
      vertex 40.2 9.42 15.525
      vertex 40.2 7.8 13.5
      vertex 40.2 9.42 20.475
    endloop
  endfacet
  facet normal -1 -0 0
    outer loop
      vertex 40.2 13.38 15.525
      vertex 40.2 7.8 13.5
      vertex 40.2 9.42 15.525
    endloop
  endfacet
  facet normal -1 0 0
    outer loop
      vertex 40.2 22.2 13.5
      vertex 40.2 20.58 20.475
      vertex 40.2 22.2 22.8
    endloop
  endfacet
  facet normal -1 0 0
    outer loop
      vertex 40.2 16.62 20.475
      vertex 40.2 22.2 22.8
      vertex 40.2 20.58 20.475
    endloop
  endfacet
  facet normal -1 0 0
    outer loop
      vertex 40.2 13.38 20.475
      vertex 40.2 16.62 20.475
      vertex 40.2 13.38 15.525
    endloop
  endfacet
  facet normal -1 0 0
    outer loop
      vertex 40.2 13.38 20.475
      vertex 40.2 22.2 22.8
      vertex 40.2 16.62 20.475
    endloop
  endfacet
  facet normal -1 0 0
    outer loop
      vertex 40.2 7.8 22.8
      vertex 40.2 13.38 20.475
      vertex 40.2 9.42 20.475
    endloop
  endfacet
  facet normal -1 0 0
    outer loop
      vertex 40.2 13.38 20.475
      vertex 40.2 7.8 22.8
      vertex 40.2 22.2 22.8
    endloop
  endfacet
  facet normal -1 0 0
    outer loop
      vertex 40.2 7.8 22.8
      vertex 40.2 9.42 20.475
      vertex 40.2 7.8 13.5
    endloop
  endfacet
  facet normal 0 0 -1
    outer loop
      vertex 40.2 7.8 22.8
      vertex 39.975 8.025 22.8
      vertex 40.2 22.2 22.8
    endloop
  endfacet
  facet normal 0 0 -1
    outer loop
      vertex 40.2 7.8 22.8
      vertex 20.025 8.025 22.8
      vertex 39.975 8.025 22.8
    endloop
  endfacet
  facet normal -0 0 -1
    outer loop
      vertex 20.025 8.025 22.8
      vertex 19.8 7.8 22.8
      vertex 20.025 21.975 22.8
    endloop
  endfacet
  facet normal 0 0 -1
    outer loop
      vertex 19.8 7.8 22.8
      vertex 20.025 8.025 22.8
      vertex 40.2 7.8 22.8
    endloop
  endfacet
  facet normal 0 0 -1
    outer loop
      vertex 39.975 21.975 22.8
      vertex 40.2 22.2 22.8
      vertex 39.975 8.025 22.8
    endloop
  endfacet
  facet normal 0 0 -1
    outer loop
      vertex 20.025 21.975 22.8
      vertex 40.2 22.2 22.8
      vertex 39.975 21.975 22.8
    endloop
  endfacet
  facet normal 0 0 -1
    outer loop
      vertex 20.025 21.975 22.8
      vertex 19.8 22.2 22.8
      vertex 40.2 22.2 22.8
    endloop
  endfacet
  facet normal 0 0 -1
    outer loop
      vertex 19.8 22.2 22.8
      vertex 20.025 21.975 22.8
      vertex 19.8 7.8 22.8
    endloop
  endfacet
  facet normal 1 0 0
    outer loop
      vertex 19.8 22.2 22.8
      vertex 19.8 20.58 20.475
      vertex 19.8 22.2 13.5
    endloop
  endfacet
  facet normal 1 0 0
    outer loop
      vertex 19.8 22.2 22.8
      vertex 19.8 16.62 20.475
      vertex 19.8 20.58 20.475
    endloop
  endfacet
  facet normal 1 0 0
    outer loop
      vertex 19.8 16.62 20.475
      vertex 19.8 13.38 20.475
      vertex 19.8 16.62 15.525
    endloop
  endfacet
  facet normal 1 0 0
    outer loop
      vertex 19.8 22.2 22.8
      vertex 19.8 13.38 20.475
      vertex 19.8 16.62 20.475
    endloop
  endfacet
  facet normal 1 -0 0
    outer loop
      vertex 19.8 7.8 22.8
      vertex 19.8 13.38 20.475
      vertex 19.8 22.2 22.8
    endloop
  endfacet
  facet normal 1 0 0
    outer loop
      vertex 19.8 7.8 13.5
      vertex 19.8 9.42 20.475
      vertex 19.8 7.8 22.8
    endloop
  endfacet
  facet normal 1 0 0
    outer loop
      vertex 19.8 13.38 20.475
      vertex 19.8 7.8 22.8
      vertex 19.8 9.42 20.475
    endloop
  endfacet
  facet normal 1 -0 0
    outer loop
      vertex 19.8 20.58 15.525
      vertex 19.8 22.2 13.5
      vertex 19.8 20.58 20.475
    endloop
  endfacet
  facet normal 1 -0 0
    outer loop
      vertex 19.8 16.62 15.525
      vertex 19.8 22.2 13.5
      vertex 19.8 20.58 15.525
    endloop
  endfacet
  facet normal 1 0 0
    outer loop
      vertex 19.8 13.38 15.525
      vertex 19.8 16.62 15.525
      vertex 19.8 13.38 20.475
    endloop
  endfacet
  facet normal 1 -0 0
    outer loop
      vertex 19.8 13.38 15.525
      vertex 19.8 22.2 13.5
      vertex 19.8 16.62 15.525
    endloop
  endfacet
  facet normal 1 0 0
    outer loop
      vertex 19.8 7.8 13.5
      vertex 19.8 13.38 15.525
      vertex 19.8 9.42 15.525
    endloop
  endfacet
  facet normal 1 0 0
    outer loop
      vertex 19.8 13.38 15.525
      vertex 19.8 7.8 13.5
      vertex 19.8 22.2 13.5
    endloop
  endfacet
  facet normal 1 0 0
    outer loop
      vertex 19.8 9.42 20.475
      vertex 19.8 7.8 13.5
      vertex 19.8 9.42 15.525
    endloop
  endfacet
  facet normal 0 -1 0
    outer loop
      vertex 31.87 22.2 15.525
      vertex 34.93 22.2 20.475
      vertex 31.87 22.2 20.475
    endloop
  endfacet
  facet normal 0 -1 -0
    outer loop
      vertex 34.93 22.2 20.475
      vertex 31.87 22.2 15.525
      vertex 34.93 22.2 15.525
    endloop
  endfacet
  facet normal 0 -1 0
    outer loop
      vertex 25.07 22.2 15.525
      vertex 28.13 22.2 20.475
      vertex 25.07 22.2 20.475
    endloop
  endfacet
  facet normal 0 -1 -0
    outer loop
      vertex 28.13 22.2 20.475
      vertex 25.07 22.2 15.525
      vertex 28.13 22.2 15.525
    endloop
  endfacet
  facet normal 0 -1 0
    outer loop
      vertex 25.07 22.2 20.475
      vertex 19.8 22.2 22.8
      vertex 21.33 22.2 20.475
    endloop
  endfacet
  facet normal 0 -1 0
    outer loop
      vertex 19.8 22.2 13.5
      vertex 21.33 22.2 20.475
      vertex 19.8 22.2 22.8
    endloop
  endfacet
  facet normal 0 -1 0
    outer loop
      vertex 19.8 22.2 13.5
      vertex 25.07 22.2 15.525
      vertex 21.33 22.2 15.525
    endloop
  endfacet
  facet normal 0 -1 -0
    outer loop
      vertex 25.07 22.2 15.525
      vertex 19.8 22.2 13.5
      vertex 28.13 22.2 15.525
    endloop
  endfacet
  facet normal 0 -1 -0
    outer loop
      vertex 28.13 22.2 15.525
      vertex 19.8 22.2 13.5
      vertex 31.87 22.2 15.525
    endloop
  endfacet
  facet normal 0 -1 0
    outer loop
      vertex 40.2 22.2 13.5
      vertex 31.87 22.2 15.525
      vertex 19.8 22.2 13.5
    endloop
  endfacet
  facet normal 0 -1 0
    outer loop
      vertex 31.87 22.2 15.525
      vertex 40.2 22.2 13.5
      vertex 34.93 22.2 15.525
    endloop
  endfacet
  facet normal 0 -1 -0
    outer loop
      vertex 21.33 22.2 20.475
      vertex 19.8 22.2 13.5
      vertex 21.33 22.2 15.525
    endloop
  endfacet
  facet normal 0 -1 0
    outer loop
      vertex 28.13 22.2 20.475
      vertex 19.8 22.2 22.8
      vertex 25.07 22.2 20.475
    endloop
  endfacet
  facet normal 0 -1 0
    outer loop
      vertex 19.8 22.2 22.8
      vertex 28.13 22.2 20.475
      vertex 40.2 22.2 22.8
    endloop
  endfacet
  facet normal 0 -1 0
    outer loop
      vertex 31.87 22.2 20.475
      vertex 40.2 22.2 22.8
      vertex 28.13 22.2 20.475
    endloop
  endfacet
  facet normal 0 -1 0
    outer loop
      vertex 34.93 22.2 20.475
      vertex 40.2 22.2 22.8
      vertex 31.87 22.2 20.475
    endloop
  endfacet
  facet normal 0 -1 0
    outer loop
      vertex 38.67 22.2 20.475
      vertex 40.2 22.2 22.8
      vertex 34.93 22.2 20.475
    endloop
  endfacet
  facet normal 0 -1 0
    outer loop
      vertex 40.2 22.2 13.5
      vertex 38.67 22.2 20.475
      vertex 38.67 22.2 15.525
    endloop
  endfacet
  facet normal 0 -1 0
    outer loop
      vertex 38.67 22.2 20.475
      vertex 40.2 22.2 13.5
      vertex 40.2 22.2 22.8
    endloop
  endfacet
  facet normal 0 -1 0
    outer loop
      vertex 34.93 22.2 15.525
      vertex 40.2 22.2 13.5
      vertex 38.67 22.2 15.525
    endloop
  endfacet
  facet normal 0 1 -0
    outer loop
      vertex 28.13 7.8 15.525
      vertex 25.07 7.8 20.475
      vertex 28.13 7.8 20.475
    endloop
  endfacet
  facet normal 0 1 0
    outer loop
      vertex 25.07 7.8 20.475
      vertex 28.13 7.8 15.525
      vertex 25.07 7.8 15.525
    endloop
  endfacet
  facet normal 0 1 -0
    outer loop
      vertex 34.93 7.8 15.525
      vertex 31.87 7.8 20.475
      vertex 34.93 7.8 20.475
    endloop
  endfacet
  facet normal 0 1 0
    outer loop
      vertex 31.87 7.8 20.475
      vertex 34.93 7.8 15.525
      vertex 31.87 7.8 15.525
    endloop
  endfacet
  facet normal 0 1 0
    outer loop
      vertex 34.93 7.8 20.475
      vertex 40.2 7.8 22.8
      vertex 38.67 7.8 20.475
    endloop
  endfacet
  facet normal 0 1 -0
    outer loop
      vertex 40.2 7.8 13.5
      vertex 38.67 7.8 20.475
      vertex 40.2 7.8 22.8
    endloop
  endfacet
  facet normal 0 1 0
    outer loop
      vertex 40.2 7.8 13.5
      vertex 34.93 7.8 15.525
      vertex 38.67 7.8 15.525
    endloop
  endfacet
  facet normal 0 1 0
    outer loop
      vertex 34.93 7.8 15.525
      vertex 40.2 7.8 13.5
      vertex 31.87 7.8 15.525
    endloop
  endfacet
  facet normal 0 1 0
    outer loop
      vertex 31.87 7.8 15.525
      vertex 40.2 7.8 13.5
      vertex 28.13 7.8 15.525
    endloop
  endfacet
  facet normal 0 1 0
    outer loop
      vertex 19.8 7.8 13.5
      vertex 28.13 7.8 15.525
      vertex 40.2 7.8 13.5
    endloop
  endfacet
  facet normal 0 1 0
    outer loop
      vertex 28.13 7.8 15.525
      vertex 19.8 7.8 13.5
      vertex 25.07 7.8 15.525
    endloop
  endfacet
  facet normal 0 1 0
    outer loop
      vertex 38.67 7.8 20.475
      vertex 40.2 7.8 13.5
      vertex 38.67 7.8 15.525
    endloop
  endfacet
  facet normal 0 1 0
    outer loop
      vertex 31.87 7.8 20.475
      vertex 40.2 7.8 22.8
      vertex 34.93 7.8 20.475
    endloop
  endfacet
  facet normal 0 1 0
    outer loop
      vertex 40.2 7.8 22.8
      vertex 31.87 7.8 20.475
      vertex 19.8 7.8 22.8
    endloop
  endfacet
  facet normal 0 1 -0
    outer loop
      vertex 28.13 7.8 20.475
      vertex 19.8 7.8 22.8
      vertex 31.87 7.8 20.475
    endloop
  endfacet
  facet normal 0 1 -0
    outer loop
      vertex 25.07 7.8 20.475
      vertex 19.8 7.8 22.8
      vertex 28.13 7.8 20.475
    endloop
  endfacet
  facet normal 0 1 -0
    outer loop
      vertex 21.33 7.8 20.475
      vertex 19.8 7.8 22.8
      vertex 25.07 7.8 20.475
    endloop
  endfacet
  facet normal 0 1 0
    outer loop
      vertex 19.8 7.8 13.5
      vertex 21.33 7.8 20.475
      vertex 21.33 7.8 15.525
    endloop
  endfacet
  facet normal 0 1 0
    outer loop
      vertex 21.33 7.8 20.475
      vertex 19.8 7.8 13.5
      vertex 19.8 7.8 22.8
    endloop
  endfacet
  facet normal 0 1 0
    outer loop
      vertex 25.07 7.8 15.525
      vertex 19.8 7.8 13.5
      vertex 21.33 7.8 15.525
    endloop
  endfacet
  facet normal -1 0 0
    outer loop
      vertex 39.975 8.025 22.8
      vertex 39.975 21.975 22.95
      vertex 39.975 21.975 22.8
    endloop
  endfacet
  facet normal -1 -0 0
    outer loop
      vertex 39.975 21.975 22.95
      vertex 39.975 8.025 22.8
      vertex 39.975 8.025 22.95
    endloop
  endfacet
  facet normal 1 -0 0
    outer loop
      vertex 20.025 8.025 22.95
      vertex 20.025 21.975 22.8
      vertex 20.025 21.975 22.95
    endloop
  endfacet
  facet normal 1 0 0
    outer loop
      vertex 20.025 21.975 22.8
      vertex 20.025 8.025 22.95
      vertex 20.025 8.025 22.8
    endloop
  endfacet
  facet normal 0 -1 0
    outer loop
      vertex 20.025 21.975 22.8
      vertex 39.975 21.975 22.95
      vertex 20.025 21.975 22.95
    endloop
  endfacet
  facet normal 0 -1 -0
    outer loop
      vertex 39.975 21.975 22.95
      vertex 20.025 21.975 22.8
      vertex 39.975 21.975 22.8
    endloop
  endfacet
  facet normal 0 1 -0
    outer loop
      vertex 39.975 8.025 22.8
      vertex 20.025 8.025 22.95
      vertex 39.975 8.025 22.95
    endloop
  endfacet
  facet normal 0 1 0
    outer loop
      vertex 20.025 8.025 22.95
      vertex 39.975 8.025 22.8
      vertex 20.025 8.025 22.8
    endloop
  endfacet
  facet normal -1 0 0
    outer loop
      vertex 32.31 18.66 1.68
      vertex 32.31 18.9 4.32
      vertex 32.31 18.9 1.68
    endloop
  endfacet
  facet normal -1 0 0
    outer loop
      vertex 32.31 18.3 4.32
      vertex 32.31 18.66 1.68
      vertex 32.31 18.3 1.68
    endloop
  endfacet
  facet normal -1 0 0
    outer loop
      vertex 32.31 18.66 1.68
      vertex 32.31 18.3 4.32
      vertex 32.31 18.9 4.32
    endloop
  endfacet
  facet normal -1 0 0
    outer loop
      vertex 32.31 11.7 1.68
      vertex 32.31 11.34 1.68
      vertex 32.31 11.7 4.32
    endloop
  endfacet
  facet normal -1 0 0
    outer loop
      vertex 32.31 11.1 4.32
      vertex 32.31 11.34 1.68
      vertex 32.31 11.1 1.68
    endloop
  endfacet
  facet normal -1 0 0
    outer loop
      vertex 32.31 11.34 1.68
      vertex 32.31 11.1 4.32
      vertex 32.31 11.7 4.32
    endloop
  endfacet
  facet normal 0 0 -1
    outer loop
      vertex 27.69 18.3 4.32
      vertex 32.31 18.9 4.32
      vertex 32.31 18.3 4.32
    endloop
  endfacet
  facet normal -0 0 -1
    outer loop
      vertex 32.31 18.9 4.32
      vertex 27.69 18.3 4.32
      vertex 27.69 18.9 4.32
    endloop
  endfacet
  facet normal 0 0 -1
    outer loop
      vertex 27.69 11.1 4.32
      vertex 32.31 11.7 4.32
      vertex 32.31 11.1 4.32
    endloop
  endfacet
  facet normal -0 0 -1
    outer loop
      vertex 32.31 11.7 4.32
      vertex 27.69 11.1 4.32
      vertex 27.69 11.7 4.32
    endloop
  endfacet
  facet normal -0 0 1
    outer loop
      vertex 27.69 18.66 1.68
      vertex 32.31 18.3 1.68
      vertex 32.31 18.66 1.68
    endloop
  endfacet
  facet normal 0 0 1
    outer loop
      vertex 32.31 18.3 1.68
      vertex 27.69 18.66 1.68
      vertex 27.69 18.3 1.68
    endloop
  endfacet
  facet normal -0 0 1
    outer loop
      vertex 27.69 11.7 1.68
      vertex 32.31 11.34 1.68
      vertex 32.31 11.7 1.68
    endloop
  endfacet
  facet normal 0 0 1
    outer loop
      vertex 32.31 11.34 1.68
      vertex 27.69 11.7 1.68
      vertex 27.69 11.34 1.68
    endloop
  endfacet
  facet normal 1 0 0
    outer loop
      vertex 27.69 18.9 4.32
      vertex 27.69 18.66 1.68
      vertex 27.69 18.9 1.68
    endloop
  endfacet
  facet normal 1 -0 0
    outer loop
      vertex 27.69 18.3 4.32
      vertex 27.69 18.66 1.68
      vertex 27.69 18.9 4.32
    endloop
  endfacet
  facet normal 1 0 0
    outer loop
      vertex 27.69 18.3 1.68
      vertex 27.69 18.66 1.68
      vertex 27.69 18.3 4.32
    endloop
  endfacet
  facet normal 1 0 0
    outer loop
      vertex 27.69 11.7 4.32
      vertex 27.69 11.34 1.68
      vertex 27.69 11.7 1.68
    endloop
  endfacet
  facet normal 1 -0 0
    outer loop
      vertex 27.69 11.1 4.32
      vertex 27.69 11.34 1.68
      vertex 27.69 11.7 4.32
    endloop
  endfacet
  facet normal 1 0 0
    outer loop
      vertex 27.69 11.34 1.68
      vertex 27.69 11.1 4.32
      vertex 27.69 11.1 1.68
    endloop
  endfacet
  facet normal 0 0 -1
    outer loop
      vertex 25.2 13.185 4.32
      vertex 25.8 16.815 4.32
      vertex 25.8 13.185 4.32
    endloop
  endfacet
  facet normal -0 0 -1
    outer loop
      vertex 25.8 16.815 4.32
      vertex 25.2 13.185 4.32
      vertex 25.2 16.815 4.32
    endloop
  endfacet
  facet normal 0 0 -1
    outer loop
      vertex 34.2 13.185 4.32
      vertex 34.8 16.815 4.32
      vertex 34.8 13.185 4.32
    endloop
  endfacet
  facet normal -0 0 -1
    outer loop
      vertex 34.8 16.815 4.32
      vertex 34.2 13.185 4.32
      vertex 34.2 16.815 4.32
    endloop
  endfacet
  facet normal -0 0 1
    outer loop
      vertex 25.44 16.815 1.68
      vertex 25.8 13.185 1.68
      vertex 25.8 16.815 1.68
    endloop
  endfacet
  facet normal 0 0 1
    outer loop
      vertex 25.8 13.185 1.68
      vertex 25.44 16.815 1.68
      vertex 25.44 13.185 1.68
    endloop
  endfacet
  facet normal -0 0 1
    outer loop
      vertex 34.2 16.815 1.68
      vertex 34.56 13.185 1.68
      vertex 34.56 16.815 1.68
    endloop
  endfacet
  facet normal 0 0 1
    outer loop
      vertex 34.56 13.185 1.68
      vertex 34.2 16.815 1.68
      vertex 34.2 13.185 1.68
    endloop
  endfacet
  facet normal 0 -1 0
    outer loop
      vertex 25.44 16.815 1.68
      vertex 25.2 16.815 4.32
      vertex 25.2 16.815 1.68
    endloop
  endfacet
  facet normal 0 -1 0
    outer loop
      vertex 25.2 16.815 4.32
      vertex 25.44 16.815 1.68
      vertex 25.8 16.815 4.32
    endloop
  endfacet
  facet normal 0 -1 0
    outer loop
      vertex 25.44 16.815 1.68
      vertex 25.8 16.815 1.68
      vertex 25.8 16.815 4.32
    endloop
  endfacet
  facet normal 0 -1 0
    outer loop
      vertex 34.2 16.815 4.32
      vertex 34.56 16.815 1.68
      vertex 34.8 16.815 4.32
    endloop
  endfacet
  facet normal 0 -1 0
    outer loop
      vertex 34.2 16.815 1.68
      vertex 34.56 16.815 1.68
      vertex 34.2 16.815 4.32
    endloop
  endfacet
  facet normal 0 -1 -0
    outer loop
      vertex 34.8 16.815 4.32
      vertex 34.56 16.815 1.68
      vertex 34.8 16.815 1.68
    endloop
  endfacet
  facet normal 0 1 0
    outer loop
      vertex 25.8 13.185 4.32
      vertex 25.44 13.185 1.68
      vertex 25.2 13.185 4.32
    endloop
  endfacet
  facet normal 0 1 -0
    outer loop
      vertex 25.8 13.185 1.68
      vertex 25.44 13.185 1.68
      vertex 25.8 13.185 4.32
    endloop
  endfacet
  facet normal 0 1 0
    outer loop
      vertex 25.2 13.185 4.32
      vertex 25.44 13.185 1.68
      vertex 25.2 13.185 1.68
    endloop
  endfacet
  facet normal 0 1 0
    outer loop
      vertex 34.56 13.185 1.68
      vertex 34.8 13.185 4.32
      vertex 34.8 13.185 1.68
    endloop
  endfacet
  facet normal 0 1 0
    outer loop
      vertex 34.8 13.185 4.32
      vertex 34.56 13.185 1.68
      vertex 34.2 13.185 4.32
    endloop
  endfacet
  facet normal 0 1 0
    outer loop
      vertex 34.56 13.185 1.68
      vertex 34.2 13.185 1.68
      vertex 34.2 13.185 4.32
    endloop
  endfacet
  facet normal 0 0 -1
    outer loop
      vertex 22.5 12.03 11.265
      vertex 23.1 17.97 11.265
      vertex 23.1 12.03 11.265
    endloop
  endfacet
  facet normal -0 0 -1
    outer loop
      vertex 23.1 17.97 11.265
      vertex 22.5 12.03 11.265
      vertex 22.5 17.97 11.265
    endloop
  endfacet
  facet normal 0 0 -1
    outer loop
      vertex 36.9 12.03 11.265
      vertex 37.5 17.97 11.265
      vertex 37.5 12.03 11.265
    endloop
  endfacet
  facet normal -0 0 -1
    outer loop
      vertex 37.5 17.97 11.265
      vertex 36.9 12.03 11.265
      vertex 36.9 17.97 11.265
    endloop
  endfacet
  facet normal -0 0 1
    outer loop
      vertex 22.74 17.97 7.635
      vertex 23.1 12.03 7.635
      vertex 23.1 17.97 7.635
    endloop
  endfacet
  facet normal 0 0 1
    outer loop
      vertex 23.1 12.03 7.635
      vertex 22.74 17.97 7.635
      vertex 22.74 12.03 7.635
    endloop
  endfacet
  facet normal -0 0 1
    outer loop
      vertex 36.9 17.97 7.635
      vertex 37.26 12.03 7.635
      vertex 37.26 17.97 7.635
    endloop
  endfacet
  facet normal 0 0 1
    outer loop
      vertex 37.26 12.03 7.635
      vertex 36.9 17.97 7.635
      vertex 36.9 12.03 7.635
    endloop
  endfacet
  facet normal 0 -1 0
    outer loop
      vertex 22.74 17.97 7.635
      vertex 22.5 17.97 11.265
      vertex 22.5 17.97 7.635
    endloop
  endfacet
  facet normal 0 -1 0
    outer loop
      vertex 22.5 17.97 11.265
      vertex 22.74 17.97 7.635
      vertex 23.1 17.97 11.265
    endloop
  endfacet
  facet normal 0 -1 0
    outer loop
      vertex 22.74 17.97 7.635
      vertex 23.1 17.97 7.635
      vertex 23.1 17.97 11.265
    endloop
  endfacet
  facet normal 0 -1 0
    outer loop
      vertex 36.9 17.97 11.265
      vertex 37.26 17.97 7.635
      vertex 37.5 17.97 11.265
    endloop
  endfacet
  facet normal 0 -1 0
    outer loop
      vertex 36.9 17.97 7.635
      vertex 37.26 17.97 7.635
      vertex 36.9 17.97 11.265
    endloop
  endfacet
  facet normal 0 -1 -0
    outer loop
      vertex 37.5 17.97 11.265
      vertex 37.26 17.97 7.635
      vertex 37.5 17.97 7.635
    endloop
  endfacet
  facet normal 0 1 0
    outer loop
      vertex 23.1 12.03 11.265
      vertex 22.74 12.03 7.635
      vertex 22.5 12.03 11.265
    endloop
  endfacet
  facet normal 0 1 -0
    outer loop
      vertex 23.1 12.03 7.635
      vertex 22.74 12.03 7.635
      vertex 23.1 12.03 11.265
    endloop
  endfacet
  facet normal 0 1 0
    outer loop
      vertex 22.5 12.03 11.265
      vertex 22.74 12.03 7.635
      vertex 22.5 12.03 7.635
    endloop
  endfacet
  facet normal 0 1 0
    outer loop
      vertex 37.26 12.03 7.635
      vertex 37.5 12.03 11.265
      vertex 37.5 12.03 7.635
    endloop
  endfacet
  facet normal 0 1 0
    outer loop
      vertex 37.5 12.03 11.265
      vertex 37.26 12.03 7.635
      vertex 36.9 12.03 11.265
    endloop
  endfacet
  facet normal 0 1 0
    outer loop
      vertex 37.26 12.03 7.635
      vertex 36.9 12.03 7.635
      vertex 36.9 12.03 11.265
    endloop
  endfacet
  facet normal -0 0 1
    outer loop
      vertex 27.69 11.34 1.68
      vertex 32.31 11.1 1.68
      vertex 32.31 11.34 1.68
    endloop
  endfacet
  facet normal 0 0 1
    outer loop
      vertex 32.31 11.1 1.68
      vertex 27.69 11.34 1.68
      vertex 27.69 11.1 1.68
    endloop
  endfacet
  facet normal -0 0 1
    outer loop
      vertex 27.69 18.9 1.68
      vertex 32.31 18.66 1.68
      vertex 32.31 18.9 1.68
    endloop
  endfacet
  facet normal 0 0 1
    outer loop
      vertex 32.31 18.66 1.68
      vertex 27.69 18.9 1.68
      vertex 27.69 18.66 1.68
    endloop
  endfacet
  facet normal -0 0 1
    outer loop
      vertex 25.2 16.815 1.68
      vertex 25.44 13.185 1.68
      vertex 25.44 16.815 1.68
    endloop
  endfacet
  facet normal 0 0 1
    outer loop
      vertex 25.44 13.185 1.68
      vertex 25.2 16.815 1.68
      vertex 25.2 13.185 1.68
    endloop
  endfacet
  facet normal -0 0 1
    outer loop
      vertex 34.56 16.815 1.68
      vertex 34.8 13.185 1.68
      vertex 34.8 16.815 1.68
    endloop
  endfacet
  facet normal 0 0 1
    outer loop
      vertex 34.8 13.185 1.68
      vertex 34.56 16.815 1.68
      vertex 34.56 13.185 1.68
    endloop
  endfacet
  facet normal -1 0 0
    outer loop
      vertex 28.4475 9 7.635
      vertex 28.4475 9.24 11.265
      vertex 28.4475 9.24 7.635
    endloop
  endfacet
  facet normal -1 -0 0
    outer loop
      vertex 28.4475 9.24 11.265
      vertex 28.4475 9 7.635
      vertex 28.4475 9 11.265
    endloop
  endfacet
  facet normal -0 0 1
    outer loop
      vertex 24.6525 9.24 7.635
      vertex 28.4475 9 7.635
      vertex 28.4475 9.24 7.635
    endloop
  endfacet
  facet normal 0 0 1
    outer loop
      vertex 28.4475 9 7.635
      vertex 24.6525 9.24 7.635
      vertex 24.6525 9 7.635
    endloop
  endfacet
  facet normal -0 0 1
    outer loop
      vertex 31.5525 9.24 7.635
      vertex 35.3475 9 7.635
      vertex 35.3475 9.24 7.635
    endloop
  endfacet
  facet normal 0 0 1
    outer loop
      vertex 35.3475 9 7.635
      vertex 31.5525 9.24 7.635
      vertex 31.5525 9 7.635
    endloop
  endfacet
  facet normal 1 -0 0
    outer loop
      vertex 31.5525 9 11.265
      vertex 31.5525 9.24 7.635
      vertex 31.5525 9.24 11.265
    endloop
  endfacet
  facet normal 1 0 0
    outer loop
      vertex 31.5525 9.24 7.635
      vertex 31.5525 9 11.265
      vertex 31.5525 9 7.635
    endloop
  endfacet
  facet normal -1 0 0
    outer loop
      vertex 28.4475 20.76 7.635
      vertex 28.4475 21 11.265
      vertex 28.4475 21 7.635
    endloop
  endfacet
  facet normal -1 -0 0
    outer loop
      vertex 28.4475 21 11.265
      vertex 28.4475 20.76 7.635
      vertex 28.4475 20.76 11.265
    endloop
  endfacet
  facet normal -0 0 1
    outer loop
      vertex 24.6525 21 7.635
      vertex 28.4475 20.76 7.635
      vertex 28.4475 21 7.635
    endloop
  endfacet
  facet normal 0 0 1
    outer loop
      vertex 28.4475 20.76 7.635
      vertex 24.6525 21 7.635
      vertex 24.6525 20.76 7.635
    endloop
  endfacet
  facet normal -0 0 1
    outer loop
      vertex 31.5525 21 7.635
      vertex 35.3475 20.76 7.635
      vertex 35.3475 21 7.635
    endloop
  endfacet
  facet normal 0 0 1
    outer loop
      vertex 35.3475 20.76 7.635
      vertex 31.5525 21 7.635
      vertex 31.5525 20.76 7.635
    endloop
  endfacet
  facet normal 1 -0 0
    outer loop
      vertex 31.5525 20.76 11.265
      vertex 31.5525 21 7.635
      vertex 31.5525 21 11.265
    endloop
  endfacet
  facet normal 1 0 0
    outer loop
      vertex 31.5525 21 7.635
      vertex 31.5525 20.76 11.265
      vertex 31.5525 20.76 7.635
    endloop
  endfacet
  facet normal -0 0 1
    outer loop
      vertex 22.5 17.97 7.635
      vertex 22.74 12.03 7.635
      vertex 22.74 17.97 7.635
    endloop
  endfacet
  facet normal 0 0 1
    outer loop
      vertex 22.74 12.03 7.635
      vertex 22.5 17.97 7.635
      vertex 22.5 12.03 7.635
    endloop
  endfacet
  facet normal -0 0 1
    outer loop
      vertex 37.26 17.97 7.635
      vertex 37.5 12.03 7.635
      vertex 37.5 17.97 7.635
    endloop
  endfacet
  facet normal 0 0 1
    outer loop
      vertex 37.5 12.03 7.635
      vertex 37.26 17.97 7.635
      vertex 37.26 12.03 7.635
    endloop
  endfacet
  facet normal -1 0 0
    outer loop
      vertex 25.07 7.2 15.525
      vertex 25.07 7.44 20.475
      vertex 25.07 7.44 15.525
    endloop
  endfacet
  facet normal -1 -0 0
    outer loop
      vertex 25.07 7.44 20.475
      vertex 25.07 7.2 15.525
      vertex 25.07 7.2 20.475
    endloop
  endfacet
  facet normal 1 -0 0
    outer loop
      vertex 21.33 7.2 20.475
      vertex 21.33 7.44 15.525
      vertex 21.33 7.44 20.475
    endloop
  endfacet
  facet normal 1 0 0
    outer loop
      vertex 21.33 7.44 15.525
      vertex 21.33 7.2 20.475
      vertex 21.33 7.2 15.525
    endloop
  endfacet
  facet normal -1 0 0
    outer loop
      vertex 38.67 7.2 15.525
      vertex 38.67 7.44 20.475
      vertex 38.67 7.44 15.525
    endloop
  endfacet
  facet normal -1 -0 0
    outer loop
      vertex 38.67 7.44 20.475
      vertex 38.67 7.2 15.525
      vertex 38.67 7.2 20.475
    endloop
  endfacet
  facet normal 1 -0 0
    outer loop
      vertex 34.93 7.2 20.475
      vertex 34.93 7.44 15.525
      vertex 34.93 7.44 20.475
    endloop
  endfacet
  facet normal 1 0 0
    outer loop
      vertex 34.93 7.44 15.525
      vertex 34.93 7.2 20.475
      vertex 34.93 7.2 15.525
    endloop
  endfacet
  facet normal -1 0 0
    outer loop
      vertex 25.07 22.56 15.525
      vertex 25.07 22.8 20.475
      vertex 25.07 22.8 15.525
    endloop
  endfacet
  facet normal -1 -0 0
    outer loop
      vertex 25.07 22.8 20.475
      vertex 25.07 22.56 15.525
      vertex 25.07 22.56 20.475
    endloop
  endfacet
  facet normal 1 -0 0
    outer loop
      vertex 21.33 22.56 20.475
      vertex 21.33 22.8 15.525
      vertex 21.33 22.8 20.475
    endloop
  endfacet
  facet normal 1 0 0
    outer loop
      vertex 21.33 22.8 15.525
      vertex 21.33 22.56 20.475
      vertex 21.33 22.56 15.525
    endloop
  endfacet
  facet normal -1 0 0
    outer loop
      vertex 38.67 22.56 15.525
      vertex 38.67 22.8 20.475
      vertex 38.67 22.8 15.525
    endloop
  endfacet
  facet normal -1 -0 0
    outer loop
      vertex 38.67 22.8 20.475
      vertex 38.67 22.56 15.525
      vertex 38.67 22.56 20.475
    endloop
  endfacet
  facet normal 1 -0 0
    outer loop
      vertex 34.93 22.56 20.475
      vertex 34.93 22.8 15.525
      vertex 34.93 22.8 20.475
    endloop
  endfacet
  facet normal 1 0 0
    outer loop
      vertex 34.93 22.8 15.525
      vertex 34.93 22.56 20.475
      vertex 34.93 22.56 15.525
    endloop
  endfacet
  facet normal 0 -1 0
    outer loop
      vertex 19.2 13.38 15.525
      vertex 19.44 13.38 20.475
      vertex 19.2 13.38 20.475
    endloop
  endfacet
  facet normal 0 -1 -0
    outer loop
      vertex 19.44 13.38 20.475
      vertex 19.2 13.38 15.525
      vertex 19.44 13.38 15.525
    endloop
  endfacet
  facet normal 0 1 -0
    outer loop
      vertex 19.44 16.62 15.525
      vertex 19.2 16.62 20.475
      vertex 19.44 16.62 20.475
    endloop
  endfacet
  facet normal 0 1 0
    outer loop
      vertex 19.2 16.62 20.475
      vertex 19.44 16.62 15.525
      vertex 19.2 16.62 15.525
    endloop
  endfacet
  facet normal 0 -1 0
    outer loop
      vertex 40.56 13.38 15.525
      vertex 40.8 13.38 20.475
      vertex 40.56 13.38 20.475
    endloop
  endfacet
  facet normal 0 -1 -0
    outer loop
      vertex 40.8 13.38 20.475
      vertex 40.56 13.38 15.525
      vertex 40.8 13.38 15.525
    endloop
  endfacet
  facet normal 0 1 -0
    outer loop
      vertex 40.8 16.62 15.525
      vertex 40.56 16.62 20.475
      vertex 40.8 16.62 20.475
    endloop
  endfacet
  facet normal 0 1 0
    outer loop
      vertex 40.56 16.62 20.475
      vertex 40.8 16.62 15.525
      vertex 40.56 16.62 15.525
    endloop
  endfacet
  facet normal 1 0 0
    outer loop
      vertex 59.8 23.9 22.95
      vertex 59.8 21.815 21.27
      vertex 59.8 23.9 17.55
    endloop
  endfacet
  facet normal 1 -0 0
    outer loop
      vertex 59.8 20 22.95
      vertex 59.8 21.815 21.27
      vertex 59.8 23.9 22.95
    endloop
  endfacet
  facet normal 1 0 0
    outer loop
      vertex 59.8 21.815 21.27
      vertex 59.8 20 22.95
      vertex 59.8 20 21.27
    endloop
  endfacet
  facet normal 1 -0 0
    outer loop
      vertex 59.8 21.815 18.63
      vertex 59.8 23.9 17.55
      vertex 59.8 21.815 21.27
    endloop
  endfacet
  facet normal 1 0 0
    outer loop
      vertex 59.8 20 17.55
      vertex 59.8 21.815 18.63
      vertex 59.8 20 18.63
    endloop
  endfacet
  facet normal 1 0 0
    outer loop
      vertex 59.8 21.815 18.63
      vertex 59.8 20 17.55
      vertex 59.8 23.9 17.55
    endloop
  endfacet
  facet normal -0 0 1
    outer loop
      vertex 50.2 23.9 22.95
      vertex 59.8 20 22.95
      vertex 59.8 23.9 22.95
    endloop
  endfacet
  facet normal 0 0 1
    outer loop
      vertex 59.8 20 22.95
      vertex 50.2 23.9 22.95
      vertex 50.2 20 22.95
    endloop
  endfacet
  facet normal -1 0 0
    outer loop
      vertex 50.2 21.815 21.27
      vertex 50.2 23.9 17.55
      vertex 50.2 21.815 18.63
    endloop
  endfacet
  facet normal -1 0 0
    outer loop
      vertex 50.2 20 17.55
      vertex 50.2 21.815 18.63
      vertex 50.2 23.9 17.55
    endloop
  endfacet
  facet normal -1 -0 0
    outer loop
      vertex 50.2 21.815 18.63
      vertex 50.2 20 17.55
      vertex 50.2 20 18.63
    endloop
  endfacet
  facet normal -1 0 0
    outer loop
      vertex 50.2 23.9 17.55
      vertex 50.2 21.815 21.27
      vertex 50.2 23.9 22.95
    endloop
  endfacet
  facet normal -1 0 0
    outer loop
      vertex 50.2 20 22.95
      vertex 50.2 21.815 21.27
      vertex 50.2 20 21.27
    endloop
  endfacet
  facet normal -1 0 0
    outer loop
      vertex 50.2 21.815 21.27
      vertex 50.2 20 22.95
      vertex 50.2 23.9 22.95
    endloop
  endfacet
  facet normal 0 1 0
    outer loop
      vertex 59.8 23.9 22.95
      vertex 57.31 23.9 21.27
      vertex 50.2 23.9 22.95
    endloop
  endfacet
  facet normal 0 1 -0
    outer loop
      vertex 59.8 23.9 17.55
      vertex 57.31 23.9 21.27
      vertex 59.8 23.9 22.95
    endloop
  endfacet
  facet normal 0 1 0
    outer loop
      vertex 57.31 23.9 18.63
      vertex 59.8 23.9 17.55
      vertex 52.69 23.9 18.63
    endloop
  endfacet
  facet normal 0 1 0
    outer loop
      vertex 57.31 23.9 21.27
      vertex 59.8 23.9 17.55
      vertex 57.31 23.9 18.63
    endloop
  endfacet
  facet normal 0 1 -0
    outer loop
      vertex 52.69 23.9 21.27
      vertex 50.2 23.9 22.95
      vertex 57.31 23.9 21.27
    endloop
  endfacet
  facet normal 0 1 0
    outer loop
      vertex 50.2 23.9 17.55
      vertex 52.69 23.9 21.27
      vertex 52.69 23.9 18.63
    endloop
  endfacet
  facet normal 0 1 0
    outer loop
      vertex 52.69 23.9 21.27
      vertex 50.2 23.9 17.55
      vertex 50.2 23.9 22.95
    endloop
  endfacet
  facet normal 0 1 0
    outer loop
      vertex 50.2 23.9 17.55
      vertex 52.69 23.9 18.63
      vertex 59.8 23.9 17.55
    endloop
  endfacet
  facet normal 0 0 1
    outer loop
      vertex 62.5 26 17.55
      vertex 59.8 23.9 17.55
      vertex 62.5 20 17.55
    endloop
  endfacet
  facet normal 0 0 1
    outer loop
      vertex 62.5 26 17.55
      vertex 50.2 23.9 17.55
      vertex 59.8 23.9 17.55
    endloop
  endfacet
  facet normal -0 0 1
    outer loop
      vertex 47.5 26 17.55
      vertex 50.2 23.9 17.55
      vertex 62.5 26 17.55
    endloop
  endfacet
  facet normal 0 0 1
    outer loop
      vertex 47.5 20 17.55
      vertex 50.2 23.9 17.55
      vertex 47.5 26 17.55
    endloop
  endfacet
  facet normal 0 0 1
    outer loop
      vertex 50.2 23.9 17.55
      vertex 47.5 20 17.55
      vertex 50.2 20 17.55
    endloop
  endfacet
  facet normal 0 0 1
    outer loop
      vertex 62.5 20 17.55
      vertex 59.8 23.9 17.55
      vertex 59.8 20 17.55
    endloop
  endfacet
  facet normal 1 0 0
    outer loop
      vertex 62.5 26 17.55
      vertex 62.5 22.97 15.315
      vertex 62.5 26 10.2
    endloop
  endfacet
  facet normal 1 -0 0
    outer loop
      vertex 62.5 20 17.55
      vertex 62.5 22.97 15.315
      vertex 62.5 26 17.55
    endloop
  endfacet
  facet normal 1 0 0
    outer loop
      vertex 62.5 22.97 15.315
      vertex 62.5 20 17.55
      vertex 62.5 20 15.315
    endloop
  endfacet
  facet normal 1 -0 0
    outer loop
      vertex 62.5 22.97 11.685
      vertex 62.5 26 10.2
      vertex 62.5 22.97 15.315
    endloop
  endfacet
  facet normal 1 0 0
    outer loop
      vertex 62.5 20 10.2
      vertex 62.5 22.97 11.685
      vertex 62.5 20 11.685
    endloop
  endfacet
  facet normal 1 0 0
    outer loop
      vertex 62.5 22.97 11.685
      vertex 62.5 20 10.2
      vertex 62.5 26 10.2
    endloop
  endfacet
  facet normal -1 0 0
    outer loop
      vertex 47.5 22.97 15.315
      vertex 47.5 26 10.2
      vertex 47.5 22.97 11.685
    endloop
  endfacet
  facet normal -1 0 0
    outer loop
      vertex 47.5 20 10.2
      vertex 47.5 22.97 11.685
      vertex 47.5 26 10.2
    endloop
  endfacet
  facet normal -1 -0 0
    outer loop
      vertex 47.5 22.97 11.685
      vertex 47.5 20 10.2
      vertex 47.5 20 11.685
    endloop
  endfacet
  facet normal -1 0 0
    outer loop
      vertex 47.5 26 10.2
      vertex 47.5 22.97 15.315
      vertex 47.5 26 17.55
    endloop
  endfacet
  facet normal -1 0 0
    outer loop
      vertex 47.5 20 17.55
      vertex 47.5 22.97 15.315
      vertex 47.5 20 15.315
    endloop
  endfacet
  facet normal -1 0 0
    outer loop
      vertex 47.5 22.97 15.315
      vertex 47.5 20 17.55
      vertex 47.5 26 17.55
    endloop
  endfacet
  facet normal 0 1 -0
    outer loop
      vertex 56.5525 26 11.685
      vertex 53.4475 26 15.315
      vertex 56.5525 26 15.315
    endloop
  endfacet
  facet normal 0 1 0
    outer loop
      vertex 53.4475 26 15.315
      vertex 56.5525 26 11.685
      vertex 53.4475 26 11.685
    endloop
  endfacet
  facet normal 0 1 0
    outer loop
      vertex 56.5525 26 15.315
      vertex 62.5 26 17.55
      vertex 60.3475 26 15.315
    endloop
  endfacet
  facet normal 0 1 -0
    outer loop
      vertex 62.5 26 10.2
      vertex 60.3475 26 15.315
      vertex 62.5 26 17.55
    endloop
  endfacet
  facet normal 0 1 0
    outer loop
      vertex 62.5 26 10.2
      vertex 56.5525 26 11.685
      vertex 60.3475 26 11.685
    endloop
  endfacet
  facet normal 0 1 0
    outer loop
      vertex 56.5525 26 11.685
      vertex 62.5 26 10.2
      vertex 53.4475 26 11.685
    endloop
  endfacet
  facet normal 0 1 0
    outer loop
      vertex 47.5 26 10.2
      vertex 53.4475 26 11.685
      vertex 62.5 26 10.2
    endloop
  endfacet
  facet normal 0 1 0
    outer loop
      vertex 60.3475 26 15.315
      vertex 62.5 26 10.2
      vertex 60.3475 26 11.685
    endloop
  endfacet
  facet normal 0 1 0
    outer loop
      vertex 62.5 26 17.55
      vertex 56.5525 26 15.315
      vertex 47.5 26 17.55
    endloop
  endfacet
  facet normal 0 1 -0
    outer loop
      vertex 53.4475 26 15.315
      vertex 47.5 26 17.55
      vertex 56.5525 26 15.315
    endloop
  endfacet
  facet normal 0 1 -0
    outer loop
      vertex 49.6525 26 15.315
      vertex 47.5 26 17.55
      vertex 53.4475 26 15.315
    endloop
  endfacet
  facet normal 0 1 0
    outer loop
      vertex 47.5 26 10.2
      vertex 49.6525 26 15.315
      vertex 49.6525 26 11.685
    endloop
  endfacet
  facet normal 0 1 0
    outer loop
      vertex 49.6525 26 15.315
      vertex 47.5 26 10.2
      vertex 47.5 26 17.55
    endloop
  endfacet
  facet normal 0 1 0
    outer loop
      vertex 53.4475 26 11.685
      vertex 47.5 26 10.2
      vertex 49.6525 26 11.685
    endloop
  endfacet
  facet normal 0 0 1
    outer loop
      vertex 65.8 27.8 10.2
      vertex 62.5 26 10.2
      vertex 65.8 20 10.2
    endloop
  endfacet
  facet normal 0 0 1
    outer loop
      vertex 65.8 27.8 10.2
      vertex 47.5 26 10.2
      vertex 62.5 26 10.2
    endloop
  endfacet
  facet normal -0 0 1
    outer loop
      vertex 44.2 27.8 10.2
      vertex 47.5 26 10.2
      vertex 65.8 27.8 10.2
    endloop
  endfacet
  facet normal 0 0 1
    outer loop
      vertex 44.2 20 10.2
      vertex 47.5 26 10.2
      vertex 44.2 27.8 10.2
    endloop
  endfacet
  facet normal 0 0 1
    outer loop
      vertex 47.5 26 10.2
      vertex 44.2 20 10.2
      vertex 47.5 20 10.2
    endloop
  endfacet
  facet normal 0 0 1
    outer loop
      vertex 65.8 20 10.2
      vertex 62.5 26 10.2
      vertex 62.5 20 10.2
    endloop
  endfacet
  facet normal 1 0 0
    outer loop
      vertex 65.8 27.8 10.2
      vertex 65.8 25.58 7.425
      vertex 65.8 27.8 0.45
    endloop
  endfacet
  facet normal 1 -0 0
    outer loop
      vertex 65.8 20 10.2
      vertex 65.8 25.58 7.425
      vertex 65.8 27.8 10.2
    endloop
  endfacet
  facet normal 1 0 0
    outer loop
      vertex 65.8 20 0.45
      vertex 65.8 21.62 7.425
      vertex 65.8 20 10.2
    endloop
  endfacet
  facet normal 1 0 0
    outer loop
      vertex 65.8 25.58 7.425
      vertex 65.8 20 10.2
      vertex 65.8 21.62 7.425
    endloop
  endfacet
  facet normal 1 -0 0
    outer loop
      vertex 65.8 25.58 2.475
      vertex 65.8 27.8 0.45
      vertex 65.8 25.58 7.425
    endloop
  endfacet
  facet normal 1 0 0
    outer loop
      vertex 65.8 20 0.45
      vertex 65.8 25.58 2.475
      vertex 65.8 21.62 2.475
    endloop
  endfacet
  facet normal 1 0 0
    outer loop
      vertex 65.8 25.58 2.475
      vertex 65.8 20 0.45
      vertex 65.8 27.8 0.45
    endloop
  endfacet
  facet normal 1 0 0
    outer loop
      vertex 65.8 21.62 7.425
      vertex 65.8 20 0.45
      vertex 65.8 21.62 2.475
    endloop
  endfacet
  facet normal -1 0 0
    outer loop
      vertex 44.2 25.58 7.425
      vertex 44.2 27.8 0.45
      vertex 44.2 25.58 2.475
    endloop
  endfacet
  facet normal -1 0 0
    outer loop
      vertex 44.2 20 0.45
      vertex 44.2 25.58 2.475
      vertex 44.2 27.8 0.45
    endloop
  endfacet
  facet normal -1 -0 0
    outer loop
      vertex 44.2 21.62 2.475
      vertex 44.2 20 0.45
      vertex 44.2 21.62 7.425
    endloop
  endfacet
  facet normal -1 -0 0
    outer loop
      vertex 44.2 25.58 2.475
      vertex 44.2 20 0.45
      vertex 44.2 21.62 2.475
    endloop
  endfacet
  facet normal -1 0 0
    outer loop
      vertex 44.2 27.8 0.45
      vertex 44.2 25.58 7.425
      vertex 44.2 27.8 10.2
    endloop
  endfacet
  facet normal -1 0 0
    outer loop
      vertex 44.2 20 10.2
      vertex 44.2 25.58 7.425
      vertex 44.2 21.62 7.425
    endloop
  endfacet
  facet normal -1 0 0
    outer loop
      vertex 44.2 25.58 7.425
      vertex 44.2 20 10.2
      vertex 44.2 27.8 10.2
    endloop
  endfacet
  facet normal -1 0 0
    outer loop
      vertex 44.2 20 10.2
      vertex 44.2 21.62 7.425
      vertex 44.2 20 0.45
    endloop
  endfacet
  facet normal 0 1 -0
    outer loop
      vertex 53.13 27.8 2.475
      vertex 50.07 27.8 7.425
      vertex 53.13 27.8 7.425
    endloop
  endfacet
  facet normal 0 1 0
    outer loop
      vertex 50.07 27.8 7.425
      vertex 53.13 27.8 2.475
      vertex 50.07 27.8 2.475
    endloop
  endfacet
  facet normal 0 1 -0
    outer loop
      vertex 59.93 27.8 2.475
      vertex 56.87 27.8 7.425
      vertex 59.93 27.8 7.425
    endloop
  endfacet
  facet normal 0 1 0
    outer loop
      vertex 56.87 27.8 7.425
      vertex 59.93 27.8 2.475
      vertex 56.87 27.8 2.475
    endloop
  endfacet
  facet normal 0 1 0
    outer loop
      vertex 59.93 27.8 7.425
      vertex 65.8 27.8 10.2
      vertex 63.67 27.8 7.425
    endloop
  endfacet
  facet normal 0 1 -0
    outer loop
      vertex 65.8 27.8 0.45
      vertex 63.67 27.8 7.425
      vertex 65.8 27.8 10.2
    endloop
  endfacet
  facet normal 0 1 0
    outer loop
      vertex 65.8 27.8 0.45
      vertex 59.93 27.8 2.475
      vertex 63.67 27.8 2.475
    endloop
  endfacet
  facet normal 0 1 0
    outer loop
      vertex 59.93 27.8 2.475
      vertex 65.8 27.8 0.45
      vertex 56.87 27.8 2.475
    endloop
  endfacet
  facet normal 0 1 0
    outer loop
      vertex 56.87 27.8 2.475
      vertex 65.8 27.8 0.45
      vertex 53.13 27.8 2.475
    endloop
  endfacet
  facet normal 0 1 0
    outer loop
      vertex 44.2 27.8 0.45
      vertex 53.13 27.8 2.475
      vertex 65.8 27.8 0.45
    endloop
  endfacet
  facet normal 0 1 0
    outer loop
      vertex 53.13 27.8 2.475
      vertex 44.2 27.8 0.45
      vertex 50.07 27.8 2.475
    endloop
  endfacet
  facet normal 0 1 0
    outer loop
      vertex 63.67 27.8 7.425
      vertex 65.8 27.8 0.45
      vertex 63.67 27.8 2.475
    endloop
  endfacet
  facet normal 0 1 0
    outer loop
      vertex 56.87 27.8 7.425
      vertex 65.8 27.8 10.2
      vertex 59.93 27.8 7.425
    endloop
  endfacet
  facet normal 0 1 0
    outer loop
      vertex 65.8 27.8 10.2
      vertex 56.87 27.8 7.425
      vertex 44.2 27.8 10.2
    endloop
  endfacet
  facet normal 0 1 -0
    outer loop
      vertex 53.13 27.8 7.425
      vertex 44.2 27.8 10.2
      vertex 56.87 27.8 7.425
    endloop
  endfacet
  facet normal 0 1 -0
    outer loop
      vertex 50.07 27.8 7.425
      vertex 44.2 27.8 10.2
      vertex 53.13 27.8 7.425
    endloop
  endfacet
  facet normal 0 1 -0
    outer loop
      vertex 46.33 27.8 7.425
      vertex 44.2 27.8 10.2
      vertex 50.07 27.8 7.425
    endloop
  endfacet
  facet normal 0 1 0
    outer loop
      vertex 44.2 27.8 0.45
      vertex 46.33 27.8 7.425
      vertex 46.33 27.8 2.475
    endloop
  endfacet
  facet normal 0 1 0
    outer loop
      vertex 46.33 27.8 7.425
      vertex 44.2 27.8 0.45
      vertex 44.2 27.8 10.2
    endloop
  endfacet
  facet normal 0 1 0
    outer loop
      vertex 50.07 27.8 2.475
      vertex 44.2 27.8 0.45
      vertex 46.33 27.8 2.475
    endloop
  endfacet
  facet normal 0 0 -1
    outer loop
      vertex 44.425 20 0.45
      vertex 44.2 20 0.45
      vertex 44.425 27.575 0.45
    endloop
  endfacet
  facet normal 0 0 -1
    outer loop
      vertex 65.575 27.575 0.45
      vertex 65.8 20 0.45
      vertex 65.575 20 0.45
    endloop
  endfacet
  facet normal 0 0 -1
    outer loop
      vertex 65.8 20 0.45
      vertex 65.575 27.575 0.45
      vertex 65.8 27.8 0.45
    endloop
  endfacet
  facet normal 0 0 -1
    outer loop
      vertex 44.425 27.575 0.45
      vertex 65.8 27.8 0.45
      vertex 65.575 27.575 0.45
    endloop
  endfacet
  facet normal 0 0 -1
    outer loop
      vertex 44.425 27.575 0.45
      vertex 44.2 27.8 0.45
      vertex 65.8 27.8 0.45
    endloop
  endfacet
  facet normal 0 0 -1
    outer loop
      vertex 44.2 27.8 0.45
      vertex 44.425 27.575 0.45
      vertex 44.2 20 0.45
    endloop
  endfacet
  facet normal 1 -0 0
    outer loop
      vertex 65.575 20 0.45
      vertex 65.575 27.575 0
      vertex 65.575 27.575 0.45
    endloop
  endfacet
  facet normal 1 0 0
    outer loop
      vertex 65.575 27.575 0
      vertex 65.575 20 0.45
      vertex 65.575 20 0
    endloop
  endfacet
  facet normal 0 0 -1
    outer loop
      vertex 45.025 20 0
      vertex 44.425 20 0
      vertex 45.025 26.975 0
    endloop
  endfacet
  facet normal 0 0 -1
    outer loop
      vertex 64.975 26.975 0
      vertex 65.575 20 0
      vertex 64.975 20 0
    endloop
  endfacet
  facet normal 0 0 -1
    outer loop
      vertex 65.575 20 0
      vertex 64.975 26.975 0
      vertex 65.575 27.575 0
    endloop
  endfacet
  facet normal 0 0 -1
    outer loop
      vertex 45.025 26.975 0
      vertex 65.575 27.575 0
      vertex 64.975 26.975 0
    endloop
  endfacet
  facet normal 0 0 -1
    outer loop
      vertex 45.025 26.975 0
      vertex 44.425 27.575 0
      vertex 65.575 27.575 0
    endloop
  endfacet
  facet normal 0 0 -1
    outer loop
      vertex 44.425 27.575 0
      vertex 45.025 26.975 0
      vertex 44.425 20 0
    endloop
  endfacet
  facet normal -1 0 0
    outer loop
      vertex 44.425 20 0
      vertex 44.425 27.575 0.45
      vertex 44.425 27.575 0
    endloop
  endfacet
  facet normal -1 -0 0
    outer loop
      vertex 44.425 27.575 0.45
      vertex 44.425 20 0
      vertex 44.425 20 0.45
    endloop
  endfacet
  facet normal 0 1 -0
    outer loop
      vertex 65.575 27.575 0
      vertex 44.425 27.575 0.45
      vertex 65.575 27.575 0.45
    endloop
  endfacet
  facet normal 0 1 0
    outer loop
      vertex 44.425 27.575 0.45
      vertex 65.575 27.575 0
      vertex 44.425 27.575 0
    endloop
  endfacet
  facet normal -1 0 0
    outer loop
      vertex 53.4475 25.4 11.685
      vertex 53.4475 25.76 15.315
      vertex 53.4475 25.76 11.685
    endloop
  endfacet
  facet normal -1 -0 0
    outer loop
      vertex 53.4475 25.76 15.315
      vertex 53.4475 25.4 11.685
      vertex 53.4475 25.4 15.315
    endloop
  endfacet
  facet normal 0 0 1
    outer loop
      vertex 53.4475 26 11.685
      vertex 49.6525 26 11.685
      vertex 53.4475 25.76 11.685
    endloop
  endfacet
  facet normal 0 0 1
    outer loop
      vertex 49.6525 25.4 11.685
      vertex 53.4475 25.76 11.685
      vertex 49.6525 26 11.685
    endloop
  endfacet
  facet normal 0 0 1
    outer loop
      vertex 53.4475 25.76 11.685
      vertex 49.6525 25.4 11.685
      vertex 53.4475 25.4 11.685
    endloop
  endfacet
  facet normal 0 0 -1
    outer loop
      vertex 49.6525 25.4 15.315
      vertex 53.4475 25.76 15.315
      vertex 53.4475 25.4 15.315
    endloop
  endfacet
  facet normal -0 0 -1
    outer loop
      vertex 53.4475 25.76 15.315
      vertex 49.6525 25.4 15.315
      vertex 49.6525 25.76 15.315
    endloop
  endfacet
  facet normal 1 -0 0
    outer loop
      vertex 49.6525 25.76 15.315
      vertex 49.6525 26 11.685
      vertex 49.6525 26 15.315
    endloop
  endfacet
  facet normal 1 0 0
    outer loop
      vertex 49.6525 25.4 11.685
      vertex 49.6525 25.76 15.315
      vertex 49.6525 25.4 15.315
    endloop
  endfacet
  facet normal 1 0 0
    outer loop
      vertex 49.6525 25.76 15.315
      vertex 49.6525 25.4 11.685
      vertex 49.6525 26 11.685
    endloop
  endfacet
  facet normal -1 0 0
    outer loop
      vertex 60.3475 26 11.685
      vertex 60.3475 25.76 15.315
      vertex 60.3475 26 15.315
    endloop
  endfacet
  facet normal -1 0 0
    outer loop
      vertex 60.3475 25.4 11.685
      vertex 60.3475 25.76 15.315
      vertex 60.3475 26 11.685
    endloop
  endfacet
  facet normal -1 -0 0
    outer loop
      vertex 60.3475 25.76 15.315
      vertex 60.3475 25.4 11.685
      vertex 60.3475 25.4 15.315
    endloop
  endfacet
  facet normal 0 0 1
    outer loop
      vertex 56.5525 25.76 11.685
      vertex 60.3475 26 11.685
      vertex 56.5525 26 11.685
    endloop
  endfacet
  facet normal 0 0 1
    outer loop
      vertex 60.3475 26 11.685
      vertex 56.5525 25.76 11.685
      vertex 60.3475 25.4 11.685
    endloop
  endfacet
  facet normal 0 0 1
    outer loop
      vertex 56.5525 25.76 11.685
      vertex 56.5525 25.4 11.685
      vertex 60.3475 25.4 11.685
    endloop
  endfacet
  facet normal 0 0 -1
    outer loop
      vertex 56.5525 25.4 15.315
      vertex 60.3475 25.76 15.315
      vertex 60.3475 25.4 15.315
    endloop
  endfacet
  facet normal -0 0 -1
    outer loop
      vertex 60.3475 25.76 15.315
      vertex 56.5525 25.4 15.315
      vertex 56.5525 25.76 15.315
    endloop
  endfacet
  facet normal 1 -0 0
    outer loop
      vertex 56.5525 25.4 15.315
      vertex 56.5525 25.76 11.685
      vertex 56.5525 25.76 15.315
    endloop
  endfacet
  facet normal 1 0 0
    outer loop
      vertex 56.5525 25.76 11.685
      vertex 56.5525 25.4 15.315
      vertex 56.5525 25.4 11.685
    endloop
  endfacet
  facet normal -1 0 0
    outer loop
      vertex 50.07 27.2 2.475
      vertex 50.07 27.56 7.425
      vertex 50.07 27.56 2.475
    endloop
  endfacet
  facet normal -1 -0 0
    outer loop
      vertex 50.07 27.56 7.425
      vertex 50.07 27.2 2.475
      vertex 50.07 27.2 7.425
    endloop
  endfacet
  facet normal 0 0 1
    outer loop
      vertex 46.33 27.56 2.475
      vertex 50.07 27.56 2.475
      vertex 50.07 27.8 2.475
    endloop
  endfacet
  facet normal 0 0 1
    outer loop
      vertex 46.33 27.56 2.475
      vertex 50.07 27.8 2.475
      vertex 46.33 27.8 2.475
    endloop
  endfacet
  facet normal 0 0 1
    outer loop
      vertex 50.07 27.56 2.475
      vertex 46.33 27.56 2.475
      vertex 50.07 27.2 2.475
    endloop
  endfacet
  facet normal 0 0 1
    outer loop
      vertex 50.07 27.2 2.475
      vertex 46.33 27.56 2.475
      vertex 46.33 27.2 2.475
    endloop
  endfacet
  facet normal 0 0 -1
    outer loop
      vertex 46.33 27.56 7.425
      vertex 50.07 27.56 7.425
      vertex 50.07 27.2 7.425
    endloop
  endfacet
  facet normal 0 0 -1
    outer loop
      vertex 46.33 27.56 7.425
      vertex 50.07 27.2 7.425
      vertex 46.33 27.2 7.425
    endloop
  endfacet
  facet normal 0 0 -1
    outer loop
      vertex 50.07 27.56 7.425
      vertex 46.33 27.56 7.425
      vertex 50.07 27.8 7.425
    endloop
  endfacet
  facet normal -0 0 -1
    outer loop
      vertex 50.07 27.8 7.425
      vertex 46.33 27.56 7.425
      vertex 46.33 27.8 7.425
    endloop
  endfacet
  facet normal 1 -0 0
    outer loop
      vertex 46.33 27.2 7.425
      vertex 46.33 27.56 2.475
      vertex 46.33 27.56 7.425
    endloop
  endfacet
  facet normal 1 0 0
    outer loop
      vertex 46.33 27.56 2.475
      vertex 46.33 27.2 7.425
      vertex 46.33 27.2 2.475
    endloop
  endfacet
  facet normal -1 0 0
    outer loop
      vertex 56.87 27.2 2.475
      vertex 56.87 27.8 7.425
      vertex 56.87 27.8 2.475
    endloop
  endfacet
  facet normal -1 -0 0
    outer loop
      vertex 56.87 27.8 7.425
      vertex 56.87 27.2 2.475
      vertex 56.87 27.2 7.425
    endloop
  endfacet
  facet normal -0 0 1
    outer loop
      vertex 53.13 27.8 2.475
      vertex 56.87 27.2 2.475
      vertex 56.87 27.8 2.475
    endloop
  endfacet
  facet normal 0 0 1
    outer loop
      vertex 56.87 27.2 2.475
      vertex 53.13 27.8 2.475
      vertex 53.13 27.2 2.475
    endloop
  endfacet
  facet normal 0 0 -1
    outer loop
      vertex 53.13 27.2 7.425
      vertex 56.87 27.8 7.425
      vertex 56.87 27.2 7.425
    endloop
  endfacet
  facet normal -0 0 -1
    outer loop
      vertex 56.87 27.8 7.425
      vertex 53.13 27.2 7.425
      vertex 53.13 27.8 7.425
    endloop
  endfacet
  facet normal 1 -0 0
    outer loop
      vertex 53.13 27.2 7.425
      vertex 53.13 27.8 2.475
      vertex 53.13 27.8 7.425
    endloop
  endfacet
  facet normal 1 0 0
    outer loop
      vertex 53.13 27.8 2.475
      vertex 53.13 27.2 7.425
      vertex 53.13 27.2 2.475
    endloop
  endfacet
  facet normal -1 0 0
    outer loop
      vertex 63.67 27.2 2.475
      vertex 63.67 27.56 7.425
      vertex 63.67 27.56 2.475
    endloop
  endfacet
  facet normal -1 -0 0
    outer loop
      vertex 63.67 27.56 7.425
      vertex 63.67 27.2 2.475
      vertex 63.67 27.2 7.425
    endloop
  endfacet
  facet normal 0 0 1
    outer loop
      vertex 59.93 27.56 2.475
      vertex 63.67 27.56 2.475
      vertex 63.67 27.8 2.475
    endloop
  endfacet
  facet normal 0 0 1
    outer loop
      vertex 59.93 27.56 2.475
      vertex 63.67 27.8 2.475
      vertex 59.93 27.8 2.475
    endloop
  endfacet
  facet normal 0 0 1
    outer loop
      vertex 63.67 27.56 2.475
      vertex 59.93 27.56 2.475
      vertex 63.67 27.2 2.475
    endloop
  endfacet
  facet normal 0 0 1
    outer loop
      vertex 63.67 27.2 2.475
      vertex 59.93 27.56 2.475
      vertex 59.93 27.2 2.475
    endloop
  endfacet
  facet normal 0 0 -1
    outer loop
      vertex 59.93 27.56 7.425
      vertex 63.67 27.56 7.425
      vertex 63.67 27.2 7.425
    endloop
  endfacet
  facet normal 0 0 -1
    outer loop
      vertex 59.93 27.56 7.425
      vertex 63.67 27.2 7.425
      vertex 59.93 27.2 7.425
    endloop
  endfacet
  facet normal 0 0 -1
    outer loop
      vertex 63.67 27.56 7.425
      vertex 59.93 27.56 7.425
      vertex 63.67 27.8 7.425
    endloop
  endfacet
  facet normal -0 0 -1
    outer loop
      vertex 63.67 27.8 7.425
      vertex 59.93 27.56 7.425
      vertex 59.93 27.8 7.425
    endloop
  endfacet
  facet normal 1 -0 0
    outer loop
      vertex 59.93 27.2 7.425
      vertex 59.93 27.56 2.475
      vertex 59.93 27.56 7.425
    endloop
  endfacet
  facet normal 1 0 0
    outer loop
      vertex 59.93 27.56 2.475
      vertex 59.93 27.2 7.425
      vertex 59.93 27.2 2.475
    endloop
  endfacet
  facet normal 0 0 1
    outer loop
      vertex 44.8 25.58 2.475
      vertex 44.44 21.62 2.475
      vertex 44.8 21.62 2.475
    endloop
  endfacet
  facet normal -0 0 1
    outer loop
      vertex 44.2 25.58 2.475
      vertex 44.44 21.62 2.475
      vertex 44.8 25.58 2.475
    endloop
  endfacet
  facet normal 0 0 1
    outer loop
      vertex 44.44 21.62 2.475
      vertex 44.2 25.58 2.475
      vertex 44.2 21.62 2.475
    endloop
  endfacet
  facet normal 0 0 1
    outer loop
      vertex 65.8 25.58 2.475
      vertex 65.56 21.62 2.475
      vertex 65.8 21.62 2.475
    endloop
  endfacet
  facet normal -0 0 1
    outer loop
      vertex 65.2 25.58 2.475
      vertex 65.56 21.62 2.475
      vertex 65.8 25.58 2.475
    endloop
  endfacet
  facet normal 0 0 1
    outer loop
      vertex 65.2 21.62 2.475
      vertex 65.56 21.62 2.475
      vertex 65.2 25.58 2.475
    endloop
  endfacet
  facet normal 0 0 -1
    outer loop
      vertex 44.8 21.62 7.425
      vertex 44.44 21.62 7.425
      vertex 44.8 25.58 7.425
    endloop
  endfacet
  facet normal 0 0 -1
    outer loop
      vertex 44.2 25.58 7.425
      vertex 44.44 21.62 7.425
      vertex 44.2 21.62 7.425
    endloop
  endfacet
  facet normal 0 0 -1
    outer loop
      vertex 44.44 21.62 7.425
      vertex 44.2 25.58 7.425
      vertex 44.8 25.58 7.425
    endloop
  endfacet
  facet normal 0 0 -1
    outer loop
      vertex 65.56 21.62 7.425
      vertex 65.8 25.58 7.425
      vertex 65.8 21.62 7.425
    endloop
  endfacet
  facet normal 0 0 -1
    outer loop
      vertex 65.2 25.58 7.425
      vertex 65.56 21.62 7.425
      vertex 65.2 21.62 7.425
    endloop
  endfacet
  facet normal 0 0 -1
    outer loop
      vertex 65.56 21.62 7.425
      vertex 65.2 25.58 7.425
      vertex 65.8 25.58 7.425
    endloop
  endfacet
  facet normal 0 -1 0
    outer loop
      vertex 44.2 25.58 2.475
      vertex 44.8 25.58 7.425
      vertex 44.2 25.58 7.425
    endloop
  endfacet
  facet normal 0 -1 -0
    outer loop
      vertex 44.8 25.58 7.425
      vertex 44.2 25.58 2.475
      vertex 44.8 25.58 2.475
    endloop
  endfacet
  facet normal 0 -1 0
    outer loop
      vertex 65.2 25.58 2.475
      vertex 65.8 25.58 7.425
      vertex 65.2 25.58 7.425
    endloop
  endfacet
  facet normal 0 -1 -0
    outer loop
      vertex 65.8 25.58 7.425
      vertex 65.2 25.58 2.475
      vertex 65.8 25.58 2.475
    endloop
  endfacet
  facet normal 0 1 -0
    outer loop
      vertex 44.8 21.62 2.475
      vertex 44.44 21.62 7.425
      vertex 44.8 21.62 7.425
    endloop
  endfacet
  facet normal 0 1 0
    outer loop
      vertex 44.44 21.62 7.425
      vertex 44.8 21.62 2.475
      vertex 44.44 21.62 2.475
    endloop
  endfacet
  facet normal 0 1 -0
    outer loop
      vertex 65.56 21.62 2.475
      vertex 65.2 21.62 7.425
      vertex 65.56 21.62 7.425
    endloop
  endfacet
  facet normal 0 1 0
    outer loop
      vertex 65.2 21.62 7.425
      vertex 65.56 21.62 2.475
      vertex 65.2 21.62 2.475
    endloop
  endfacet
  facet normal -1 0 0
    outer loop
      vertex 59.2 23.3 16.8
      vertex 59.2 21.815 18.63
      vertex 59.2 23.3 22.35
    endloop
  endfacet
  facet normal -1 0 0
    outer loop
      vertex 59.2 20 16.8
      vertex 59.2 21.815 18.63
      vertex 59.2 23.3 16.8
    endloop
  endfacet
  facet normal -1 -0 0
    outer loop
      vertex 59.2 21.815 18.63
      vertex 59.2 20 16.8
      vertex 59.2 20 18.63
    endloop
  endfacet
  facet normal -1 0 0
    outer loop
      vertex 59.2 21.815 21.27
      vertex 59.2 23.3 22.35
      vertex 59.2 21.815 18.63
    endloop
  endfacet
  facet normal -1 0 0
    outer loop
      vertex 59.2 20 22.35
      vertex 59.2 21.815 21.27
      vertex 59.2 20 21.27
    endloop
  endfacet
  facet normal -1 0 0
    outer loop
      vertex 59.2 21.815 21.27
      vertex 59.2 20 22.35
      vertex 59.2 23.3 22.35
    endloop
  endfacet
  facet normal 0 0 -1
    outer loop
      vertex 50.8 20 16.8
      vertex 48.1 20 16.8
      vertex 50.8 23.3 16.8
    endloop
  endfacet
  facet normal 0 0 -1
    outer loop
      vertex 59.2 23.3 16.8
      vertex 61.9 20 16.8
      vertex 59.2 20 16.8
    endloop
  endfacet
  facet normal 0 0 -1
    outer loop
      vertex 61.9 20 16.8
      vertex 59.2 23.3 16.8
      vertex 61.9 25.4 16.8
    endloop
  endfacet
  facet normal 0 0 -1
    outer loop
      vertex 50.8 23.3 16.8
      vertex 61.9 25.4 16.8
      vertex 59.2 23.3 16.8
    endloop
  endfacet
  facet normal 0 0 -1
    outer loop
      vertex 50.8 23.3 16.8
      vertex 48.1 25.4 16.8
      vertex 61.9 25.4 16.8
    endloop
  endfacet
  facet normal 0 0 -1
    outer loop
      vertex 48.1 25.4 16.8
      vertex 50.8 23.3 16.8
      vertex 48.1 20 16.8
    endloop
  endfacet
  facet normal 0 0 -1
    outer loop
      vertex 50.8 20 22.35
      vertex 59.2 23.3 22.35
      vertex 59.2 20 22.35
    endloop
  endfacet
  facet normal -0 0 -1
    outer loop
      vertex 59.2 23.3 22.35
      vertex 50.8 20 22.35
      vertex 50.8 23.3 22.35
    endloop
  endfacet
  facet normal 1 0 0
    outer loop
      vertex 50.8 21.815 18.63
      vertex 50.8 23.3 22.35
      vertex 50.8 21.815 21.27
    endloop
  endfacet
  facet normal 1 -0 0
    outer loop
      vertex 50.8 20 22.35
      vertex 50.8 21.815 21.27
      vertex 50.8 23.3 22.35
    endloop
  endfacet
  facet normal 1 0 0
    outer loop
      vertex 50.8 21.815 21.27
      vertex 50.8 20 22.35
      vertex 50.8 20 21.27
    endloop
  endfacet
  facet normal 1 0 0
    outer loop
      vertex 50.8 23.3 22.35
      vertex 50.8 21.815 18.63
      vertex 50.8 23.3 16.8
    endloop
  endfacet
  facet normal 1 0 0
    outer loop
      vertex 50.8 20 16.8
      vertex 50.8 21.815 18.63
      vertex 50.8 20 18.63
    endloop
  endfacet
  facet normal 1 0 0
    outer loop
      vertex 50.8 21.815 18.63
      vertex 50.8 20 16.8
      vertex 50.8 23.3 16.8
    endloop
  endfacet
  facet normal 0 -1 0
    outer loop
      vertex 50.8 23.3 22.35
      vertex 52.69 23.3 21.27
      vertex 59.2 23.3 22.35
    endloop
  endfacet
  facet normal 0 -1 0
    outer loop
      vertex 50.8 23.3 22.35
      vertex 52.69 23.3 18.63
      vertex 52.69 23.3 21.27
    endloop
  endfacet
  facet normal 0 -1 -0
    outer loop
      vertex 52.69 23.3 18.63
      vertex 50.8 23.3 16.8
      vertex 57.31 23.3 18.63
    endloop
  endfacet
  facet normal 0 -1 0
    outer loop
      vertex 50.8 23.3 16.8
      vertex 52.69 23.3 18.63
      vertex 50.8 23.3 22.35
    endloop
  endfacet
  facet normal 0 -1 0
    outer loop
      vertex 57.31 23.3 21.27
      vertex 59.2 23.3 22.35
      vertex 52.69 23.3 21.27
    endloop
  endfacet
  facet normal 0 -1 0
    outer loop
      vertex 57.31 23.3 18.63
      vertex 59.2 23.3 22.35
      vertex 57.31 23.3 21.27
    endloop
  endfacet
  facet normal 0 -1 0
    outer loop
      vertex 57.31 23.3 18.63
      vertex 59.2 23.3 16.8
      vertex 59.2 23.3 22.35
    endloop
  endfacet
  facet normal 0 -1 0
    outer loop
      vertex 59.2 23.3 16.8
      vertex 57.31 23.3 18.63
      vertex 50.8 23.3 16.8
    endloop
  endfacet
  facet normal -1 0 0
    outer loop
      vertex 61.9 25.4 9.45
      vertex 61.9 22.97 11.685
      vertex 61.9 25.4 16.8
    endloop
  endfacet
  facet normal -1 0 0
    outer loop
      vertex 61.9 20 9.45
      vertex 61.9 22.97 11.685
      vertex 61.9 25.4 9.45
    endloop
  endfacet
  facet normal -1 -0 0
    outer loop
      vertex 61.9 22.97 11.685
      vertex 61.9 20 9.45
      vertex 61.9 20 11.685
    endloop
  endfacet
  facet normal -1 0 0
    outer loop
      vertex 61.9 22.97 15.315
      vertex 61.9 25.4 16.8
      vertex 61.9 22.97 11.685
    endloop
  endfacet
  facet normal -1 0 0
    outer loop
      vertex 61.9 20 16.8
      vertex 61.9 22.97 15.315
      vertex 61.9 20 15.315
    endloop
  endfacet
  facet normal -1 0 0
    outer loop
      vertex 61.9 22.97 15.315
      vertex 61.9 20 16.8
      vertex 61.9 25.4 16.8
    endloop
  endfacet
  facet normal 0 0 -1
    outer loop
      vertex 48.1 20 9.45
      vertex 44.8 20 9.45
      vertex 48.1 25.4 9.45
    endloop
  endfacet
  facet normal 0 0 -1
    outer loop
      vertex 61.9 25.4 9.45
      vertex 65.2 20 9.45
      vertex 61.9 20 9.45
    endloop
  endfacet
  facet normal 0 0 -1
    outer loop
      vertex 65.2 20 9.45
      vertex 61.9 25.4 9.45
      vertex 65.2 27.2 9.45
    endloop
  endfacet
  facet normal 0 0 -1
    outer loop
      vertex 48.1 25.4 9.45
      vertex 65.2 27.2 9.45
      vertex 61.9 25.4 9.45
    endloop
  endfacet
  facet normal 0 0 -1
    outer loop
      vertex 48.1 25.4 9.45
      vertex 44.8 27.2 9.45
      vertex 65.2 27.2 9.45
    endloop
  endfacet
  facet normal 0 0 -1
    outer loop
      vertex 44.8 27.2 9.45
      vertex 48.1 25.4 9.45
      vertex 44.8 20 9.45
    endloop
  endfacet
  facet normal 1 0 0
    outer loop
      vertex 48.1 22.97 11.685
      vertex 48.1 25.4 16.8
      vertex 48.1 22.97 15.315
    endloop
  endfacet
  facet normal 1 -0 0
    outer loop
      vertex 48.1 20 16.8
      vertex 48.1 22.97 15.315
      vertex 48.1 25.4 16.8
    endloop
  endfacet
  facet normal 1 0 0
    outer loop
      vertex 48.1 22.97 15.315
      vertex 48.1 20 16.8
      vertex 48.1 20 15.315
    endloop
  endfacet
  facet normal 1 0 0
    outer loop
      vertex 48.1 25.4 16.8
      vertex 48.1 22.97 11.685
      vertex 48.1 25.4 9.45
    endloop
  endfacet
  facet normal 1 0 0
    outer loop
      vertex 48.1 20 9.45
      vertex 48.1 22.97 11.685
      vertex 48.1 20 11.685
    endloop
  endfacet
  facet normal 1 0 0
    outer loop
      vertex 48.1 22.97 11.685
      vertex 48.1 20 9.45
      vertex 48.1 25.4 9.45
    endloop
  endfacet
  facet normal 0 -1 0
    outer loop
      vertex 53.4475 25.4 11.685
      vertex 56.5525 25.4 15.315
      vertex 53.4475 25.4 15.315
    endloop
  endfacet
  facet normal 0 -1 -0
    outer loop
      vertex 56.5525 25.4 15.315
      vertex 53.4475 25.4 11.685
      vertex 56.5525 25.4 11.685
    endloop
  endfacet
  facet normal 0 -1 0
    outer loop
      vertex 53.4475 25.4 15.315
      vertex 48.1 25.4 16.8
      vertex 49.6525 25.4 15.315
    endloop
  endfacet
  facet normal 0 -1 0
    outer loop
      vertex 48.1 25.4 16.8
      vertex 49.6525 25.4 11.685
      vertex 49.6525 25.4 15.315
    endloop
  endfacet
  facet normal 0 -1 0
    outer loop
      vertex 48.1 25.4 9.45
      vertex 53.4475 25.4 11.685
      vertex 49.6525 25.4 11.685
    endloop
  endfacet
  facet normal 0 -1 -0
    outer loop
      vertex 53.4475 25.4 11.685
      vertex 48.1 25.4 9.45
      vertex 56.5525 25.4 11.685
    endloop
  endfacet
  facet normal 0 -1 0
    outer loop
      vertex 61.9 25.4 9.45
      vertex 56.5525 25.4 11.685
      vertex 48.1 25.4 9.45
    endloop
  endfacet
  facet normal 0 -1 0
    outer loop
      vertex 48.1 25.4 9.45
      vertex 49.6525 25.4 11.685
      vertex 48.1 25.4 16.8
    endloop
  endfacet
  facet normal 0 -1 0
    outer loop
      vertex 48.1 25.4 16.8
      vertex 53.4475 25.4 15.315
      vertex 61.9 25.4 16.8
    endloop
  endfacet
  facet normal 0 -1 0
    outer loop
      vertex 56.5525 25.4 15.315
      vertex 61.9 25.4 16.8
      vertex 53.4475 25.4 15.315
    endloop
  endfacet
  facet normal 0 -1 0
    outer loop
      vertex 60.3475 25.4 15.315
      vertex 61.9 25.4 16.8
      vertex 56.5525 25.4 15.315
    endloop
  endfacet
  facet normal 0 -1 0
    outer loop
      vertex 60.3475 25.4 11.685
      vertex 61.9 25.4 16.8
      vertex 60.3475 25.4 15.315
    endloop
  endfacet
  facet normal 0 -1 0
    outer loop
      vertex 60.3475 25.4 11.685
      vertex 61.9 25.4 9.45
      vertex 61.9 25.4 16.8
    endloop
  endfacet
  facet normal 0 -1 0
    outer loop
      vertex 56.5525 25.4 11.685
      vertex 61.9 25.4 9.45
      vertex 60.3475 25.4 11.685
    endloop
  endfacet
  facet normal -1 0 0
    outer loop
      vertex 65.2 27.2 0.15
      vertex 65.2 25.58 2.475
      vertex 65.2 27.2 9.45
    endloop
  endfacet
  facet normal -1 0 0
    outer loop
      vertex 65.2 27.2 0.15
      vertex 65.2 21.62 2.475
      vertex 65.2 25.58 2.475
    endloop
  endfacet
  facet normal -1 0 0
    outer loop
      vertex 65.2 20 9.45
      vertex 65.2 21.62 2.475
      vertex 65.2 20 0.15
    endloop
  endfacet
  facet normal -1 0 0
    outer loop
      vertex 65.2 20 0.15
      vertex 65.2 21.62 2.475
      vertex 65.2 27.2 0.15
    endloop
  endfacet
  facet normal -1 0 0
    outer loop
      vertex 65.2 25.58 7.425
      vertex 65.2 27.2 9.45
      vertex 65.2 25.58 2.475
    endloop
  endfacet
  facet normal -1 0 0
    outer loop
      vertex 65.2 21.62 7.425
      vertex 65.2 27.2 9.45
      vertex 65.2 25.58 7.425
    endloop
  endfacet
  facet normal -1 0 0
    outer loop
      vertex 65.2 21.62 7.425
      vertex 65.2 20 9.45
      vertex 65.2 27.2 9.45
    endloop
  endfacet
  facet normal -1 0 0
    outer loop
      vertex 65.2 21.62 2.475
      vertex 65.2 20 9.45
      vertex 65.2 21.62 7.425
    endloop
  endfacet
  facet normal 0 0 1
    outer loop
      vertex 65.2 27.2 0.15
      vertex 64.975 26.975 0.15
      vertex 65.2 20 0.15
    endloop
  endfacet
  facet normal 0 0 1
    outer loop
      vertex 65.2 27.2 0.15
      vertex 45.025 26.975 0.15
      vertex 64.975 26.975 0.15
    endloop
  endfacet
  facet normal -0 0 1
    outer loop
      vertex 44.8 27.2 0.15
      vertex 45.025 26.975 0.15
      vertex 65.2 27.2 0.15
    endloop
  endfacet
  facet normal 0 0 1
    outer loop
      vertex 44.8 20 0.15
      vertex 45.025 26.975 0.15
      vertex 44.8 27.2 0.15
    endloop
  endfacet
  facet normal 0 0 1
    outer loop
      vertex 45.025 26.975 0.15
      vertex 44.8 20 0.15
      vertex 45.025 20 0.15
    endloop
  endfacet
  facet normal 0 0 1
    outer loop
      vertex 65.2 20 0.15
      vertex 64.975 26.975 0.15
      vertex 64.975 20 0.15
    endloop
  endfacet
  facet normal 1 0 0
    outer loop
      vertex 44.8 25.58 2.475
      vertex 44.8 27.2 9.45
      vertex 44.8 25.58 7.425
    endloop
  endfacet
  facet normal 1 0 0
    outer loop
      vertex 44.8 27.2 9.45
      vertex 44.8 21.62 7.425
      vertex 44.8 25.58 7.425
    endloop
  endfacet
  facet normal 1 0 0
    outer loop
      vertex 44.8 21.62 7.425
      vertex 44.8 20 9.45
      vertex 44.8 21.62 2.475
    endloop
  endfacet
  facet normal 1 -0 0
    outer loop
      vertex 44.8 20 9.45
      vertex 44.8 21.62 7.425
      vertex 44.8 27.2 9.45
    endloop
  endfacet
  facet normal 1 0 0
    outer loop
      vertex 44.8 27.2 9.45
      vertex 44.8 25.58 2.475
      vertex 44.8 27.2 0.15
    endloop
  endfacet
  facet normal 1 -0 0
    outer loop
      vertex 44.8 21.62 2.475
      vertex 44.8 27.2 0.15
      vertex 44.8 25.58 2.475
    endloop
  endfacet
  facet normal 1 0 0
    outer loop
      vertex 44.8 21.62 2.475
      vertex 44.8 20 0.15
      vertex 44.8 27.2 0.15
    endloop
  endfacet
  facet normal 1 0 0
    outer loop
      vertex 44.8 20 0.15
      vertex 44.8 21.62 2.475
      vertex 44.8 20 9.45
    endloop
  endfacet
  facet normal 0 -1 0
    outer loop
      vertex 56.87 27.2 2.475
      vertex 59.93 27.2 7.425
      vertex 56.87 27.2 7.425
    endloop
  endfacet
  facet normal 0 -1 -0
    outer loop
      vertex 59.93 27.2 7.425
      vertex 56.87 27.2 2.475
      vertex 59.93 27.2 2.475
    endloop
  endfacet
  facet normal 0 -1 0
    outer loop
      vertex 50.07 27.2 2.475
      vertex 53.13 27.2 7.425
      vertex 50.07 27.2 7.425
    endloop
  endfacet
  facet normal 0 -1 -0
    outer loop
      vertex 53.13 27.2 7.425
      vertex 50.07 27.2 2.475
      vertex 53.13 27.2 2.475
    endloop
  endfacet
  facet normal 0 -1 0
    outer loop
      vertex 50.07 27.2 7.425
      vertex 44.8 27.2 9.45
      vertex 46.33 27.2 7.425
    endloop
  endfacet
  facet normal 0 -1 0
    outer loop
      vertex 44.8 27.2 9.45
      vertex 46.33 27.2 2.475
      vertex 46.33 27.2 7.425
    endloop
  endfacet
  facet normal 0 -1 0
    outer loop
      vertex 44.8 27.2 0.15
      vertex 50.07 27.2 2.475
      vertex 46.33 27.2 2.475
    endloop
  endfacet
  facet normal 0 -1 -0
    outer loop
      vertex 50.07 27.2 2.475
      vertex 44.8 27.2 0.15
      vertex 53.13 27.2 2.475
    endloop
  endfacet
  facet normal 0 -1 -0
    outer loop
      vertex 53.13 27.2 2.475
      vertex 44.8 27.2 0.15
      vertex 56.87 27.2 2.475
    endloop
  endfacet
  facet normal 0 -1 0
    outer loop
      vertex 65.2 27.2 0.15
      vertex 56.87 27.2 2.475
      vertex 44.8 27.2 0.15
    endloop
  endfacet
  facet normal 0 -1 0
    outer loop
      vertex 56.87 27.2 2.475
      vertex 65.2 27.2 0.15
      vertex 59.93 27.2 2.475
    endloop
  endfacet
  facet normal 0 -1 0
    outer loop
      vertex 44.8 27.2 0.15
      vertex 46.33 27.2 2.475
      vertex 44.8 27.2 9.45
    endloop
  endfacet
  facet normal 0 -1 0
    outer loop
      vertex 53.13 27.2 7.425
      vertex 44.8 27.2 9.45
      vertex 50.07 27.2 7.425
    endloop
  endfacet
  facet normal 0 -1 0
    outer loop
      vertex 44.8 27.2 9.45
      vertex 53.13 27.2 7.425
      vertex 65.2 27.2 9.45
    endloop
  endfacet
  facet normal 0 -1 0
    outer loop
      vertex 56.87 27.2 7.425
      vertex 65.2 27.2 9.45
      vertex 53.13 27.2 7.425
    endloop
  endfacet
  facet normal 0 -1 0
    outer loop
      vertex 59.93 27.2 7.425
      vertex 65.2 27.2 9.45
      vertex 56.87 27.2 7.425
    endloop
  endfacet
  facet normal 0 -1 0
    outer loop
      vertex 63.67 27.2 7.425
      vertex 65.2 27.2 9.45
      vertex 59.93 27.2 7.425
    endloop
  endfacet
  facet normal 0 -1 0
    outer loop
      vertex 63.67 27.2 2.475
      vertex 65.2 27.2 9.45
      vertex 63.67 27.2 7.425
    endloop
  endfacet
  facet normal 0 -1 0
    outer loop
      vertex 63.67 27.2 2.475
      vertex 65.2 27.2 0.15
      vertex 65.2 27.2 9.45
    endloop
  endfacet
  facet normal 0 -1 0
    outer loop
      vertex 59.93 27.2 2.475
      vertex 65.2 27.2 0.15
      vertex 63.67 27.2 2.475
    endloop
  endfacet
  facet normal -1 0 0
    outer loop
      vertex 64.975 20 0
      vertex 64.975 26.975 0.15
      vertex 64.975 26.975 0
    endloop
  endfacet
  facet normal -1 -0 0
    outer loop
      vertex 64.975 26.975 0.15
      vertex 64.975 20 0
      vertex 64.975 20 0.15
    endloop
  endfacet
  facet normal 1 -0 0
    outer loop
      vertex 45.025 20 0.15
      vertex 45.025 26.975 0
      vertex 45.025 26.975 0.15
    endloop
  endfacet
  facet normal 1 0 0
    outer loop
      vertex 45.025 26.975 0
      vertex 45.025 20 0.15
      vertex 45.025 20 0
    endloop
  endfacet
  facet normal 0 -1 0
    outer loop
      vertex 45.025 26.975 0
      vertex 64.975 26.975 0.15
      vertex 45.025 26.975 0.15
    endloop
  endfacet
  facet normal 0 -1 -0
    outer loop
      vertex 64.975 26.975 0.15
      vertex 45.025 26.975 0
      vertex 64.975 26.975 0
    endloop
  endfacet
  facet normal -1 0 0
    outer loop
      vertex 57.31 23.9 18.63
      vertex 57.31 23.66 21.27
      vertex 57.31 23.9 21.27
    endloop
  endfacet
  facet normal -1 0 0
    outer loop
      vertex 57.31 23.3 18.63
      vertex 57.31 23.66 21.27
      vertex 57.31 23.9 18.63
    endloop
  endfacet
  facet normal -1 -0 0
    outer loop
      vertex 57.31 23.66 21.27
      vertex 57.31 23.3 18.63
      vertex 57.31 23.3 21.27
    endloop
  endfacet
  facet normal -0 0 1
    outer loop
      vertex 52.69 23.9 18.63
      vertex 57.31 23.3 18.63
      vertex 57.31 23.9 18.63
    endloop
  endfacet
  facet normal 0 0 1
    outer loop
      vertex 57.31 23.3 18.63
      vertex 52.69 23.9 18.63
      vertex 52.69 23.3 18.63
    endloop
  endfacet
  facet normal 0 0 -1
    outer loop
      vertex 52.69 23.3 21.27
      vertex 57.31 23.66 21.27
      vertex 57.31 23.3 21.27
    endloop
  endfacet
  facet normal -0 0 -1
    outer loop
      vertex 57.31 23.66 21.27
      vertex 52.69 23.3 21.27
      vertex 52.69 23.66 21.27
    endloop
  endfacet
  facet normal 1 -0 0
    outer loop
      vertex 52.69 23.66 21.27
      vertex 52.69 23.9 18.63
      vertex 52.69 23.9 21.27
    endloop
  endfacet
  facet normal 1 0 0
    outer loop
      vertex 52.69 23.3 18.63
      vertex 52.69 23.66 21.27
      vertex 52.69 23.3 21.27
    endloop
  endfacet
  facet normal 1 0 0
    outer loop
      vertex 52.69 23.66 21.27
      vertex 52.69 23.3 18.63
      vertex 52.69 23.9 18.63
    endloop
  endfacet
  facet normal -0 0 1
    outer loop
      vertex 50.2 21.815 18.63
      vertex 50.8 20 18.63
      vertex 50.8 21.815 18.63
    endloop
  endfacet
  facet normal 0 0 1
    outer loop
      vertex 50.8 20 18.63
      vertex 50.2 21.815 18.63
      vertex 50.2 20 18.63
    endloop
  endfacet
  facet normal -0 0 1
    outer loop
      vertex 59.2 21.815 18.63
      vertex 59.8 20 18.63
      vertex 59.8 21.815 18.63
    endloop
  endfacet
  facet normal 0 0 1
    outer loop
      vertex 59.8 20 18.63
      vertex 59.2 21.815 18.63
      vertex 59.2 20 18.63
    endloop
  endfacet
  facet normal 0 0 -1
    outer loop
      vertex 50.44 20 21.27
      vertex 50.8 21.815 21.27
      vertex 50.8 20 21.27
    endloop
  endfacet
  facet normal -0 0 -1
    outer loop
      vertex 50.8 21.815 21.27
      vertex 50.44 20 21.27
      vertex 50.44 21.815 21.27
    endloop
  endfacet
  facet normal 0 0 -1
    outer loop
      vertex 59.2 20 21.27
      vertex 59.56 21.815 21.27
      vertex 59.56 20 21.27
    endloop
  endfacet
  facet normal -0 0 -1
    outer loop
      vertex 59.56 21.815 21.27
      vertex 59.2 20 21.27
      vertex 59.2 21.815 21.27
    endloop
  endfacet
  facet normal 0 -1 0
    outer loop
      vertex 50.2 21.815 18.63
      vertex 50.44 21.815 21.27
      vertex 50.2 21.815 21.27
    endloop
  endfacet
  facet normal 0 -1 0
    outer loop
      vertex 50.8 21.815 18.63
      vertex 50.44 21.815 21.27
      vertex 50.2 21.815 18.63
    endloop
  endfacet
  facet normal 0 -1 0
    outer loop
      vertex 50.44 21.815 21.27
      vertex 50.8 21.815 18.63
      vertex 50.8 21.815 21.27
    endloop
  endfacet
  facet normal 0 -1 0
    outer loop
      vertex 59.2 21.815 18.63
      vertex 59.56 21.815 21.27
      vertex 59.2 21.815 21.27
    endloop
  endfacet
  facet normal 0 -1 0
    outer loop
      vertex 59.8 21.815 18.63
      vertex 59.56 21.815 21.27
      vertex 59.2 21.815 18.63
    endloop
  endfacet
  facet normal 0 -1 0
    outer loop
      vertex 59.56 21.815 21.27
      vertex 59.8 21.815 18.63
      vertex 59.8 21.815 21.27
    endloop
  endfacet
  facet normal -0 0 1
    outer loop
      vertex 47.5 22.97 11.685
      vertex 48.1 20 11.685
      vertex 48.1 22.97 11.685
    endloop
  endfacet
  facet normal 0 0 1
    outer loop
      vertex 48.1 20 11.685
      vertex 47.5 22.97 11.685
      vertex 47.5 20 11.685
    endloop
  endfacet
  facet normal -0 0 1
    outer loop
      vertex 61.9 22.97 11.685
      vertex 62.5 20 11.685
      vertex 62.5 22.97 11.685
    endloop
  endfacet
  facet normal 0 0 1
    outer loop
      vertex 62.5 20 11.685
      vertex 61.9 22.97 11.685
      vertex 61.9 20 11.685
    endloop
  endfacet
  facet normal 0 0 -1
    outer loop
      vertex 47.74 20 15.315
      vertex 48.1 22.97 15.315
      vertex 48.1 20 15.315
    endloop
  endfacet
  facet normal -0 0 -1
    outer loop
      vertex 48.1 22.97 15.315
      vertex 47.74 20 15.315
      vertex 47.74 22.97 15.315
    endloop
  endfacet
  facet normal 0 0 -1
    outer loop
      vertex 61.9 20 15.315
      vertex 62.26 22.97 15.315
      vertex 62.26 20 15.315
    endloop
  endfacet
  facet normal -0 0 -1
    outer loop
      vertex 62.26 22.97 15.315
      vertex 61.9 20 15.315
      vertex 61.9 22.97 15.315
    endloop
  endfacet
  facet normal 0 -1 0
    outer loop
      vertex 47.5 22.97 11.685
      vertex 47.74 22.97 15.315
      vertex 47.5 22.97 15.315
    endloop
  endfacet
  facet normal 0 -1 0
    outer loop
      vertex 48.1 22.97 11.685
      vertex 47.74 22.97 15.315
      vertex 47.5 22.97 11.685
    endloop
  endfacet
  facet normal 0 -1 0
    outer loop
      vertex 47.74 22.97 15.315
      vertex 48.1 22.97 11.685
      vertex 48.1 22.97 15.315
    endloop
  endfacet
  facet normal 0 -1 0
    outer loop
      vertex 61.9 22.97 11.685
      vertex 62.26 22.97 15.315
      vertex 61.9 22.97 15.315
    endloop
  endfacet
  facet normal 0 -1 0
    outer loop
      vertex 62.5 22.97 11.685
      vertex 62.26 22.97 15.315
      vertex 61.9 22.97 11.685
    endloop
  endfacet
  facet normal 0 -1 0
    outer loop
      vertex 62.26 22.97 15.315
      vertex 62.5 22.97 11.685
      vertex 62.5 22.97 15.315
    endloop
  endfacet
  facet normal 0 0 -1
    outer loop
      vertex 52.69 23.66 21.27
      vertex 57.31 23.9 21.27
      vertex 57.31 23.66 21.27
    endloop
  endfacet
  facet normal -0 0 -1
    outer loop
      vertex 57.31 23.9 21.27
      vertex 52.69 23.66 21.27
      vertex 52.69 23.9 21.27
    endloop
  endfacet
  facet normal 0 0 -1
    outer loop
      vertex 50.2 20 21.27
      vertex 50.44 21.815 21.27
      vertex 50.44 20 21.27
    endloop
  endfacet
  facet normal -0 0 -1
    outer loop
      vertex 50.44 21.815 21.27
      vertex 50.2 20 21.27
      vertex 50.2 21.815 21.27
    endloop
  endfacet
  facet normal 0 0 -1
    outer loop
      vertex 59.56 20 21.27
      vertex 59.8 21.815 21.27
      vertex 59.8 20 21.27
    endloop
  endfacet
  facet normal -0 0 -1
    outer loop
      vertex 59.8 21.815 21.27
      vertex 59.56 20 21.27
      vertex 59.56 21.815 21.27
    endloop
  endfacet
  facet normal -1 0 0
    outer loop
      vertex 53.4475 25.76 11.685
      vertex 53.4475 26 15.315
      vertex 53.4475 26 11.685
    endloop
  endfacet
  facet normal -1 -0 0
    outer loop
      vertex 53.4475 26 15.315
      vertex 53.4475 25.76 11.685
      vertex 53.4475 25.76 15.315
    endloop
  endfacet
  facet normal 0 0 -1
    outer loop
      vertex 49.6525 25.76 15.315
      vertex 53.4475 26 15.315
      vertex 53.4475 25.76 15.315
    endloop
  endfacet
  facet normal -0 0 -1
    outer loop
      vertex 53.4475 26 15.315
      vertex 49.6525 25.76 15.315
      vertex 49.6525 26 15.315
    endloop
  endfacet
  facet normal 0 0 -1
    outer loop
      vertex 56.5525 25.76 15.315
      vertex 60.3475 26 15.315
      vertex 60.3475 25.76 15.315
    endloop
  endfacet
  facet normal -0 0 -1
    outer loop
      vertex 60.3475 26 15.315
      vertex 56.5525 25.76 15.315
      vertex 56.5525 26 15.315
    endloop
  endfacet
  facet normal 1 -0 0
    outer loop
      vertex 56.5525 25.76 15.315
      vertex 56.5525 26 11.685
      vertex 56.5525 26 15.315
    endloop
  endfacet
  facet normal 1 0 0
    outer loop
      vertex 56.5525 26 11.685
      vertex 56.5525 25.76 15.315
      vertex 56.5525 25.76 11.685
    endloop
  endfacet
  facet normal 0 0 -1
    outer loop
      vertex 47.5 20 15.315
      vertex 47.74 22.97 15.315
      vertex 47.74 20 15.315
    endloop
  endfacet
  facet normal -0 0 -1
    outer loop
      vertex 47.74 22.97 15.315
      vertex 47.5 20 15.315
      vertex 47.5 22.97 15.315
    endloop
  endfacet
  facet normal 0 0 -1
    outer loop
      vertex 62.26 20 15.315
      vertex 62.5 22.97 15.315
      vertex 62.5 20 15.315
    endloop
  endfacet
  facet normal -0 0 -1
    outer loop
      vertex 62.5 22.97 15.315
      vertex 62.26 20 15.315
      vertex 62.26 22.97 15.315
    endloop
  endfacet
  facet normal -1 0 0
    outer loop
      vertex 50.07 27.56 2.475
      vertex 50.07 27.8 7.425
      vertex 50.07 27.8 2.475
    endloop
  endfacet
  facet normal -1 -0 0
    outer loop
      vertex 50.07 27.8 7.425
      vertex 50.07 27.56 2.475
      vertex 50.07 27.56 7.425
    endloop
  endfacet
  facet normal 1 -0 0
    outer loop
      vertex 46.33 27.56 7.425
      vertex 46.33 27.8 2.475
      vertex 46.33 27.8 7.425
    endloop
  endfacet
  facet normal 1 0 0
    outer loop
      vertex 46.33 27.8 2.475
      vertex 46.33 27.56 7.425
      vertex 46.33 27.56 2.475
    endloop
  endfacet
  facet normal -1 0 0
    outer loop
      vertex 63.67 27.56 2.475
      vertex 63.67 27.8 7.425
      vertex 63.67 27.8 2.475
    endloop
  endfacet
  facet normal -1 -0 0
    outer loop
      vertex 63.67 27.8 7.425
      vertex 63.67 27.56 2.475
      vertex 63.67 27.56 7.425
    endloop
  endfacet
  facet normal 1 -0 0
    outer loop
      vertex 59.93 27.56 7.425
      vertex 59.93 27.8 2.475
      vertex 59.93 27.8 7.425
    endloop
  endfacet
  facet normal 1 0 0
    outer loop
      vertex 59.93 27.8 2.475
      vertex 59.93 27.56 7.425
      vertex 59.93 27.56 2.475
    endloop
  endfacet
  facet normal 0 1 -0
    outer loop
      vertex 44.44 21.62 2.475
      vertex 44.2 21.62 7.425
      vertex 44.44 21.62 7.425
    endloop
  endfacet
  facet normal 0 1 0
    outer loop
      vertex 44.2 21.62 7.425
      vertex 44.44 21.62 2.475
      vertex 44.2 21.62 2.475
    endloop
  endfacet
  facet normal 0 1 -0
    outer loop
      vertex 65.8 21.62 2.475
      vertex 65.56 21.62 7.425
      vertex 65.8 21.62 7.425
    endloop
  endfacet
  facet normal 0 1 0
    outer loop
      vertex 65.56 21.62 7.425
      vertex 65.8 21.62 2.475
      vertex 65.56 21.62 2.475
    endloop
  endfacet
  facet normal 0 -1 0
    outer loop
      vertex 44.2 20 10.2
      vertex 44.8 20 9.45
      vertex 47.5 20 10.2
    endloop
  endfacet
  facet normal 0 -1 0
    outer loop
      vertex 44.2 20 0.45
      vertex 44.8 20 9.45
      vertex 44.2 20 10.2
    endloop
  endfacet
  facet normal 0 -1 0
    outer loop
      vertex 44.425 20 0.45
      vertex 44.8 20 9.45
      vertex 44.2 20 0.45
    endloop
  endfacet
  facet normal 0 -1 0
    outer loop
      vertex 44.425 20 0.45
      vertex 44.8 20 0.15
      vertex 44.8 20 9.45
    endloop
  endfacet
  facet normal 0 -1 0
    outer loop
      vertex 44.425 20 0
      vertex 44.8 20 0.15
      vertex 44.425 20 0.45
    endloop
  endfacet
  facet normal 0 -1 0
    outer loop
      vertex 45.025 20 0
      vertex 44.8 20 0.15
      vertex 44.425 20 0
    endloop
  endfacet
  facet normal 0 -1 0
    outer loop
      vertex 44.8 20 0.15
      vertex 45.025 20 0
      vertex 45.025 20 0.15
    endloop
  endfacet
  facet normal 0 -1 0
    outer loop
      vertex 47.5 20 10.2
      vertex 48.1 20 11.685
      vertex 47.5 20 11.685
    endloop
  endfacet
  facet normal 0 -1 0
    outer loop
      vertex 47.5 20 10.2
      vertex 48.1 20 9.45
      vertex 48.1 20 11.685
    endloop
  endfacet
  facet normal 0 -1 0
    outer loop
      vertex 48.1 20 9.45
      vertex 47.5 20 10.2
      vertex 44.8 20 9.45
    endloop
  endfacet
  facet normal 0 -1 0
    outer loop
      vertex 47.5 20 17.55
      vertex 48.1 20 16.8
      vertex 50.2 20 17.55
    endloop
  endfacet
  facet normal 0 -1 0
    outer loop
      vertex 47.5 20 15.315
      vertex 48.1 20 16.8
      vertex 47.5 20 17.55
    endloop
  endfacet
  facet normal 0 -1 0
    outer loop
      vertex 47.74 20 15.315
      vertex 48.1 20 16.8
      vertex 47.5 20 15.315
    endloop
  endfacet
  facet normal 0 -1 -0
    outer loop
      vertex 48.1 20 16.8
      vertex 47.74 20 15.315
      vertex 48.1 20 15.315
    endloop
  endfacet
  facet normal 0 -1 0
    outer loop
      vertex 50.2 20 17.55
      vertex 50.8 20 18.63
      vertex 50.2 20 18.63
    endloop
  endfacet
  facet normal 0 -1 0
    outer loop
      vertex 50.2 20 17.55
      vertex 50.8 20 16.8
      vertex 50.8 20 18.63
    endloop
  endfacet
  facet normal 0 -1 0
    outer loop
      vertex 50.8 20 16.8
      vertex 50.2 20 17.55
      vertex 48.1 20 16.8
    endloop
  endfacet
  facet normal 0 -1 0
    outer loop
      vertex 50.2 20 22.95
      vertex 50.8 20 22.35
      vertex 59.8 20 22.95
    endloop
  endfacet
  facet normal 0 -1 0
    outer loop
      vertex 50.2 20 21.27
      vertex 50.8 20 22.35
      vertex 50.2 20 22.95
    endloop
  endfacet
  facet normal 0 -1 0
    outer loop
      vertex 50.44 20 21.27
      vertex 50.8 20 22.35
      vertex 50.2 20 21.27
    endloop
  endfacet
  facet normal 0 -1 -0
    outer loop
      vertex 50.8 20 22.35
      vertex 50.44 20 21.27
      vertex 50.8 20 21.27
    endloop
  endfacet
  facet normal 0 -1 0
    outer loop
      vertex 59.2 20 22.35
      vertex 59.8 20 22.95
      vertex 50.8 20 22.35
    endloop
  endfacet
  facet normal 0 -1 0
    outer loop
      vertex 59.56 20 21.27
      vertex 59.2 20 22.35
      vertex 59.2 20 21.27
    endloop
  endfacet
  facet normal 0 -1 0
    outer loop
      vertex 59.8 20 21.27
      vertex 59.2 20 22.35
      vertex 59.56 20 21.27
    endloop
  endfacet
  facet normal 0 -1 0
    outer loop
      vertex 59.2 20 22.35
      vertex 59.8 20 21.27
      vertex 59.8 20 22.95
    endloop
  endfacet
  facet normal 0 -1 0
    outer loop
      vertex 59.2 20 18.63
      vertex 59.8 20 17.55
      vertex 59.8 20 18.63
    endloop
  endfacet
  facet normal 0 -1 0
    outer loop
      vertex 59.2 20 16.8
      vertex 59.8 20 17.55
      vertex 59.2 20 18.63
    endloop
  endfacet
  facet normal 0 -1 0
    outer loop
      vertex 61.9 20 16.8
      vertex 59.8 20 17.55
      vertex 59.2 20 16.8
    endloop
  endfacet
  facet normal 0 -1 0
    outer loop
      vertex 59.8 20 17.55
      vertex 61.9 20 16.8
      vertex 62.5 20 17.55
    endloop
  endfacet
  facet normal 0 -1 0
    outer loop
      vertex 62.26 20 15.315
      vertex 61.9 20 16.8
      vertex 61.9 20 15.315
    endloop
  endfacet
  facet normal 0 -1 0
    outer loop
      vertex 62.5 20 15.315
      vertex 61.9 20 16.8
      vertex 62.26 20 15.315
    endloop
  endfacet
  facet normal 0 -1 0
    outer loop
      vertex 61.9 20 16.8
      vertex 62.5 20 15.315
      vertex 62.5 20 17.55
    endloop
  endfacet
  facet normal 0 -1 0
    outer loop
      vertex 64.975 20 0.15
      vertex 64.975 20 0
      vertex 65.2 20 0.15
    endloop
  endfacet
  facet normal 0 -1 0
    outer loop
      vertex 65.2 20 0.15
      vertex 65.575 20 0.45
      vertex 65.2 20 9.45
    endloop
  endfacet
  facet normal 0 -1 0
    outer loop
      vertex 65.2 20 0.15
      vertex 65.575 20 0
      vertex 65.575 20 0.45
    endloop
  endfacet
  facet normal 0 -1 0
    outer loop
      vertex 65.575 20 0
      vertex 65.2 20 0.15
      vertex 64.975 20 0
    endloop
  endfacet
  facet normal 0 -1 0
    outer loop
      vertex 61.9 20 11.685
      vertex 62.5 20 10.2
      vertex 62.5 20 11.685
    endloop
  endfacet
  facet normal 0 -1 0
    outer loop
      vertex 61.9 20 9.45
      vertex 62.5 20 10.2
      vertex 61.9 20 11.685
    endloop
  endfacet
  facet normal 0 -1 0
    outer loop
      vertex 65.2 20 9.45
      vertex 62.5 20 10.2
      vertex 61.9 20 9.45
    endloop
  endfacet
  facet normal 0 -1 0
    outer loop
      vertex 62.5 20 10.2
      vertex 65.2 20 9.45
      vertex 65.8 20 10.2
    endloop
  endfacet
  facet normal 0 -1 0
    outer loop
      vertex 65.8 20 0.45
      vertex 65.2 20 9.45
      vertex 65.575 20 0.45
    endloop
  endfacet
  facet normal 0 -1 0
    outer loop
      vertex 65.2 20 9.45
      vertex 65.8 20 0.45
      vertex 65.8 20 10.2
    endloop
  endfacet
  facet normal 1 0 0
    outer loop
      vertex 59.8 10 22.95
      vertex 59.8 8.185 21.27
      vertex 59.8 10 21.27
    endloop
  endfacet
  facet normal 1 0 0
    outer loop
      vertex 59.8 6.1 17.55
      vertex 59.8 8.185 21.27
      vertex 59.8 6.1 22.95
    endloop
  endfacet
  facet normal 1 -0 0
    outer loop
      vertex 59.8 6.1 22.95
      vertex 59.8 8.185 21.27
      vertex 59.8 10 22.95
    endloop
  endfacet
  facet normal 1 -0 0
    outer loop
      vertex 59.8 8.185 18.63
      vertex 59.8 10 17.55
      vertex 59.8 10 18.63
    endloop
  endfacet
  facet normal 1 0 0
    outer loop
      vertex 59.8 8.185 18.63
      vertex 59.8 6.1 17.55
      vertex 59.8 10 17.55
    endloop
  endfacet
  facet normal 1 0 0
    outer loop
      vertex 59.8 8.185 21.27
      vertex 59.8 6.1 17.55
      vertex 59.8 8.185 18.63
    endloop
  endfacet
  facet normal -0 0 1
    outer loop
      vertex 50.2 10 22.95
      vertex 59.8 6.1 22.95
      vertex 59.8 10 22.95
    endloop
  endfacet
  facet normal 0 0 1
    outer loop
      vertex 59.8 6.1 22.95
      vertex 50.2 10 22.95
      vertex 50.2 6.1 22.95
    endloop
  endfacet
  facet normal -1 0 0
    outer loop
      vertex 50.2 10 17.55
      vertex 50.2 8.185 18.63
      vertex 50.2 10 18.63
    endloop
  endfacet
  facet normal -1 -0 0
    outer loop
      vertex 50.2 8.185 18.63
      vertex 50.2 6.1 17.55
      vertex 50.2 8.185 21.27
    endloop
  endfacet
  facet normal -1 0 0
    outer loop
      vertex 50.2 6.1 17.55
      vertex 50.2 8.185 18.63
      vertex 50.2 10 17.55
    endloop
  endfacet
  facet normal -1 0 0
    outer loop
      vertex 50.2 8.185 21.27
      vertex 50.2 10 22.95
      vertex 50.2 10 21.27
    endloop
  endfacet
  facet normal -1 0 0
    outer loop
      vertex 50.2 8.185 21.27
      vertex 50.2 6.1 22.95
      vertex 50.2 10 22.95
    endloop
  endfacet
  facet normal -1 0 0
    outer loop
      vertex 50.2 6.1 22.95
      vertex 50.2 8.185 21.27
      vertex 50.2 6.1 17.55
    endloop
  endfacet
  facet normal 0 -1 0
    outer loop
      vertex 50.2 6.1 22.95
      vertex 52.69 6.1 21.27
      vertex 59.8 6.1 22.95
    endloop
  endfacet
  facet normal 0 -1 0
    outer loop
      vertex 50.2 6.1 17.55
      vertex 52.69 6.1 21.27
      vertex 50.2 6.1 22.95
    endloop
  endfacet
  facet normal 0 -1 -0
    outer loop
      vertex 52.69 6.1 18.63
      vertex 50.2 6.1 17.55
      vertex 57.31 6.1 18.63
    endloop
  endfacet
  facet normal 0 -1 -0
    outer loop
      vertex 52.69 6.1 21.27
      vertex 50.2 6.1 17.55
      vertex 52.69 6.1 18.63
    endloop
  endfacet
  facet normal 0 -1 0
    outer loop
      vertex 57.31 6.1 21.27
      vertex 59.8 6.1 22.95
      vertex 52.69 6.1 21.27
    endloop
  endfacet
  facet normal 0 -1 0
    outer loop
      vertex 59.8 6.1 17.55
      vertex 57.31 6.1 21.27
      vertex 57.31 6.1 18.63
    endloop
  endfacet
  facet normal 0 -1 0
    outer loop
      vertex 57.31 6.1 21.27
      vertex 59.8 6.1 17.55
      vertex 59.8 6.1 22.95
    endloop
  endfacet
  facet normal 0 -1 0
    outer loop
      vertex 59.8 6.1 17.55
      vertex 57.31 6.1 18.63
      vertex 50.2 6.1 17.55
    endloop
  endfacet
  facet normal 0 0 1
    outer loop
      vertex 50.2 10 17.55
      vertex 47.5 10 17.55
      vertex 50.2 6.1 17.55
    endloop
  endfacet
  facet normal 0 0 1
    outer loop
      vertex 59.8 6.1 17.55
      vertex 62.5 10 17.55
      vertex 59.8 10 17.55
    endloop
  endfacet
  facet normal 0 0 1
    outer loop
      vertex 62.5 10 17.55
      vertex 59.8 6.1 17.55
      vertex 62.5 4 17.55
    endloop
  endfacet
  facet normal -0 0 1
    outer loop
      vertex 50.2 6.1 17.55
      vertex 62.5 4 17.55
      vertex 59.8 6.1 17.55
    endloop
  endfacet
  facet normal 0 0 1
    outer loop
      vertex 50.2 6.1 17.55
      vertex 47.5 4 17.55
      vertex 62.5 4 17.55
    endloop
  endfacet
  facet normal 0 0 1
    outer loop
      vertex 47.5 4 17.55
      vertex 50.2 6.1 17.55
      vertex 47.5 10 17.55
    endloop
  endfacet
  facet normal 1 0 0
    outer loop
      vertex 62.5 10 17.55
      vertex 62.5 7.03 15.315
      vertex 62.5 10 15.315
    endloop
  endfacet
  facet normal 1 0 0
    outer loop
      vertex 62.5 4 10.2
      vertex 62.5 7.03 15.315
      vertex 62.5 4 17.55
    endloop
  endfacet
  facet normal 1 -0 0
    outer loop
      vertex 62.5 4 17.55
      vertex 62.5 7.03 15.315
      vertex 62.5 10 17.55
    endloop
  endfacet
  facet normal 1 -0 0
    outer loop
      vertex 62.5 7.03 11.685
      vertex 62.5 10 10.2
      vertex 62.5 10 11.685
    endloop
  endfacet
  facet normal 1 0 0
    outer loop
      vertex 62.5 7.03 11.685
      vertex 62.5 4 10.2
      vertex 62.5 10 10.2
    endloop
  endfacet
  facet normal 1 0 0
    outer loop
      vertex 62.5 7.03 15.315
      vertex 62.5 4 10.2
      vertex 62.5 7.03 11.685
    endloop
  endfacet
  facet normal -1 0 0
    outer loop
      vertex 47.5 10 10.2
      vertex 47.5 7.03 11.685
      vertex 47.5 10 11.685
    endloop
  endfacet
  facet normal -1 -0 0
    outer loop
      vertex 47.5 7.03 11.685
      vertex 47.5 4 10.2
      vertex 47.5 7.03 15.315
    endloop
  endfacet
  facet normal -1 0 0
    outer loop
      vertex 47.5 4 10.2
      vertex 47.5 7.03 11.685
      vertex 47.5 10 10.2
    endloop
  endfacet
  facet normal -1 0 0
    outer loop
      vertex 47.5 7.03 15.315
      vertex 47.5 10 17.55
      vertex 47.5 10 15.315
    endloop
  endfacet
  facet normal -1 0 0
    outer loop
      vertex 47.5 7.03 15.315
      vertex 47.5 4 17.55
      vertex 47.5 10 17.55
    endloop
  endfacet
  facet normal -1 0 0
    outer loop
      vertex 47.5 4 17.55
      vertex 47.5 7.03 15.315
      vertex 47.5 4 10.2
    endloop
  endfacet
  facet normal 0 -1 0
    outer loop
      vertex 53.4475 4 11.685
      vertex 56.5525 4 15.315
      vertex 53.4475 4 15.315
    endloop
  endfacet
  facet normal 0 -1 -0
    outer loop
      vertex 56.5525 4 15.315
      vertex 53.4475 4 11.685
      vertex 56.5525 4 11.685
    endloop
  endfacet
  facet normal 0 -1 0
    outer loop
      vertex 53.4475 4 15.315
      vertex 47.5 4 17.55
      vertex 49.6525 4 15.315
    endloop
  endfacet
  facet normal 0 -1 0
    outer loop
      vertex 47.5 4 10.2
      vertex 49.6525 4 15.315
      vertex 47.5 4 17.55
    endloop
  endfacet
  facet normal 0 -1 0
    outer loop
      vertex 47.5 4 10.2
      vertex 53.4475 4 11.685
      vertex 49.6525 4 11.685
    endloop
  endfacet
  facet normal 0 -1 -0
    outer loop
      vertex 53.4475 4 11.685
      vertex 47.5 4 10.2
      vertex 56.5525 4 11.685
    endloop
  endfacet
  facet normal 0 -1 0
    outer loop
      vertex 62.5 4 10.2
      vertex 56.5525 4 11.685
      vertex 47.5 4 10.2
    endloop
  endfacet
  facet normal 0 -1 -0
    outer loop
      vertex 49.6525 4 15.315
      vertex 47.5 4 10.2
      vertex 49.6525 4 11.685
    endloop
  endfacet
  facet normal 0 -1 0
    outer loop
      vertex 47.5 4 17.55
      vertex 53.4475 4 15.315
      vertex 62.5 4 17.55
    endloop
  endfacet
  facet normal 0 -1 0
    outer loop
      vertex 56.5525 4 15.315
      vertex 62.5 4 17.55
      vertex 53.4475 4 15.315
    endloop
  endfacet
  facet normal 0 -1 0
    outer loop
      vertex 60.3475 4 15.315
      vertex 62.5 4 17.55
      vertex 56.5525 4 15.315
    endloop
  endfacet
  facet normal 0 -1 0
    outer loop
      vertex 62.5 4 10.2
      vertex 60.3475 4 15.315
      vertex 60.3475 4 11.685
    endloop
  endfacet
  facet normal 0 -1 0
    outer loop
      vertex 60.3475 4 15.315
      vertex 62.5 4 10.2
      vertex 62.5 4 17.55
    endloop
  endfacet
  facet normal 0 -1 0
    outer loop
      vertex 56.5525 4 11.685
      vertex 62.5 4 10.2
      vertex 60.3475 4 11.685
    endloop
  endfacet
  facet normal 0 0 1
    outer loop
      vertex 47.5 10 10.2
      vertex 44.2 10 10.2
      vertex 47.5 4 10.2
    endloop
  endfacet
  facet normal 0 0 1
    outer loop
      vertex 62.5 4 10.2
      vertex 65.8 10 10.2
      vertex 62.5 10 10.2
    endloop
  endfacet
  facet normal 0 0 1
    outer loop
      vertex 65.8 10 10.2
      vertex 62.5 4 10.2
      vertex 65.8 2.2 10.2
    endloop
  endfacet
  facet normal -0 0 1
    outer loop
      vertex 47.5 4 10.2
      vertex 65.8 2.2 10.2
      vertex 62.5 4 10.2
    endloop
  endfacet
  facet normal 0 0 1
    outer loop
      vertex 47.5 4 10.2
      vertex 44.2 2.2 10.2
      vertex 65.8 2.2 10.2
    endloop
  endfacet
  facet normal 0 0 1
    outer loop
      vertex 44.2 2.2 10.2
      vertex 47.5 4 10.2
      vertex 44.2 10 10.2
    endloop
  endfacet
  facet normal 1 0 0
    outer loop
      vertex 65.8 10 10.2
      vertex 65.8 8.38 7.425
      vertex 65.8 10 0.45
    endloop
  endfacet
  facet normal 1 0 0
    outer loop
      vertex 65.8 10 10.2
      vertex 65.8 4.42 7.425
      vertex 65.8 8.38 7.425
    endloop
  endfacet
  facet normal 1 0 0
    outer loop
      vertex 65.8 2.2 0.45
      vertex 65.8 4.42 7.425
      vertex 65.8 2.2 10.2
    endloop
  endfacet
  facet normal 1 -0 0
    outer loop
      vertex 65.8 2.2 10.2
      vertex 65.8 4.42 7.425
      vertex 65.8 10 10.2
    endloop
  endfacet
  facet normal 1 -0 0
    outer loop
      vertex 65.8 8.38 2.475
      vertex 65.8 10 0.45
      vertex 65.8 8.38 7.425
    endloop
  endfacet
  facet normal 1 -0 0
    outer loop
      vertex 65.8 4.42 2.475
      vertex 65.8 10 0.45
      vertex 65.8 8.38 2.475
    endloop
  endfacet
  facet normal 1 0 0
    outer loop
      vertex 65.8 4.42 2.475
      vertex 65.8 2.2 0.45
      vertex 65.8 10 0.45
    endloop
  endfacet
  facet normal 1 0 0
    outer loop
      vertex 65.8 4.42 7.425
      vertex 65.8 2.2 0.45
      vertex 65.8 4.42 2.475
    endloop
  endfacet
  facet normal -1 0 0
    outer loop
      vertex 44.2 8.38 7.425
      vertex 44.2 10 0.45
      vertex 44.2 8.38 2.475
    endloop
  endfacet
  facet normal -1 0 0
    outer loop
      vertex 44.2 10 0.45
      vertex 44.2 4.42 2.475
      vertex 44.2 8.38 2.475
    endloop
  endfacet
  facet normal -1 -0 0
    outer loop
      vertex 44.2 4.42 2.475
      vertex 44.2 2.2 0.45
      vertex 44.2 4.42 7.425
    endloop
  endfacet
  facet normal -1 0 0
    outer loop
      vertex 44.2 2.2 0.45
      vertex 44.2 4.42 2.475
      vertex 44.2 10 0.45
    endloop
  endfacet
  facet normal -1 0 0
    outer loop
      vertex 44.2 10 0.45
      vertex 44.2 8.38 7.425
      vertex 44.2 10 10.2
    endloop
  endfacet
  facet normal -1 0 0
    outer loop
      vertex 44.2 4.42 7.425
      vertex 44.2 10 10.2
      vertex 44.2 8.38 7.425
    endloop
  endfacet
  facet normal -1 0 0
    outer loop
      vertex 44.2 4.42 7.425
      vertex 44.2 2.2 10.2
      vertex 44.2 10 10.2
    endloop
  endfacet
  facet normal -1 0 0
    outer loop
      vertex 44.2 2.2 10.2
      vertex 44.2 4.42 7.425
      vertex 44.2 2.2 0.45
    endloop
  endfacet
  facet normal 0 -1 0
    outer loop
      vertex 56.87 2.2 2.475
      vertex 59.93 2.2 7.425
      vertex 56.87 2.2 7.425
    endloop
  endfacet
  facet normal 0 -1 -0
    outer loop
      vertex 59.93 2.2 7.425
      vertex 56.87 2.2 2.475
      vertex 59.93 2.2 2.475
    endloop
  endfacet
  facet normal 0 -1 0
    outer loop
      vertex 50.07 2.2 2.475
      vertex 53.13 2.2 7.425
      vertex 50.07 2.2 7.425
    endloop
  endfacet
  facet normal 0 -1 -0
    outer loop
      vertex 53.13 2.2 7.425
      vertex 50.07 2.2 2.475
      vertex 53.13 2.2 2.475
    endloop
  endfacet
  facet normal 0 -1 0
    outer loop
      vertex 50.07 2.2 7.425
      vertex 44.2 2.2 10.2
      vertex 46.33 2.2 7.425
    endloop
  endfacet
  facet normal 0 -1 0
    outer loop
      vertex 44.2 2.2 0.45
      vertex 46.33 2.2 7.425
      vertex 44.2 2.2 10.2
    endloop
  endfacet
  facet normal 0 -1 0
    outer loop
      vertex 44.2 2.2 0.45
      vertex 50.07 2.2 2.475
      vertex 46.33 2.2 2.475
    endloop
  endfacet
  facet normal 0 -1 -0
    outer loop
      vertex 50.07 2.2 2.475
      vertex 44.2 2.2 0.45
      vertex 53.13 2.2 2.475
    endloop
  endfacet
  facet normal 0 -1 -0
    outer loop
      vertex 53.13 2.2 2.475
      vertex 44.2 2.2 0.45
      vertex 56.87 2.2 2.475
    endloop
  endfacet
  facet normal 0 -1 0
    outer loop
      vertex 65.8 2.2 0.45
      vertex 56.87 2.2 2.475
      vertex 44.2 2.2 0.45
    endloop
  endfacet
  facet normal 0 -1 0
    outer loop
      vertex 56.87 2.2 2.475
      vertex 65.8 2.2 0.45
      vertex 59.93 2.2 2.475
    endloop
  endfacet
  facet normal 0 -1 -0
    outer loop
      vertex 46.33 2.2 7.425
      vertex 44.2 2.2 0.45
      vertex 46.33 2.2 2.475
    endloop
  endfacet
  facet normal 0 -1 0
    outer loop
      vertex 53.13 2.2 7.425
      vertex 44.2 2.2 10.2
      vertex 50.07 2.2 7.425
    endloop
  endfacet
  facet normal 0 -1 0
    outer loop
      vertex 44.2 2.2 10.2
      vertex 53.13 2.2 7.425
      vertex 65.8 2.2 10.2
    endloop
  endfacet
  facet normal 0 -1 0
    outer loop
      vertex 56.87 2.2 7.425
      vertex 65.8 2.2 10.2
      vertex 53.13 2.2 7.425
    endloop
  endfacet
  facet normal 0 -1 0
    outer loop
      vertex 59.93 2.2 7.425
      vertex 65.8 2.2 10.2
      vertex 56.87 2.2 7.425
    endloop
  endfacet
  facet normal 0 -1 0
    outer loop
      vertex 63.67 2.2 7.425
      vertex 65.8 2.2 10.2
      vertex 59.93 2.2 7.425
    endloop
  endfacet
  facet normal 0 -1 0
    outer loop
      vertex 65.8 2.2 0.45
      vertex 63.67 2.2 7.425
      vertex 63.67 2.2 2.475
    endloop
  endfacet
  facet normal 0 -1 0
    outer loop
      vertex 63.67 2.2 7.425
      vertex 65.8 2.2 0.45
      vertex 65.8 2.2 10.2
    endloop
  endfacet
  facet normal 0 -1 0
    outer loop
      vertex 59.93 2.2 2.475
      vertex 65.8 2.2 0.45
      vertex 63.67 2.2 2.475
    endloop
  endfacet
  facet normal 0 0 -1
    outer loop
      vertex 65.8 2.2 0.45
      vertex 65.575 2.425 0.45
      vertex 65.8 10 0.45
    endloop
  endfacet
  facet normal 0 0 -1
    outer loop
      vertex 65.8 2.2 0.45
      vertex 44.425 2.425 0.45
      vertex 65.575 2.425 0.45
    endloop
  endfacet
  facet normal 0 0 -1
    outer loop
      vertex 44.2 2.2 0.45
      vertex 44.425 2.425 0.45
      vertex 65.8 2.2 0.45
    endloop
  endfacet
  facet normal 0 0 -1
    outer loop
      vertex 44.2 10 0.45
      vertex 44.425 2.425 0.45
      vertex 44.2 2.2 0.45
    endloop
  endfacet
  facet normal 0 0 -1
    outer loop
      vertex 44.425 2.425 0.45
      vertex 44.2 10 0.45
      vertex 44.425 10 0.45
    endloop
  endfacet
  facet normal -0 0 -1
    outer loop
      vertex 65.8 10 0.45
      vertex 65.575 2.425 0.45
      vertex 65.575 10 0.45
    endloop
  endfacet
  facet normal 1 -0 0
    outer loop
      vertex 65.575 2.425 0.45
      vertex 65.575 10 0
      vertex 65.575 10 0.45
    endloop
  endfacet
  facet normal 1 0 0
    outer loop
      vertex 65.575 10 0
      vertex 65.575 2.425 0.45
      vertex 65.575 2.425 0
    endloop
  endfacet
  facet normal 0 0 -1
    outer loop
      vertex 65.575 2.425 0
      vertex 64.975 3.025 0
      vertex 65.575 10 0
    endloop
  endfacet
  facet normal 0 0 -1
    outer loop
      vertex 65.575 2.425 0
      vertex 45.025 3.025 0
      vertex 64.975 3.025 0
    endloop
  endfacet
  facet normal 0 0 -1
    outer loop
      vertex 44.425 2.425 0
      vertex 45.025 3.025 0
      vertex 65.575 2.425 0
    endloop
  endfacet
  facet normal 0 0 -1
    outer loop
      vertex 44.425 10 0
      vertex 45.025 3.025 0
      vertex 44.425 2.425 0
    endloop
  endfacet
  facet normal 0 0 -1
    outer loop
      vertex 45.025 3.025 0
      vertex 44.425 10 0
      vertex 45.025 10 0
    endloop
  endfacet
  facet normal -0 0 -1
    outer loop
      vertex 65.575 10 0
      vertex 64.975 3.025 0
      vertex 64.975 10 0
    endloop
  endfacet
  facet normal -1 0 0
    outer loop
      vertex 44.425 2.425 0
      vertex 44.425 10 0.45
      vertex 44.425 10 0
    endloop
  endfacet
  facet normal -1 -0 0
    outer loop
      vertex 44.425 10 0.45
      vertex 44.425 2.425 0
      vertex 44.425 2.425 0.45
    endloop
  endfacet
  facet normal 0 -1 0
    outer loop
      vertex 44.425 2.425 0
      vertex 65.575 2.425 0.45
      vertex 44.425 2.425 0.45
    endloop
  endfacet
  facet normal 0 -1 -0
    outer loop
      vertex 65.575 2.425 0.45
      vertex 44.425 2.425 0
      vertex 65.575 2.425 0
    endloop
  endfacet
  facet normal -1 0 0
    outer loop
      vertex 53.4475 4.24 11.685
      vertex 53.4475 4.6 15.315
      vertex 53.4475 4.6 11.685
    endloop
  endfacet
  facet normal -1 -0 0
    outer loop
      vertex 53.4475 4.6 15.315
      vertex 53.4475 4.24 11.685
      vertex 53.4475 4.24 15.315
    endloop
  endfacet
  facet normal -0 0 1
    outer loop
      vertex 49.6525 4.6 11.685
      vertex 53.4475 4.24 11.685
      vertex 53.4475 4.6 11.685
    endloop
  endfacet
  facet normal 0 0 1
    outer loop
      vertex 49.6525 4 11.685
      vertex 53.4475 4.24 11.685
      vertex 49.6525 4.6 11.685
    endloop
  endfacet
  facet normal 0 0 1
    outer loop
      vertex 53.4475 4.24 11.685
      vertex 49.6525 4 11.685
      vertex 53.4475 4 11.685
    endloop
  endfacet
  facet normal 0 0 -1
    outer loop
      vertex 49.6525 4.24 15.315
      vertex 53.4475 4.6 15.315
      vertex 53.4475 4.24 15.315
    endloop
  endfacet
  facet normal -0 0 -1
    outer loop
      vertex 53.4475 4.6 15.315
      vertex 49.6525 4.24 15.315
      vertex 49.6525 4.6 15.315
    endloop
  endfacet
  facet normal 1 -0 0
    outer loop
      vertex 49.6525 4.24 15.315
      vertex 49.6525 4.6 11.685
      vertex 49.6525 4.6 15.315
    endloop
  endfacet
  facet normal 1 0 0
    outer loop
      vertex 49.6525 4 11.685
      vertex 49.6525 4.24 15.315
      vertex 49.6525 4 15.315
    endloop
  endfacet
  facet normal 1 0 0
    outer loop
      vertex 49.6525 4.24 15.315
      vertex 49.6525 4 11.685
      vertex 49.6525 4.6 11.685
    endloop
  endfacet
  facet normal -1 0 0
    outer loop
      vertex 60.3475 4.6 11.685
      vertex 60.3475 4.24 15.315
      vertex 60.3475 4.6 15.315
    endloop
  endfacet
  facet normal -1 0 0
    outer loop
      vertex 60.3475 4 11.685
      vertex 60.3475 4.24 15.315
      vertex 60.3475 4.6 11.685
    endloop
  endfacet
  facet normal -1 -0 0
    outer loop
      vertex 60.3475 4.24 15.315
      vertex 60.3475 4 11.685
      vertex 60.3475 4 15.315
    endloop
  endfacet
  facet normal 0 0 1
    outer loop
      vertex 60.3475 4.6 11.685
      vertex 56.5525 4.24 11.685
      vertex 60.3475 4 11.685
    endloop
  endfacet
  facet normal -0 0 1
    outer loop
      vertex 56.5525 4.6 11.685
      vertex 56.5525 4.24 11.685
      vertex 60.3475 4.6 11.685
    endloop
  endfacet
  facet normal 0 0 1
    outer loop
      vertex 60.3475 4 11.685
      vertex 56.5525 4.24 11.685
      vertex 56.5525 4 11.685
    endloop
  endfacet
  facet normal 0 0 -1
    outer loop
      vertex 56.5525 4.24 15.315
      vertex 60.3475 4.6 15.315
      vertex 60.3475 4.24 15.315
    endloop
  endfacet
  facet normal -0 0 -1
    outer loop
      vertex 60.3475 4.6 15.315
      vertex 56.5525 4.24 15.315
      vertex 56.5525 4.6 15.315
    endloop
  endfacet
  facet normal 1 -0 0
    outer loop
      vertex 56.5525 4.24 15.315
      vertex 56.5525 4.6 11.685
      vertex 56.5525 4.6 15.315
    endloop
  endfacet
  facet normal 1 0 0
    outer loop
      vertex 56.5525 4.6 11.685
      vertex 56.5525 4.24 15.315
      vertex 56.5525 4.24 11.685
    endloop
  endfacet
  facet normal -1 0 0
    outer loop
      vertex 50.07 2.44 2.475
      vertex 50.07 2.8 7.425
      vertex 50.07 2.8 2.475
    endloop
  endfacet
  facet normal -1 -0 0
    outer loop
      vertex 50.07 2.8 7.425
      vertex 50.07 2.44 2.475
      vertex 50.07 2.44 7.425
    endloop
  endfacet
  facet normal 0 0 1
    outer loop
      vertex 46.33 2.44 2.475
      vertex 50.07 2.44 2.475
      vertex 50.07 2.8 2.475
    endloop
  endfacet
  facet normal 0 0 1
    outer loop
      vertex 46.33 2.44 2.475
      vertex 50.07 2.8 2.475
      vertex 46.33 2.8 2.475
    endloop
  endfacet
  facet normal 0 0 1
    outer loop
      vertex 50.07 2.44 2.475
      vertex 46.33 2.44 2.475
      vertex 50.07 2.2 2.475
    endloop
  endfacet
  facet normal 0 0 1
    outer loop
      vertex 50.07 2.2 2.475
      vertex 46.33 2.44 2.475
      vertex 46.33 2.2 2.475
    endloop
  endfacet
  facet normal 0 0 -1
    outer loop
      vertex 46.33 2.44 7.425
      vertex 50.07 2.44 7.425
      vertex 50.07 2.2 7.425
    endloop
  endfacet
  facet normal 0 0 -1
    outer loop
      vertex 46.33 2.44 7.425
      vertex 50.07 2.2 7.425
      vertex 46.33 2.2 7.425
    endloop
  endfacet
  facet normal 0 0 -1
    outer loop
      vertex 50.07 2.44 7.425
      vertex 46.33 2.44 7.425
      vertex 50.07 2.8 7.425
    endloop
  endfacet
  facet normal -0 0 -1
    outer loop
      vertex 50.07 2.8 7.425
      vertex 46.33 2.44 7.425
      vertex 46.33 2.8 7.425
    endloop
  endfacet
  facet normal 1 -0 0
    outer loop
      vertex 46.33 2.44 7.425
      vertex 46.33 2.8 2.475
      vertex 46.33 2.8 7.425
    endloop
  endfacet
  facet normal 1 0 0
    outer loop
      vertex 46.33 2.8 2.475
      vertex 46.33 2.44 7.425
      vertex 46.33 2.44 2.475
    endloop
  endfacet
  facet normal -1 0 0
    outer loop
      vertex 56.87 2.2 2.475
      vertex 56.87 2.8 7.425
      vertex 56.87 2.8 2.475
    endloop
  endfacet
  facet normal -1 -0 0
    outer loop
      vertex 56.87 2.8 7.425
      vertex 56.87 2.2 2.475
      vertex 56.87 2.2 7.425
    endloop
  endfacet
  facet normal -0 0 1
    outer loop
      vertex 53.13 2.8 2.475
      vertex 56.87 2.2 2.475
      vertex 56.87 2.8 2.475
    endloop
  endfacet
  facet normal 0 0 1
    outer loop
      vertex 56.87 2.2 2.475
      vertex 53.13 2.8 2.475
      vertex 53.13 2.2 2.475
    endloop
  endfacet
  facet normal 0 0 -1
    outer loop
      vertex 53.13 2.2 7.425
      vertex 56.87 2.8 7.425
      vertex 56.87 2.2 7.425
    endloop
  endfacet
  facet normal -0 0 -1
    outer loop
      vertex 56.87 2.8 7.425
      vertex 53.13 2.2 7.425
      vertex 53.13 2.8 7.425
    endloop
  endfacet
  facet normal 1 -0 0
    outer loop
      vertex 53.13 2.2 7.425
      vertex 53.13 2.8 2.475
      vertex 53.13 2.8 7.425
    endloop
  endfacet
  facet normal 1 0 0
    outer loop
      vertex 53.13 2.8 2.475
      vertex 53.13 2.2 7.425
      vertex 53.13 2.2 2.475
    endloop
  endfacet
  facet normal -1 0 0
    outer loop
      vertex 63.67 2.44 2.475
      vertex 63.67 2.8 7.425
      vertex 63.67 2.8 2.475
    endloop
  endfacet
  facet normal -1 -0 0
    outer loop
      vertex 63.67 2.8 7.425
      vertex 63.67 2.44 2.475
      vertex 63.67 2.44 7.425
    endloop
  endfacet
  facet normal 0 0 1
    outer loop
      vertex 59.93 2.44 2.475
      vertex 63.67 2.44 2.475
      vertex 63.67 2.8 2.475
    endloop
  endfacet
  facet normal 0 0 1
    outer loop
      vertex 59.93 2.44 2.475
      vertex 63.67 2.8 2.475
      vertex 59.93 2.8 2.475
    endloop
  endfacet
  facet normal 0 0 1
    outer loop
      vertex 63.67 2.44 2.475
      vertex 59.93 2.44 2.475
      vertex 63.67 2.2 2.475
    endloop
  endfacet
  facet normal 0 0 1
    outer loop
      vertex 63.67 2.2 2.475
      vertex 59.93 2.44 2.475
      vertex 59.93 2.2 2.475
    endloop
  endfacet
  facet normal 0 0 -1
    outer loop
      vertex 59.93 2.44 7.425
      vertex 63.67 2.44 7.425
      vertex 63.67 2.2 7.425
    endloop
  endfacet
  facet normal 0 0 -1
    outer loop
      vertex 59.93 2.44 7.425
      vertex 63.67 2.2 7.425
      vertex 59.93 2.2 7.425
    endloop
  endfacet
  facet normal 0 0 -1
    outer loop
      vertex 63.67 2.44 7.425
      vertex 59.93 2.44 7.425
      vertex 63.67 2.8 7.425
    endloop
  endfacet
  facet normal -0 0 -1
    outer loop
      vertex 63.67 2.8 7.425
      vertex 59.93 2.44 7.425
      vertex 59.93 2.8 7.425
    endloop
  endfacet
  facet normal 1 -0 0
    outer loop
      vertex 59.93 2.44 7.425
      vertex 59.93 2.8 2.475
      vertex 59.93 2.8 7.425
    endloop
  endfacet
  facet normal 1 0 0
    outer loop
      vertex 59.93 2.8 2.475
      vertex 59.93 2.44 7.425
      vertex 59.93 2.44 2.475
    endloop
  endfacet
  facet normal -0 0 1
    outer loop
      vertex 44.44 8.38 2.475
      vertex 44.8 4.42 2.475
      vertex 44.8 8.38 2.475
    endloop
  endfacet
  facet normal 0 0 1
    outer loop
      vertex 44.2 4.42 2.475
      vertex 44.44 8.38 2.475
      vertex 44.2 8.38 2.475
    endloop
  endfacet
  facet normal 0 0 1
    outer loop
      vertex 44.44 8.38 2.475
      vertex 44.2 4.42 2.475
      vertex 44.8 4.42 2.475
    endloop
  endfacet
  facet normal -0 0 1
    outer loop
      vertex 65.56 8.38 2.475
      vertex 65.8 4.42 2.475
      vertex 65.8 8.38 2.475
    endloop
  endfacet
  facet normal 0 0 1
    outer loop
      vertex 65.2 4.42 2.475
      vertex 65.56 8.38 2.475
      vertex 65.2 8.38 2.475
    endloop
  endfacet
  facet normal 0 0 1
    outer loop
      vertex 65.56 8.38 2.475
      vertex 65.2 4.42 2.475
      vertex 65.8 4.42 2.475
    endloop
  endfacet
  facet normal 0 0 -1
    outer loop
      vertex 44.8 4.42 7.425
      vertex 44.44 8.38 7.425
      vertex 44.8 8.38 7.425
    endloop
  endfacet
  facet normal 0 0 -1
    outer loop
      vertex 44.2 4.42 7.425
      vertex 44.44 8.38 7.425
      vertex 44.8 4.42 7.425
    endloop
  endfacet
  facet normal -0 0 -1
    outer loop
      vertex 44.44 8.38 7.425
      vertex 44.2 4.42 7.425
      vertex 44.2 8.38 7.425
    endloop
  endfacet
  facet normal 0 0 -1
    outer loop
      vertex 65.8 4.42 7.425
      vertex 65.56 8.38 7.425
      vertex 65.8 8.38 7.425
    endloop
  endfacet
  facet normal 0 0 -1
    outer loop
      vertex 65.2 4.42 7.425
      vertex 65.56 8.38 7.425
      vertex 65.8 4.42 7.425
    endloop
  endfacet
  facet normal -0 0 -1
    outer loop
      vertex 65.56 8.38 7.425
      vertex 65.2 4.42 7.425
      vertex 65.2 8.38 7.425
    endloop
  endfacet
  facet normal 0 -1 0
    outer loop
      vertex 44.44 8.38 2.475
      vertex 44.8 8.38 7.425
      vertex 44.44 8.38 7.425
    endloop
  endfacet
  facet normal 0 -1 -0
    outer loop
      vertex 44.8 8.38 7.425
      vertex 44.44 8.38 2.475
      vertex 44.8 8.38 2.475
    endloop
  endfacet
  facet normal 0 -1 0
    outer loop
      vertex 65.2 8.38 2.475
      vertex 65.56 8.38 7.425
      vertex 65.2 8.38 7.425
    endloop
  endfacet
  facet normal 0 -1 -0
    outer loop
      vertex 65.56 8.38 7.425
      vertex 65.2 8.38 2.475
      vertex 65.56 8.38 2.475
    endloop
  endfacet
  facet normal 0 1 -0
    outer loop
      vertex 44.8 4.42 2.475
      vertex 44.2 4.42 7.425
      vertex 44.8 4.42 7.425
    endloop
  endfacet
  facet normal 0 1 0
    outer loop
      vertex 44.2 4.42 7.425
      vertex 44.8 4.42 2.475
      vertex 44.2 4.42 2.475
    endloop
  endfacet
  facet normal 0 1 -0
    outer loop
      vertex 65.8 4.42 2.475
      vertex 65.2 4.42 7.425
      vertex 65.8 4.42 7.425
    endloop
  endfacet
  facet normal 0 1 0
    outer loop
      vertex 65.2 4.42 7.425
      vertex 65.8 4.42 2.475
      vertex 65.2 4.42 2.475
    endloop
  endfacet
  facet normal -1 0 0
    outer loop
      vertex 59.2 10 16.8
      vertex 59.2 8.185 18.63
      vertex 59.2 10 18.63
    endloop
  endfacet
  facet normal -1 0 0
    outer loop
      vertex 59.2 6.7 22.35
      vertex 59.2 8.185 18.63
      vertex 59.2 6.7 16.8
    endloop
  endfacet
  facet normal -1 0 0
    outer loop
      vertex 59.2 6.7 16.8
      vertex 59.2 8.185 18.63
      vertex 59.2 10 16.8
    endloop
  endfacet
  facet normal -1 0 0
    outer loop
      vertex 59.2 8.185 21.27
      vertex 59.2 10 22.35
      vertex 59.2 10 21.27
    endloop
  endfacet
  facet normal -1 0 0
    outer loop
      vertex 59.2 8.185 21.27
      vertex 59.2 6.7 22.35
      vertex 59.2 10 22.35
    endloop
  endfacet
  facet normal -1 0 0
    outer loop
      vertex 59.2 8.185 18.63
      vertex 59.2 6.7 22.35
      vertex 59.2 8.185 21.27
    endloop
  endfacet
  facet normal 0 0 -1
    outer loop
      vertex 61.9 4.6 16.8
      vertex 59.2 6.7 16.8
      vertex 61.9 10 16.8
    endloop
  endfacet
  facet normal 0 0 -1
    outer loop
      vertex 61.9 4.6 16.8
      vertex 50.8 6.7 16.8
      vertex 59.2 6.7 16.8
    endloop
  endfacet
  facet normal 0 0 -1
    outer loop
      vertex 48.1 4.6 16.8
      vertex 50.8 6.7 16.8
      vertex 61.9 4.6 16.8
    endloop
  endfacet
  facet normal 0 0 -1
    outer loop
      vertex 48.1 10 16.8
      vertex 50.8 6.7 16.8
      vertex 48.1 4.6 16.8
    endloop
  endfacet
  facet normal 0 0 -1
    outer loop
      vertex 50.8 6.7 16.8
      vertex 48.1 10 16.8
      vertex 50.8 10 16.8
    endloop
  endfacet
  facet normal -0 0 -1
    outer loop
      vertex 61.9 10 16.8
      vertex 59.2 6.7 16.8
      vertex 59.2 10 16.8
    endloop
  endfacet
  facet normal 0 0 -1
    outer loop
      vertex 50.8 6.7 22.35
      vertex 59.2 10 22.35
      vertex 59.2 6.7 22.35
    endloop
  endfacet
  facet normal -0 0 -1
    outer loop
      vertex 59.2 10 22.35
      vertex 50.8 6.7 22.35
      vertex 50.8 10 22.35
    endloop
  endfacet
  facet normal 1 0 0
    outer loop
      vertex 50.8 10 22.35
      vertex 50.8 8.185 21.27
      vertex 50.8 10 21.27
    endloop
  endfacet
  facet normal 1 0 0
    outer loop
      vertex 50.8 8.185 21.27
      vertex 50.8 6.7 22.35
      vertex 50.8 8.185 18.63
    endloop
  endfacet
  facet normal 1 -0 0
    outer loop
      vertex 50.8 6.7 22.35
      vertex 50.8 8.185 21.27
      vertex 50.8 10 22.35
    endloop
  endfacet
  facet normal 1 -0 0
    outer loop
      vertex 50.8 8.185 18.63
      vertex 50.8 10 16.8
      vertex 50.8 10 18.63
    endloop
  endfacet
  facet normal 1 0 0
    outer loop
      vertex 50.8 8.185 18.63
      vertex 50.8 6.7 16.8
      vertex 50.8 10 16.8
    endloop
  endfacet
  facet normal 1 0 0
    outer loop
      vertex 50.8 6.7 16.8
      vertex 50.8 8.185 18.63
      vertex 50.8 6.7 22.35
    endloop
  endfacet
  facet normal 0 1 0
    outer loop
      vertex 59.2 6.7 22.35
      vertex 57.31 6.7 21.27
      vertex 50.8 6.7 22.35
    endloop
  endfacet
  facet normal 0 1 0
    outer loop
      vertex 59.2 6.7 22.35
      vertex 57.31 6.7 18.63
      vertex 57.31 6.7 21.27
    endloop
  endfacet
  facet normal 0 1 0
    outer loop
      vertex 57.31 6.7 18.63
      vertex 59.2 6.7 16.8
      vertex 52.69 6.7 18.63
    endloop
  endfacet
  facet normal 0 1 -0
    outer loop
      vertex 59.2 6.7 16.8
      vertex 57.31 6.7 18.63
      vertex 59.2 6.7 22.35
    endloop
  endfacet
  facet normal 0 1 -0
    outer loop
      vertex 52.69 6.7 21.27
      vertex 50.8 6.7 22.35
      vertex 57.31 6.7 21.27
    endloop
  endfacet
  facet normal 0 1 -0
    outer loop
      vertex 52.69 6.7 18.63
      vertex 50.8 6.7 22.35
      vertex 52.69 6.7 21.27
    endloop
  endfacet
  facet normal 0 1 0
    outer loop
      vertex 52.69 6.7 18.63
      vertex 50.8 6.7 16.8
      vertex 50.8 6.7 22.35
    endloop
  endfacet
  facet normal 0 1 0
    outer loop
      vertex 50.8 6.7 16.8
      vertex 52.69 6.7 18.63
      vertex 59.2 6.7 16.8
    endloop
  endfacet
  facet normal -1 0 0
    outer loop
      vertex 61.9 10 9.45
      vertex 61.9 7.03 11.685
      vertex 61.9 10 11.685
    endloop
  endfacet
  facet normal -1 0 0
    outer loop
      vertex 61.9 4.6 16.8
      vertex 61.9 7.03 11.685
      vertex 61.9 4.6 9.45
    endloop
  endfacet
  facet normal -1 0 0
    outer loop
      vertex 61.9 4.6 9.45
      vertex 61.9 7.03 11.685
      vertex 61.9 10 9.45
    endloop
  endfacet
  facet normal -1 0 0
    outer loop
      vertex 61.9 7.03 15.315
      vertex 61.9 10 16.8
      vertex 61.9 10 15.315
    endloop
  endfacet
  facet normal -1 0 0
    outer loop
      vertex 61.9 7.03 15.315
      vertex 61.9 4.6 16.8
      vertex 61.9 10 16.8
    endloop
  endfacet
  facet normal -1 0 0
    outer loop
      vertex 61.9 7.03 11.685
      vertex 61.9 4.6 16.8
      vertex 61.9 7.03 15.315
    endloop
  endfacet
  facet normal 0 0 -1
    outer loop
      vertex 65.2 2.8 9.45
      vertex 61.9 4.6 9.45
      vertex 65.2 10 9.45
    endloop
  endfacet
  facet normal 0 0 -1
    outer loop
      vertex 65.2 2.8 9.45
      vertex 48.1 4.6 9.45
      vertex 61.9 4.6 9.45
    endloop
  endfacet
  facet normal 0 0 -1
    outer loop
      vertex 44.8 2.8 9.45
      vertex 48.1 4.6 9.45
      vertex 65.2 2.8 9.45
    endloop
  endfacet
  facet normal 0 0 -1
    outer loop
      vertex 44.8 10 9.45
      vertex 48.1 4.6 9.45
      vertex 44.8 2.8 9.45
    endloop
  endfacet
  facet normal 0 0 -1
    outer loop
      vertex 48.1 4.6 9.45
      vertex 44.8 10 9.45
      vertex 48.1 10 9.45
    endloop
  endfacet
  facet normal -0 0 -1
    outer loop
      vertex 65.2 10 9.45
      vertex 61.9 4.6 9.45
      vertex 61.9 10 9.45
    endloop
  endfacet
  facet normal 1 0 0
    outer loop
      vertex 48.1 10 16.8
      vertex 48.1 7.03 15.315
      vertex 48.1 10 15.315
    endloop
  endfacet
  facet normal 1 0 0
    outer loop
      vertex 48.1 7.03 15.315
      vertex 48.1 4.6 16.8
      vertex 48.1 7.03 11.685
    endloop
  endfacet
  facet normal 1 -0 0
    outer loop
      vertex 48.1 4.6 16.8
      vertex 48.1 7.03 15.315
      vertex 48.1 10 16.8
    endloop
  endfacet
  facet normal 1 -0 0
    outer loop
      vertex 48.1 7.03 11.685
      vertex 48.1 10 9.45
      vertex 48.1 10 11.685
    endloop
  endfacet
  facet normal 1 0 0
    outer loop
      vertex 48.1 7.03 11.685
      vertex 48.1 4.6 9.45
      vertex 48.1 10 9.45
    endloop
  endfacet
  facet normal 1 0 0
    outer loop
      vertex 48.1 4.6 9.45
      vertex 48.1 7.03 11.685
      vertex 48.1 4.6 16.8
    endloop
  endfacet
  facet normal 0 1 -0
    outer loop
      vertex 56.5525 4.6 11.685
      vertex 53.4475 4.6 15.315
      vertex 56.5525 4.6 15.315
    endloop
  endfacet
  facet normal 0 1 0
    outer loop
      vertex 53.4475 4.6 15.315
      vertex 56.5525 4.6 11.685
      vertex 53.4475 4.6 11.685
    endloop
  endfacet
  facet normal 0 1 0
    outer loop
      vertex 56.5525 4.6 15.315
      vertex 61.9 4.6 16.8
      vertex 60.3475 4.6 15.315
    endloop
  endfacet
  facet normal 0 1 0
    outer loop
      vertex 61.9 4.6 16.8
      vertex 60.3475 4.6 11.685
      vertex 60.3475 4.6 15.315
    endloop
  endfacet
  facet normal 0 1 0
    outer loop
      vertex 61.9 4.6 9.45
      vertex 56.5525 4.6 11.685
      vertex 60.3475 4.6 11.685
    endloop
  endfacet
  facet normal 0 1 0
    outer loop
      vertex 56.5525 4.6 11.685
      vertex 61.9 4.6 9.45
      vertex 53.4475 4.6 11.685
    endloop
  endfacet
  facet normal 0 1 0
    outer loop
      vertex 48.1 4.6 9.45
      vertex 53.4475 4.6 11.685
      vertex 61.9 4.6 9.45
    endloop
  endfacet
  facet normal 0 1 -0
    outer loop
      vertex 61.9 4.6 9.45
      vertex 60.3475 4.6 11.685
      vertex 61.9 4.6 16.8
    endloop
  endfacet
  facet normal 0 1 0
    outer loop
      vertex 61.9 4.6 16.8
      vertex 56.5525 4.6 15.315
      vertex 48.1 4.6 16.8
    endloop
  endfacet
  facet normal 0 1 -0
    outer loop
      vertex 53.4475 4.6 15.315
      vertex 48.1 4.6 16.8
      vertex 56.5525 4.6 15.315
    endloop
  endfacet
  facet normal 0 1 -0
    outer loop
      vertex 49.6525 4.6 15.315
      vertex 48.1 4.6 16.8
      vertex 53.4475 4.6 15.315
    endloop
  endfacet
  facet normal 0 1 -0
    outer loop
      vertex 49.6525 4.6 11.685
      vertex 48.1 4.6 16.8
      vertex 49.6525 4.6 15.315
    endloop
  endfacet
  facet normal 0 1 0
    outer loop
      vertex 49.6525 4.6 11.685
      vertex 48.1 4.6 9.45
      vertex 48.1 4.6 16.8
    endloop
  endfacet
  facet normal 0 1 0
    outer loop
      vertex 53.4475 4.6 11.685
      vertex 48.1 4.6 9.45
      vertex 49.6525 4.6 11.685
    endloop
  endfacet
  facet normal -1 0 0
    outer loop
      vertex 65.2 10 0.15
      vertex 65.2 8.38 2.475
      vertex 65.2 10 9.45
    endloop
  endfacet
  facet normal -1 0 0
    outer loop
      vertex 65.2 10 0.15
      vertex 65.2 4.42 2.475
      vertex 65.2 8.38 2.475
    endloop
  endfacet
  facet normal -1 0 0
    outer loop
      vertex 65.2 2.8 9.45
      vertex 65.2 4.42 2.475
      vertex 65.2 2.8 0.15
    endloop
  endfacet
  facet normal -1 0 0
    outer loop
      vertex 65.2 2.8 0.15
      vertex 65.2 4.42 2.475
      vertex 65.2 10 0.15
    endloop
  endfacet
  facet normal -1 0 0
    outer loop
      vertex 65.2 8.38 7.425
      vertex 65.2 10 9.45
      vertex 65.2 8.38 2.475
    endloop
  endfacet
  facet normal -1 0 0
    outer loop
      vertex 65.2 4.42 7.425
      vertex 65.2 10 9.45
      vertex 65.2 8.38 7.425
    endloop
  endfacet
  facet normal -1 0 0
    outer loop
      vertex 65.2 4.42 7.425
      vertex 65.2 2.8 9.45
      vertex 65.2 10 9.45
    endloop
  endfacet
  facet normal -1 0 0
    outer loop
      vertex 65.2 4.42 2.475
      vertex 65.2 2.8 9.45
      vertex 65.2 4.42 7.425
    endloop
  endfacet
  facet normal 0 0 1
    outer loop
      vertex 45.025 10 0.15
      vertex 44.8 10 0.15
      vertex 45.025 3.025 0.15
    endloop
  endfacet
  facet normal 0 0 1
    outer loop
      vertex 64.975 3.025 0.15
      vertex 65.2 10 0.15
      vertex 64.975 10 0.15
    endloop
  endfacet
  facet normal 0 0 1
    outer loop
      vertex 65.2 10 0.15
      vertex 64.975 3.025 0.15
      vertex 65.2 2.8 0.15
    endloop
  endfacet
  facet normal -0 0 1
    outer loop
      vertex 45.025 3.025 0.15
      vertex 65.2 2.8 0.15
      vertex 64.975 3.025 0.15
    endloop
  endfacet
  facet normal 0 0 1
    outer loop
      vertex 45.025 3.025 0.15
      vertex 44.8 2.8 0.15
      vertex 65.2 2.8 0.15
    endloop
  endfacet
  facet normal 0 0 1
    outer loop
      vertex 44.8 2.8 0.15
      vertex 45.025 3.025 0.15
      vertex 44.8 10 0.15
    endloop
  endfacet
  facet normal 1 0 0
    outer loop
      vertex 44.8 8.38 2.475
      vertex 44.8 10 9.45
      vertex 44.8 8.38 7.425
    endloop
  endfacet
  facet normal 1 0 0
    outer loop
      vertex 44.8 10 9.45
      vertex 44.8 4.42 7.425
      vertex 44.8 8.38 7.425
    endloop
  endfacet
  facet normal 1 0 0
    outer loop
      vertex 44.8 4.42 7.425
      vertex 44.8 2.8 9.45
      vertex 44.8 4.42 2.475
    endloop
  endfacet
  facet normal 1 -0 0
    outer loop
      vertex 44.8 2.8 9.45
      vertex 44.8 4.42 7.425
      vertex 44.8 10 9.45
    endloop
  endfacet
  facet normal 1 0 0
    outer loop
      vertex 44.8 10 9.45
      vertex 44.8 8.38 2.475
      vertex 44.8 10 0.15
    endloop
  endfacet
  facet normal 1 -0 0
    outer loop
      vertex 44.8 4.42 2.475
      vertex 44.8 10 0.15
      vertex 44.8 8.38 2.475
    endloop
  endfacet
  facet normal 1 0 0
    outer loop
      vertex 44.8 4.42 2.475
      vertex 44.8 2.8 0.15
      vertex 44.8 10 0.15
    endloop
  endfacet
  facet normal 1 0 0
    outer loop
      vertex 44.8 2.8 0.15
      vertex 44.8 4.42 2.475
      vertex 44.8 2.8 9.45
    endloop
  endfacet
  facet normal 0 1 -0
    outer loop
      vertex 53.13 2.8 2.475
      vertex 50.07 2.8 7.425
      vertex 53.13 2.8 7.425
    endloop
  endfacet
  facet normal 0 1 0
    outer loop
      vertex 50.07 2.8 7.425
      vertex 53.13 2.8 2.475
      vertex 50.07 2.8 2.475
    endloop
  endfacet
  facet normal 0 1 -0
    outer loop
      vertex 59.93 2.8 2.475
      vertex 56.87 2.8 7.425
      vertex 59.93 2.8 7.425
    endloop
  endfacet
  facet normal 0 1 0
    outer loop
      vertex 56.87 2.8 7.425
      vertex 59.93 2.8 2.475
      vertex 56.87 2.8 2.475
    endloop
  endfacet
  facet normal 0 1 0
    outer loop
      vertex 59.93 2.8 7.425
      vertex 65.2 2.8 9.45
      vertex 63.67 2.8 7.425
    endloop
  endfacet
  facet normal 0 1 0
    outer loop
      vertex 65.2 2.8 9.45
      vertex 63.67 2.8 2.475
      vertex 63.67 2.8 7.425
    endloop
  endfacet
  facet normal 0 1 0
    outer loop
      vertex 65.2 2.8 0.15
      vertex 59.93 2.8 2.475
      vertex 63.67 2.8 2.475
    endloop
  endfacet
  facet normal 0 1 0
    outer loop
      vertex 59.93 2.8 2.475
      vertex 65.2 2.8 0.15
      vertex 56.87 2.8 2.475
    endloop
  endfacet
  facet normal 0 1 0
    outer loop
      vertex 56.87 2.8 2.475
      vertex 65.2 2.8 0.15
      vertex 53.13 2.8 2.475
    endloop
  endfacet
  facet normal 0 1 0
    outer loop
      vertex 44.8 2.8 0.15
      vertex 53.13 2.8 2.475
      vertex 65.2 2.8 0.15
    endloop
  endfacet
  facet normal 0 1 0
    outer loop
      vertex 53.13 2.8 2.475
      vertex 44.8 2.8 0.15
      vertex 50.07 2.8 2.475
    endloop
  endfacet
  facet normal 0 1 -0
    outer loop
      vertex 65.2 2.8 0.15
      vertex 63.67 2.8 2.475
      vertex 65.2 2.8 9.45
    endloop
  endfacet
  facet normal 0 1 0
    outer loop
      vertex 56.87 2.8 7.425
      vertex 65.2 2.8 9.45
      vertex 59.93 2.8 7.425
    endloop
  endfacet
  facet normal 0 1 0
    outer loop
      vertex 65.2 2.8 9.45
      vertex 56.87 2.8 7.425
      vertex 44.8 2.8 9.45
    endloop
  endfacet
  facet normal 0 1 -0
    outer loop
      vertex 53.13 2.8 7.425
      vertex 44.8 2.8 9.45
      vertex 56.87 2.8 7.425
    endloop
  endfacet
  facet normal 0 1 -0
    outer loop
      vertex 50.07 2.8 7.425
      vertex 44.8 2.8 9.45
      vertex 53.13 2.8 7.425
    endloop
  endfacet
  facet normal 0 1 -0
    outer loop
      vertex 46.33 2.8 7.425
      vertex 44.8 2.8 9.45
      vertex 50.07 2.8 7.425
    endloop
  endfacet
  facet normal 0 1 -0
    outer loop
      vertex 46.33 2.8 2.475
      vertex 44.8 2.8 9.45
      vertex 46.33 2.8 7.425
    endloop
  endfacet
  facet normal 0 1 0
    outer loop
      vertex 46.33 2.8 2.475
      vertex 44.8 2.8 0.15
      vertex 44.8 2.8 9.45
    endloop
  endfacet
  facet normal 0 1 0
    outer loop
      vertex 50.07 2.8 2.475
      vertex 44.8 2.8 0.15
      vertex 46.33 2.8 2.475
    endloop
  endfacet
  facet normal -1 0 0
    outer loop
      vertex 64.975 3.025 0
      vertex 64.975 10 0.15
      vertex 64.975 10 0
    endloop
  endfacet
  facet normal -1 -0 0
    outer loop
      vertex 64.975 10 0.15
      vertex 64.975 3.025 0
      vertex 64.975 3.025 0.15
    endloop
  endfacet
  facet normal 1 -0 0
    outer loop
      vertex 45.025 3.025 0.15
      vertex 45.025 10 0
      vertex 45.025 10 0.15
    endloop
  endfacet
  facet normal 1 0 0
    outer loop
      vertex 45.025 10 0
      vertex 45.025 3.025 0.15
      vertex 45.025 3.025 0
    endloop
  endfacet
  facet normal 0 1 -0
    outer loop
      vertex 64.975 3.025 0
      vertex 45.025 3.025 0.15
      vertex 64.975 3.025 0.15
    endloop
  endfacet
  facet normal 0 1 0
    outer loop
      vertex 45.025 3.025 0.15
      vertex 64.975 3.025 0
      vertex 45.025 3.025 0
    endloop
  endfacet
  facet normal -1 0 0
    outer loop
      vertex 57.31 6.7 18.63
      vertex 57.31 6.34 21.27
      vertex 57.31 6.7 21.27
    endloop
  endfacet
  facet normal -1 0 0
    outer loop
      vertex 57.31 6.1 18.63
      vertex 57.31 6.34 21.27
      vertex 57.31 6.7 18.63
    endloop
  endfacet
  facet normal -1 -0 0
    outer loop
      vertex 57.31 6.34 21.27
      vertex 57.31 6.1 18.63
      vertex 57.31 6.1 21.27
    endloop
  endfacet
  facet normal -0 0 1
    outer loop
      vertex 52.69 6.7 18.63
      vertex 57.31 6.1 18.63
      vertex 57.31 6.7 18.63
    endloop
  endfacet
  facet normal 0 0 1
    outer loop
      vertex 57.31 6.1 18.63
      vertex 52.69 6.7 18.63
      vertex 52.69 6.1 18.63
    endloop
  endfacet
  facet normal 0 0 -1
    outer loop
      vertex 52.69 6.34 21.27
      vertex 57.31 6.7 21.27
      vertex 57.31 6.34 21.27
    endloop
  endfacet
  facet normal -0 0 -1
    outer loop
      vertex 57.31 6.7 21.27
      vertex 52.69 6.34 21.27
      vertex 52.69 6.7 21.27
    endloop
  endfacet
  facet normal 1 -0 0
    outer loop
      vertex 52.69 6.34 21.27
      vertex 52.69 6.7 18.63
      vertex 52.69 6.7 21.27
    endloop
  endfacet
  facet normal 1 0 0
    outer loop
      vertex 52.69 6.1 18.63
      vertex 52.69 6.34 21.27
      vertex 52.69 6.1 21.27
    endloop
  endfacet
  facet normal 1 0 0
    outer loop
      vertex 52.69 6.34 21.27
      vertex 52.69 6.1 18.63
      vertex 52.69 6.7 18.63
    endloop
  endfacet
  facet normal -0 0 1
    outer loop
      vertex 50.2 10 18.63
      vertex 50.8 8.185 18.63
      vertex 50.8 10 18.63
    endloop
  endfacet
  facet normal 0 0 1
    outer loop
      vertex 50.8 8.185 18.63
      vertex 50.2 10 18.63
      vertex 50.2 8.185 18.63
    endloop
  endfacet
  facet normal -0 0 1
    outer loop
      vertex 59.2 10 18.63
      vertex 59.8 8.185 18.63
      vertex 59.8 10 18.63
    endloop
  endfacet
  facet normal 0 0 1
    outer loop
      vertex 59.8 8.185 18.63
      vertex 59.2 10 18.63
      vertex 59.2 8.185 18.63
    endloop
  endfacet
  facet normal 0 0 -1
    outer loop
      vertex 50.44 8.185 21.27
      vertex 50.8 10 21.27
      vertex 50.8 8.185 21.27
    endloop
  endfacet
  facet normal -0 0 -1
    outer loop
      vertex 50.8 10 21.27
      vertex 50.44 8.185 21.27
      vertex 50.44 10 21.27
    endloop
  endfacet
  facet normal 0 0 -1
    outer loop
      vertex 59.2 8.185 21.27
      vertex 59.56 10 21.27
      vertex 59.56 8.185 21.27
    endloop
  endfacet
  facet normal -0 0 -1
    outer loop
      vertex 59.56 10 21.27
      vertex 59.2 8.185 21.27
      vertex 59.2 10 21.27
    endloop
  endfacet
  facet normal 0 1 -0
    outer loop
      vertex 50.8 8.185 18.63
      vertex 50.44 8.185 21.27
      vertex 50.8 8.185 21.27
    endloop
  endfacet
  facet normal 0 1 0
    outer loop
      vertex 50.2 8.185 18.63
      vertex 50.44 8.185 21.27
      vertex 50.8 8.185 18.63
    endloop
  endfacet
  facet normal 0 1 0
    outer loop
      vertex 50.44 8.185 21.27
      vertex 50.2 8.185 18.63
      vertex 50.2 8.185 21.27
    endloop
  endfacet
  facet normal 0 1 -0
    outer loop
      vertex 59.8 8.185 18.63
      vertex 59.56 8.185 21.27
      vertex 59.8 8.185 21.27
    endloop
  endfacet
  facet normal 0 1 0
    outer loop
      vertex 59.2 8.185 18.63
      vertex 59.56 8.185 21.27
      vertex 59.8 8.185 18.63
    endloop
  endfacet
  facet normal 0 1 0
    outer loop
      vertex 59.56 8.185 21.27
      vertex 59.2 8.185 18.63
      vertex 59.2 8.185 21.27
    endloop
  endfacet
  facet normal -0 0 1
    outer loop
      vertex 47.5 10 11.685
      vertex 48.1 7.03 11.685
      vertex 48.1 10 11.685
    endloop
  endfacet
  facet normal 0 0 1
    outer loop
      vertex 48.1 7.03 11.685
      vertex 47.5 10 11.685
      vertex 47.5 7.03 11.685
    endloop
  endfacet
  facet normal -0 0 1
    outer loop
      vertex 61.9 10 11.685
      vertex 62.5 7.03 11.685
      vertex 62.5 10 11.685
    endloop
  endfacet
  facet normal 0 0 1
    outer loop
      vertex 62.5 7.03 11.685
      vertex 61.9 10 11.685
      vertex 61.9 7.03 11.685
    endloop
  endfacet
  facet normal 0 0 -1
    outer loop
      vertex 47.74 7.03 15.315
      vertex 48.1 10 15.315
      vertex 48.1 7.03 15.315
    endloop
  endfacet
  facet normal -0 0 -1
    outer loop
      vertex 48.1 10 15.315
      vertex 47.74 7.03 15.315
      vertex 47.74 10 15.315
    endloop
  endfacet
  facet normal 0 0 -1
    outer loop
      vertex 61.9 7.03 15.315
      vertex 62.26 10 15.315
      vertex 62.26 7.03 15.315
    endloop
  endfacet
  facet normal -0 0 -1
    outer loop
      vertex 62.26 10 15.315
      vertex 61.9 7.03 15.315
      vertex 61.9 10 15.315
    endloop
  endfacet
  facet normal 0 1 -0
    outer loop
      vertex 48.1 7.03 11.685
      vertex 47.74 7.03 15.315
      vertex 48.1 7.03 15.315
    endloop
  endfacet
  facet normal 0 1 0
    outer loop
      vertex 47.5 7.03 11.685
      vertex 47.74 7.03 15.315
      vertex 48.1 7.03 11.685
    endloop
  endfacet
  facet normal 0 1 0
    outer loop
      vertex 47.74 7.03 15.315
      vertex 47.5 7.03 11.685
      vertex 47.5 7.03 15.315
    endloop
  endfacet
  facet normal 0 1 -0
    outer loop
      vertex 62.5 7.03 11.685
      vertex 62.26 7.03 15.315
      vertex 62.5 7.03 15.315
    endloop
  endfacet
  facet normal 0 1 0
    outer loop
      vertex 61.9 7.03 11.685
      vertex 62.26 7.03 15.315
      vertex 62.5 7.03 11.685
    endloop
  endfacet
  facet normal 0 1 0
    outer loop
      vertex 62.26 7.03 15.315
      vertex 61.9 7.03 11.685
      vertex 61.9 7.03 15.315
    endloop
  endfacet
  facet normal 0 0 -1
    outer loop
      vertex 52.69 6.1 21.27
      vertex 57.31 6.34 21.27
      vertex 57.31 6.1 21.27
    endloop
  endfacet
  facet normal -0 0 -1
    outer loop
      vertex 57.31 6.34 21.27
      vertex 52.69 6.1 21.27
      vertex 52.69 6.34 21.27
    endloop
  endfacet
  facet normal 0 0 -1
    outer loop
      vertex 50.2 8.185 21.27
      vertex 50.44 10 21.27
      vertex 50.44 8.185 21.27
    endloop
  endfacet
  facet normal -0 0 -1
    outer loop
      vertex 50.44 10 21.27
      vertex 50.2 8.185 21.27
      vertex 50.2 10 21.27
    endloop
  endfacet
  facet normal 0 0 -1
    outer loop
      vertex 59.56 8.185 21.27
      vertex 59.8 10 21.27
      vertex 59.8 8.185 21.27
    endloop
  endfacet
  facet normal -0 0 -1
    outer loop
      vertex 59.8 10 21.27
      vertex 59.56 8.185 21.27
      vertex 59.56 10 21.27
    endloop
  endfacet
  facet normal -1 0 0
    outer loop
      vertex 53.4475 4 11.685
      vertex 53.4475 4.24 15.315
      vertex 53.4475 4.24 11.685
    endloop
  endfacet
  facet normal -1 -0 0
    outer loop
      vertex 53.4475 4.24 15.315
      vertex 53.4475 4 11.685
      vertex 53.4475 4 15.315
    endloop
  endfacet
  facet normal 0 0 -1
    outer loop
      vertex 49.6525 4 15.315
      vertex 53.4475 4.24 15.315
      vertex 53.4475 4 15.315
    endloop
  endfacet
  facet normal -0 0 -1
    outer loop
      vertex 53.4475 4.24 15.315
      vertex 49.6525 4 15.315
      vertex 49.6525 4.24 15.315
    endloop
  endfacet
  facet normal 0 0 -1
    outer loop
      vertex 56.5525 4 15.315
      vertex 60.3475 4.24 15.315
      vertex 60.3475 4 15.315
    endloop
  endfacet
  facet normal -0 0 -1
    outer loop
      vertex 60.3475 4.24 15.315
      vertex 56.5525 4 15.315
      vertex 56.5525 4.24 15.315
    endloop
  endfacet
  facet normal 1 -0 0
    outer loop
      vertex 56.5525 4 15.315
      vertex 56.5525 4.24 11.685
      vertex 56.5525 4.24 15.315
    endloop
  endfacet
  facet normal 1 0 0
    outer loop
      vertex 56.5525 4.24 11.685
      vertex 56.5525 4 15.315
      vertex 56.5525 4 11.685
    endloop
  endfacet
  facet normal 0 0 -1
    outer loop
      vertex 47.5 7.03 15.315
      vertex 47.74 10 15.315
      vertex 47.74 7.03 15.315
    endloop
  endfacet
  facet normal -0 0 -1
    outer loop
      vertex 47.74 10 15.315
      vertex 47.5 7.03 15.315
      vertex 47.5 10 15.315
    endloop
  endfacet
  facet normal 0 0 -1
    outer loop
      vertex 62.26 7.03 15.315
      vertex 62.5 10 15.315
      vertex 62.5 7.03 15.315
    endloop
  endfacet
  facet normal -0 0 -1
    outer loop
      vertex 62.5 10 15.315
      vertex 62.26 7.03 15.315
      vertex 62.26 10 15.315
    endloop
  endfacet
  facet normal -1 0 0
    outer loop
      vertex 50.07 2.2 2.475
      vertex 50.07 2.44 7.425
      vertex 50.07 2.44 2.475
    endloop
  endfacet
  facet normal -1 -0 0
    outer loop
      vertex 50.07 2.44 7.425
      vertex 50.07 2.2 2.475
      vertex 50.07 2.2 7.425
    endloop
  endfacet
  facet normal 1 -0 0
    outer loop
      vertex 46.33 2.2 7.425
      vertex 46.33 2.44 2.475
      vertex 46.33 2.44 7.425
    endloop
  endfacet
  facet normal 1 0 0
    outer loop
      vertex 46.33 2.44 2.475
      vertex 46.33 2.2 7.425
      vertex 46.33 2.2 2.475
    endloop
  endfacet
  facet normal -1 0 0
    outer loop
      vertex 63.67 2.2 2.475
      vertex 63.67 2.44 7.425
      vertex 63.67 2.44 2.475
    endloop
  endfacet
  facet normal -1 -0 0
    outer loop
      vertex 63.67 2.44 7.425
      vertex 63.67 2.2 2.475
      vertex 63.67 2.2 7.425
    endloop
  endfacet
  facet normal 1 -0 0
    outer loop
      vertex 59.93 2.2 7.425
      vertex 59.93 2.44 2.475
      vertex 59.93 2.44 7.425
    endloop
  endfacet
  facet normal 1 0 0
    outer loop
      vertex 59.93 2.44 2.475
      vertex 59.93 2.2 7.425
      vertex 59.93 2.2 2.475
    endloop
  endfacet
  facet normal 0 -1 0
    outer loop
      vertex 44.2 8.38 2.475
      vertex 44.44 8.38 7.425
      vertex 44.2 8.38 7.425
    endloop
  endfacet
  facet normal 0 -1 -0
    outer loop
      vertex 44.44 8.38 7.425
      vertex 44.2 8.38 2.475
      vertex 44.44 8.38 2.475
    endloop
  endfacet
  facet normal 0 -1 0
    outer loop
      vertex 65.56 8.38 2.475
      vertex 65.8 8.38 7.425
      vertex 65.56 8.38 7.425
    endloop
  endfacet
  facet normal 0 -1 -0
    outer loop
      vertex 65.8 8.38 7.425
      vertex 65.56 8.38 2.475
      vertex 65.8 8.38 2.475
    endloop
  endfacet
  facet normal 0 1 0
    outer loop
      vertex 45.025 10 0.15
      vertex 45.025 10 0
      vertex 44.8 10 0.15
    endloop
  endfacet
  facet normal 0 1 -0
    outer loop
      vertex 44.8 10 0.15
      vertex 44.425 10 0.45
      vertex 44.8 10 9.45
    endloop
  endfacet
  facet normal 0 1 0
    outer loop
      vertex 44.8 10 0.15
      vertex 44.425 10 0
      vertex 44.425 10 0.45
    endloop
  endfacet
  facet normal 0 1 0
    outer loop
      vertex 44.425 10 0
      vertex 44.8 10 0.15
      vertex 45.025 10 0
    endloop
  endfacet
  facet normal 0 1 0
    outer loop
      vertex 48.1 10 11.685
      vertex 47.5 10 10.2
      vertex 47.5 10 11.685
    endloop
  endfacet
  facet normal 0 1 -0
    outer loop
      vertex 48.1 10 9.45
      vertex 47.5 10 10.2
      vertex 48.1 10 11.685
    endloop
  endfacet
  facet normal 0 1 0
    outer loop
      vertex 44.8 10 9.45
      vertex 47.5 10 10.2
      vertex 48.1 10 9.45
    endloop
  endfacet
  facet normal 0 1 0
    outer loop
      vertex 47.5 10 10.2
      vertex 44.8 10 9.45
      vertex 44.2 10 10.2
    endloop
  endfacet
  facet normal 0 1 0
    outer loop
      vertex 44.2 10 0.45
      vertex 44.8 10 9.45
      vertex 44.425 10 0.45
    endloop
  endfacet
  facet normal 0 1 0
    outer loop
      vertex 44.8 10 9.45
      vertex 44.2 10 0.45
      vertex 44.2 10 10.2
    endloop
  endfacet
  facet normal 0 1 0
    outer loop
      vertex 50.8 10 18.63
      vertex 50.2 10 17.55
      vertex 50.2 10 18.63
    endloop
  endfacet
  facet normal 0 1 -0
    outer loop
      vertex 50.8 10 16.8
      vertex 50.2 10 17.55
      vertex 50.8 10 18.63
    endloop
  endfacet
  facet normal 0 1 0
    outer loop
      vertex 48.1 10 16.8
      vertex 50.2 10 17.55
      vertex 50.8 10 16.8
    endloop
  endfacet
  facet normal 0 1 0
    outer loop
      vertex 50.2 10 17.55
      vertex 48.1 10 16.8
      vertex 47.5 10 17.55
    endloop
  endfacet
  facet normal 0 1 0
    outer loop
      vertex 47.74 10 15.315
      vertex 48.1 10 16.8
      vertex 48.1 10 15.315
    endloop
  endfacet
  facet normal 0 1 0
    outer loop
      vertex 47.5 10 15.315
      vertex 48.1 10 16.8
      vertex 47.74 10 15.315
    endloop
  endfacet
  facet normal 0 1 0
    outer loop
      vertex 48.1 10 16.8
      vertex 47.5 10 15.315
      vertex 47.5 10 17.55
    endloop
  endfacet
  facet normal 0 1 0
    outer loop
      vertex 59.8 10 22.95
      vertex 59.2 10 22.35
      vertex 50.2 10 22.95
    endloop
  endfacet
  facet normal 0 1 -0
    outer loop
      vertex 59.8 10 21.27
      vertex 59.2 10 22.35
      vertex 59.8 10 22.95
    endloop
  endfacet
  facet normal 0 1 -0
    outer loop
      vertex 59.56 10 21.27
      vertex 59.2 10 22.35
      vertex 59.8 10 21.27
    endloop
  endfacet
  facet normal 0 1 0
    outer loop
      vertex 59.2 10 22.35
      vertex 59.56 10 21.27
      vertex 59.2 10 21.27
    endloop
  endfacet
  facet normal 0 1 -0
    outer loop
      vertex 50.8 10 22.35
      vertex 50.2 10 22.95
      vertex 59.2 10 22.35
    endloop
  endfacet
  facet normal 0 1 0
    outer loop
      vertex 50.44 10 21.27
      vertex 50.8 10 22.35
      vertex 50.8 10 21.27
    endloop
  endfacet
  facet normal 0 1 0
    outer loop
      vertex 50.2 10 21.27
      vertex 50.8 10 22.35
      vertex 50.44 10 21.27
    endloop
  endfacet
  facet normal 0 1 0
    outer loop
      vertex 50.8 10 22.35
      vertex 50.2 10 21.27
      vertex 50.2 10 22.95
    endloop
  endfacet
  facet normal 0 1 0
    outer loop
      vertex 62.5 10 17.55
      vertex 61.9 10 16.8
      vertex 59.8 10 17.55
    endloop
  endfacet
  facet normal 0 1 -0
    outer loop
      vertex 62.5 10 15.315
      vertex 61.9 10 16.8
      vertex 62.5 10 17.55
    endloop
  endfacet
  facet normal 0 1 -0
    outer loop
      vertex 62.26 10 15.315
      vertex 61.9 10 16.8
      vertex 62.5 10 15.315
    endloop
  endfacet
  facet normal 0 1 0
    outer loop
      vertex 61.9 10 16.8
      vertex 62.26 10 15.315
      vertex 61.9 10 15.315
    endloop
  endfacet
  facet normal 0 1 -0
    outer loop
      vertex 59.8 10 17.55
      vertex 59.2 10 18.63
      vertex 59.8 10 18.63
    endloop
  endfacet
  facet normal 0 1 0
    outer loop
      vertex 59.8 10 17.55
      vertex 59.2 10 16.8
      vertex 59.2 10 18.63
    endloop
  endfacet
  facet normal 0 1 0
    outer loop
      vertex 59.2 10 16.8
      vertex 59.8 10 17.55
      vertex 61.9 10 16.8
    endloop
  endfacet
  facet normal 0 1 0
    outer loop
      vertex 65.8 10 10.2
      vertex 65.2 10 9.45
      vertex 62.5 10 10.2
    endloop
  endfacet
  facet normal 0 1 -0
    outer loop
      vertex 65.8 10 0.45
      vertex 65.2 10 9.45
      vertex 65.8 10 10.2
    endloop
  endfacet
  facet normal 0 1 -0
    outer loop
      vertex 65.575 10 0.45
      vertex 65.2 10 9.45
      vertex 65.8 10 0.45
    endloop
  endfacet
  facet normal 0 1 0
    outer loop
      vertex 65.575 10 0.45
      vertex 65.2 10 0.15
      vertex 65.2 10 9.45
    endloop
  endfacet
  facet normal 0 1 -0
    outer loop
      vertex 65.575 10 0
      vertex 65.2 10 0.15
      vertex 65.575 10 0.45
    endloop
  endfacet
  facet normal 0 1 0
    outer loop
      vertex 64.975 10 0
      vertex 65.2 10 0.15
      vertex 65.575 10 0
    endloop
  endfacet
  facet normal 0 1 0
    outer loop
      vertex 65.2 10 0.15
      vertex 64.975 10 0
      vertex 64.975 10 0.15
    endloop
  endfacet
  facet normal 0 1 -0
    outer loop
      vertex 62.5 10 10.2
      vertex 61.9 10 11.685
      vertex 62.5 10 11.685
    endloop
  endfacet
  facet normal 0 1 0
    outer loop
      vertex 62.5 10 10.2
      vertex 61.9 10 9.45
      vertex 61.9 10 11.685
    endloop
  endfacet
  facet normal 0 1 0
    outer loop
      vertex 61.9 10 9.45
      vertex 62.5 10 10.2
      vertex 65.2 10 9.45
    endloop
  endfacet
  facet normal 0 0.83865 0.544671
    outer loop
      vertex 11.7 -13.245 4.5
      vertex -11.7 -13.6897 5.18472
      vertex 11.7 -13.6897 5.18472
    endloop
  endfacet
  facet normal 0 0.83865 0.544671
    outer loop
      vertex -11.7 -13.6897 5.18472
      vertex 11.7 -13.245 4.5
      vertex -11.7 -13.245 4.5
    endloop
  endfacet
  facet normal 0 -0.544657 0.838659
    outer loop
      vertex -11.7 -23.9 7.355
      vertex 11.7 -24.5847 6.91033
      vertex 11.7 -23.9 7.355
    endloop
  endfacet
  facet normal 0 -0.544657 0.838659
    outer loop
      vertex 11.7 -24.5847 6.91033
      vertex -11.7 -23.9 7.355
      vertex -11.7 -24.5847 6.91033
    endloop
  endfacet
  facet normal 0 0.890984 0.454035
    outer loop
      vertex 11.7 -12.8743 3.77255
      vertex -11.7 -13.245 4.5
      vertex 11.7 -13.245 4.5
    endloop
  endfacet
  facet normal 0 0.890984 0.454035
    outer loop
      vertex -11.7 -13.245 4.5
      vertex 11.7 -12.8743 3.77255
      vertex -11.7 -12.8743 3.77255
    endloop
  endfacet
  facet normal 0 -0.156433 0.987689
    outer loop
      vertex -11.7 -20.8153 8.35727
      vertex 11.7 -21.6217 8.22955
      vertex 11.7 -20.8153 8.35727
    endloop
  endfacet
  facet normal 0 -0.156433 0.987689
    outer loop
      vertex 11.7 -21.6217 8.22955
      vertex -11.7 -20.8153 8.35727
      vertex -11.7 -21.6217 8.22955
    endloop
  endfacet
  facet normal 0 -0.707113 0.707101
    outer loop
      vertex -11.7 -25.7965 5.81922
      vertex 11.7 -25.2192 6.39653
      vertex -11.7 -25.2192 6.39653
    endloop
  endfacet
  facet normal 0 -0.707113 0.707101
    outer loop
      vertex 11.7 -25.2192 6.39653
      vertex -11.7 -25.7965 5.81922
      vertex 11.7 -25.7965 5.81922
    endloop
  endfacet
  facet normal 0 -0.987692 0.156411
    outer loop
      vertex -11.7 -27.7573 1.41532
      vertex 11.7 -27.6296 2.22171
      vertex -11.7 -27.6296 2.22171
    endloop
  endfacet
  facet normal 0 -0.987692 0.156411
    outer loop
      vertex 11.7 -27.6296 2.22171
      vertex -11.7 -27.7573 1.41532
      vertex 11.7 -27.7573 1.41532
    endloop
  endfacet
  facet normal -0 0.629314 0.777151
    outer loop
      vertex -11.7 -14.7808 6.39653
      vertex 11.7 -15.4153 6.91033
      vertex 11.7 -14.7808 6.39653
    endloop
  endfacet
  facet normal 0 0.629314 0.777151
    outer loop
      vertex 11.7 -15.4153 6.91033
      vertex -11.7 -14.7808 6.39653
      vertex -11.7 -15.4153 6.91033
    endloop
  endfacet
  facet normal 0 0.777151 0.629314
    outer loop
      vertex 11.7 -13.6897 5.18472
      vertex -11.7 -14.2035 5.81922
      vertex 11.7 -14.2035 5.81922
    endloop
  endfacet
  facet normal 0 0.777151 0.629314
    outer loop
      vertex -11.7 -14.2035 5.81922
      vertex 11.7 -13.6897 5.18472
      vertex -11.7 -13.6897 5.18472
    endloop
  endfacet
  facet normal 0 0.933617 0.358273
    outer loop
      vertex 11.7 -12.5818 3.01033
      vertex -11.7 -12.8743 3.77255
      vertex 11.7 -12.8743 3.77255
    endloop
  endfacet
  facet normal 0 0.933617 0.358273
    outer loop
      vertex -11.7 -12.8743 3.77255
      vertex 11.7 -12.5818 3.01033
      vertex -11.7 -12.5818 3.01033
    endloop
  endfacet
  facet normal 0 -0.83865 0.544671
    outer loop
      vertex -11.7 -26.755 4.5
      vertex 11.7 -26.3103 5.18472
      vertex -11.7 -26.3103 5.18472
    endloop
  endfacet
  facet normal 0 -0.83865 0.544671
    outer loop
      vertex 11.7 -26.3103 5.18472
      vertex -11.7 -26.755 4.5
      vertex 11.7 -26.755 4.5
    endloop
  endfacet
  facet normal 0 0.987692 0.156411
    outer loop
      vertex 11.7 -12.2427 1.41532
      vertex -11.7 -12.3704 2.22171
      vertex 11.7 -12.3704 2.22171
    endloop
  endfacet
  facet normal 0 0.987692 0.156411
    outer loop
      vertex -11.7 -12.3704 2.22171
      vertex 11.7 -12.2427 1.41532
      vertex -11.7 -12.2427 1.41532
    endloop
  endfacet
  facet normal 0 -0.777151 0.629314
    outer loop
      vertex -11.7 -26.3103 5.18472
      vertex 11.7 -25.7965 5.81922
      vertex -11.7 -25.7965 5.81922
    endloop
  endfacet
  facet normal 0 -0.777151 0.629314
    outer loop
      vertex 11.7 -25.7965 5.81922
      vertex -11.7 -26.3103 5.18472
      vertex 11.7 -26.3103 5.18472
    endloop
  endfacet
  facet normal -0 0.156433 0.987689
    outer loop
      vertex -11.7 -18.3783 8.22955
      vertex 11.7 -19.1847 8.35727
      vertex 11.7 -18.3783 8.22955
    endloop
  endfacet
  facet normal 0 0.156433 0.987689
    outer loop
      vertex 11.7 -19.1847 8.35727
      vertex -11.7 -18.3783 8.22955
      vertex -11.7 -19.1847 8.35727
    endloop
  endfacet
  facet normal 0 -0.258825 0.965924
    outer loop
      vertex -11.7 -21.6217 8.22955
      vertex 11.7 -22.4103 8.01824
      vertex 11.7 -21.6217 8.22955
    endloop
  endfacet
  facet normal 0 -0.258825 0.965924
    outer loop
      vertex 11.7 -22.4103 8.01824
      vertex -11.7 -21.6217 8.22955
      vertex -11.7 -22.4103 8.01824
    endloop
  endfacet
  facet normal 0 -0.890984 0.454035
    outer loop
      vertex -11.7 -27.1257 3.77255
      vertex 11.7 -26.755 4.5
      vertex -11.7 -26.755 4.5
    endloop
  endfacet
  facet normal 0 -0.890984 0.454035
    outer loop
      vertex 11.7 -26.755 4.5
      vertex -11.7 -27.1257 3.77255
      vertex 11.7 -27.1257 3.77255
    endloop
  endfacet
  facet normal 0 -0.453962 0.891021
    outer loop
      vertex -11.7 -23.1725 7.72565
      vertex 11.7 -23.9 7.355
      vertex 11.7 -23.1725 7.72565
    endloop
  endfacet
  facet normal 0 -0.453962 0.891021
    outer loop
      vertex 11.7 -23.9 7.355
      vertex -11.7 -23.1725 7.72565
      vertex -11.7 -23.9 7.355
    endloop
  endfacet
  facet normal 0 -0.965898 0.258922
    outer loop
      vertex -11.7 -27.6296 2.22171
      vertex 11.7 -27.4182 3.01033
      vertex -11.7 -27.4182 3.01033
    endloop
  endfacet
  facet normal 0 -0.965898 0.258922
    outer loop
      vertex 11.7 -27.4182 3.01033
      vertex -11.7 -27.6296 2.22171
      vertex 11.7 -27.6296 2.22171
    endloop
  endfacet
  facet normal 0 0.965898 0.258922
    outer loop
      vertex 11.7 -12.3704 2.22171
      vertex -11.7 -12.5818 3.01033
      vertex 11.7 -12.5818 3.01033
    endloop
  endfacet
  facet normal 0 0.965898 0.258922
    outer loop
      vertex -11.7 -12.5818 3.01033
      vertex 11.7 -12.3704 2.22171
      vertex -11.7 -12.3704 2.22171
    endloop
  endfacet
  facet normal -0 0.544657 0.838659
    outer loop
      vertex -11.7 -15.4153 6.91033
      vertex 11.7 -16.1 7.355
      vertex 11.7 -15.4153 6.91033
    endloop
  endfacet
  facet normal 0 0.544657 0.838659
    outer loop
      vertex 11.7 -16.1 7.355
      vertex -11.7 -15.4153 6.91033
      vertex -11.7 -16.1 7.355
    endloop
  endfacet
  facet normal 0 -0.358377 0.933577
    outer loop
      vertex -11.7 -22.4103 8.01824
      vertex 11.7 -23.1725 7.72565
      vertex 11.7 -22.4103 8.01824
    endloop
  endfacet
  facet normal 0 -0.358377 0.933577
    outer loop
      vertex 11.7 -23.1725 7.72565
      vertex -11.7 -22.4103 8.01824
      vertex -11.7 -23.1725 7.72565
    endloop
  endfacet
  facet normal -0 0.707113 0.707101
    outer loop
      vertex -11.7 -14.2035 5.81922
      vertex 11.7 -14.7808 6.39653
      vertex 11.7 -14.2035 5.81922
    endloop
  endfacet
  facet normal 0 0.707113 0.707101
    outer loop
      vertex 11.7 -14.7808 6.39653
      vertex -11.7 -14.2035 5.81922
      vertex -11.7 -14.7808 6.39653
    endloop
  endfacet
  facet normal 0 -0.998631 0.0523004
    outer loop
      vertex -11.4 -27.8 0.6
      vertex -11.7 -27.7573 1.41532
      vertex -11.7 -27.8 0.6
    endloop
  endfacet
  facet normal 0 -0.998631 0.0523004
    outer loop
      vertex -11.7 -27.7573 1.41532
      vertex -11.4 -27.8 0.6
      vertex 11.7 -27.7573 1.41532
    endloop
  endfacet
  facet normal 0 -0.998631 0.0523004
    outer loop
      vertex 11.4 -27.8 0.6
      vertex 11.7 -27.7573 1.41532
      vertex -11.4 -27.8 0.6
    endloop
  endfacet
  facet normal 0 -0.998631 0.0523004
    outer loop
      vertex 11.7 -27.7573 1.41532
      vertex 11.4 -27.8 0.6
      vertex 11.7 -27.8 0.6
    endloop
  endfacet
  facet normal -0 0.998631 0.0523004
    outer loop
      vertex 11.4 -12.2 0.6
      vertex 11.7 -12.2427 1.41532
      vertex 11.7 -12.2 0.6
    endloop
  endfacet
  facet normal 0 0.998631 0.0523004
    outer loop
      vertex 11.7 -12.2427 1.41532
      vertex 11.4 -12.2 0.6
      vertex -11.7 -12.2427 1.41532
    endloop
  endfacet
  facet normal -0 0.998631 0.0523004
    outer loop
      vertex -11.4 -12.2 0.6
      vertex -11.7 -12.2427 1.41532
      vertex 11.4 -12.2 0.6
    endloop
  endfacet
  facet normal 0 0.998631 0.0523004
    outer loop
      vertex -11.7 -12.2427 1.41532
      vertex -11.4 -12.2 0.6
      vertex -11.7 -12.2 0.6
    endloop
  endfacet
  facet normal 0 -0.0523383 0.998629
    outer loop
      vertex 1.19869 -20 8.4
      vertex 11.7 -20.8153 8.35727
      vertex 11.7 -20 8.4
    endloop
  endfacet
  facet normal 7.84806e-07 -0.0523282 0.99863
    outer loop
      vertex 1.17322 -20.6 8.36856
      vertex 11.7 -20.8153 8.35727
      vertex 1.19869 -20 8.4
    endloop
  endfacet
  facet normal 0 -0.0523665 0.998628
    outer loop
      vertex -1.17322 -20.6 8.36856
      vertex 11.7 -20.8153 8.35727
      vertex 1.17322 -20.6 8.36856
    endloop
  endfacet
  facet normal 0 -0.0523383 0.998629
    outer loop
      vertex -11.7 -20.8153 8.35727
      vertex -1.19869 -20 8.4
      vertex -11.7 -20 8.4
    endloop
  endfacet
  facet normal 0 -0.0523665 0.998628
    outer loop
      vertex -1.17322 -20.6 8.36856
      vertex -11.7 -20.8153 8.35727
      vertex 11.7 -20.8153 8.35727
    endloop
  endfacet
  facet normal -7.84806e-07 -0.0523282 0.99863
    outer loop
      vertex -1.19869 -20 8.4
      vertex -11.7 -20.8153 8.35727
      vertex -1.17322 -20.6 8.36856
    endloop
  endfacet
  facet normal -0 0.258825 0.965924
    outer loop
      vertex -11.7 -17.5897 8.01824
      vertex 11.7 -18.3783 8.22955
      vertex 11.7 -17.5897 8.01824
    endloop
  endfacet
  facet normal 0 0.258825 0.965924
    outer loop
      vertex 11.7 -18.3783 8.22955
      vertex -11.7 -17.5897 8.01824
      vertex -11.7 -18.3783 8.22955
    endloop
  endfacet
  facet normal 0 -0.629314 0.777151
    outer loop
      vertex -11.7 -24.5847 6.91033
      vertex 11.7 -25.2192 6.39653
      vertex 11.7 -24.5847 6.91033
    endloop
  endfacet
  facet normal 0 -0.629314 0.777151
    outer loop
      vertex 11.7 -25.2192 6.39653
      vertex -11.7 -24.5847 6.91033
      vertex -11.7 -25.2192 6.39653
    endloop
  endfacet
  facet normal -0 0.358377 0.933577
    outer loop
      vertex -11.7 -16.8275 7.72565
      vertex 11.7 -17.5897 8.01824
      vertex 11.7 -16.8275 7.72565
    endloop
  endfacet
  facet normal 0 0.358377 0.933577
    outer loop
      vertex 11.7 -17.5897 8.01824
      vertex -11.7 -16.8275 7.72565
      vertex -11.7 -17.5897 8.01824
    endloop
  endfacet
  facet normal -1 0 0
    outer loop
      vertex -11.7 -12.2 0.6
      vertex -11.7 -12.3704 2.22171
      vertex -11.7 -12.2427 1.41532
    endloop
  endfacet
  facet normal -1 0 0
    outer loop
      vertex -11.7 -12.2 0.6
      vertex -11.7 -12.5818 3.01033
      vertex -11.7 -12.3704 2.22171
    endloop
  endfacet
  facet normal -1 0 0
    outer loop
      vertex -11.7 -12.2 0.6
      vertex -11.7 -12.8743 3.77255
      vertex -11.7 -12.5818 3.01033
    endloop
  endfacet
  facet normal -1 0 0
    outer loop
      vertex -11.7 -12.2 0.6
      vertex -11.7 -13.245 4.5
      vertex -11.7 -12.8743 3.77255
    endloop
  endfacet
  facet normal -1 0 0
    outer loop
      vertex -11.7 -12.2 0.6
      vertex -11.7 -13.6897 5.18472
      vertex -11.7 -13.245 4.5
    endloop
  endfacet
  facet normal -1 0 0
    outer loop
      vertex -11.7 -12.2 0.6
      vertex -11.7 -14.2035 5.81922
      vertex -11.7 -13.6897 5.18472
    endloop
  endfacet
  facet normal -1 0 0
    outer loop
      vertex -11.7 -12.2 0.6
      vertex -11.7 -14.7808 6.39653
      vertex -11.7 -14.2035 5.81922
    endloop
  endfacet
  facet normal -1 0 0
    outer loop
      vertex -11.7 -12.2 0.6
      vertex -11.7 -15.4153 6.91033
      vertex -11.7 -14.7808 6.39653
    endloop
  endfacet
  facet normal -1 0 0
    outer loop
      vertex -11.7 -12.2 0.6
      vertex -11.7 -16.1 7.355
      vertex -11.7 -15.4153 6.91033
    endloop
  endfacet
  facet normal -1 0 0
    outer loop
      vertex -11.7 -12.2 0.6
      vertex -11.7 -16.8275 7.72565
      vertex -11.7 -16.1 7.355
    endloop
  endfacet
  facet normal -1 0 0
    outer loop
      vertex -11.7 -12.2 0.6
      vertex -11.7 -17.5897 8.01824
      vertex -11.7 -16.8275 7.72565
    endloop
  endfacet
  facet normal -1 0 0
    outer loop
      vertex -11.7 -12.2 0.6
      vertex -11.7 -18.3783 8.22955
      vertex -11.7 -17.5897 8.01824
    endloop
  endfacet
  facet normal -1 0 0
    outer loop
      vertex -11.7 -12.2 0.6
      vertex -11.7 -19.1847 8.35727
      vertex -11.7 -18.3783 8.22955
    endloop
  endfacet
  facet normal -1 0 0
    outer loop
      vertex -11.7 -12.2 0.6
      vertex -11.7 -20 8.4
      vertex -11.7 -19.1847 8.35727
    endloop
  endfacet
  facet normal -1 0 0
    outer loop
      vertex -11.7 -12.2 0.6
      vertex -11.7 -20.8153 8.35727
      vertex -11.7 -20 8.4
    endloop
  endfacet
  facet normal -1 0 0
    outer loop
      vertex -11.7 -12.2 0.6
      vertex -11.7 -21.6217 8.22955
      vertex -11.7 -20.8153 8.35727
    endloop
  endfacet
  facet normal -1 0 0
    outer loop
      vertex -11.7 -12.2 0.6
      vertex -11.7 -22.4103 8.01824
      vertex -11.7 -21.6217 8.22955
    endloop
  endfacet
  facet normal -1 0 0
    outer loop
      vertex -11.7 -12.2 0.6
      vertex -11.7 -23.1725 7.72565
      vertex -11.7 -22.4103 8.01824
    endloop
  endfacet
  facet normal -1 0 0
    outer loop
      vertex -11.7 -12.2 0.6
      vertex -11.7 -23.9 7.355
      vertex -11.7 -23.1725 7.72565
    endloop
  endfacet
  facet normal -1 0 0
    outer loop
      vertex -11.7 -12.2 0.6
      vertex -11.7 -24.5847 6.91033
      vertex -11.7 -23.9 7.355
    endloop
  endfacet
  facet normal -1 0 0
    outer loop
      vertex -11.7 -12.2 0.6
      vertex -11.7 -25.2192 6.39653
      vertex -11.7 -24.5847 6.91033
    endloop
  endfacet
  facet normal -1 0 0
    outer loop
      vertex -11.7 -12.2 0.6
      vertex -11.7 -25.7965 5.81922
      vertex -11.7 -25.2192 6.39653
    endloop
  endfacet
  facet normal -1 0 0
    outer loop
      vertex -11.7 -12.2 0.6
      vertex -11.7 -26.3103 5.18472
      vertex -11.7 -25.7965 5.81922
    endloop
  endfacet
  facet normal -1 0 0
    outer loop
      vertex -11.7 -12.2 0.6
      vertex -11.7 -26.755 4.5
      vertex -11.7 -26.3103 5.18472
    endloop
  endfacet
  facet normal -1 0 0
    outer loop
      vertex -11.7 -12.2 0.6
      vertex -11.7 -27.1257 3.77255
      vertex -11.7 -26.755 4.5
    endloop
  endfacet
  facet normal -1 0 0
    outer loop
      vertex -11.7 -12.2 0.6
      vertex -11.7 -27.4182 3.01033
      vertex -11.7 -27.1257 3.77255
    endloop
  endfacet
  facet normal -1 0 0
    outer loop
      vertex -11.7 -12.2 0.6
      vertex -11.7 -27.6296 2.22171
      vertex -11.7 -27.4182 3.01033
    endloop
  endfacet
  facet normal -1 0 0
    outer loop
      vertex -11.7 -12.2 0.6
      vertex -11.7 -27.7573 1.41532
      vertex -11.7 -27.6296 2.22171
    endloop
  endfacet
  facet normal -1 0 -0
    outer loop
      vertex -11.7 -27.7573 1.41532
      vertex -11.7 -12.2 0.6
      vertex -11.7 -27.8 0.6
    endloop
  endfacet
  facet normal 0 -0.933617 0.358273
    outer loop
      vertex -11.7 -27.4182 3.01033
      vertex 11.7 -27.1257 3.77255
      vertex -11.7 -27.1257 3.77255
    endloop
  endfacet
  facet normal 0 -0.933617 0.358273
    outer loop
      vertex 11.7 -27.1257 3.77255
      vertex -11.7 -27.4182 3.01033
      vertex 11.7 -27.4182 3.01033
    endloop
  endfacet
  facet normal 0 0.0523383 0.998629
    outer loop
      vertex 11.7 -19.1847 8.35727
      vertex 1.19869 -20 8.4
      vertex 11.7 -20 8.4
    endloop
  endfacet
  facet normal 7.84806e-07 0.0523282 0.99863
    outer loop
      vertex 11.7 -19.1847 8.35727
      vertex 1.17322 -19.4 8.36856
      vertex 1.19869 -20 8.4
    endloop
  endfacet
  facet normal 0 0.0523665 0.998628
    outer loop
      vertex 11.7 -19.1847 8.35727
      vertex -1.17322 -19.4 8.36856
      vertex 1.17322 -19.4 8.36856
    endloop
  endfacet
  facet normal -0 0.0523665 0.998628
    outer loop
      vertex -11.7 -19.1847 8.35727
      vertex -1.17322 -19.4 8.36856
      vertex 11.7 -19.1847 8.35727
    endloop
  endfacet
  facet normal -7.84806e-07 0.0523282 0.99863
    outer loop
      vertex -11.7 -19.1847 8.35727
      vertex -1.19869 -20 8.4
      vertex -1.17322 -19.4 8.36856
    endloop
  endfacet
  facet normal 0 0.0523383 0.998629
    outer loop
      vertex -1.19869 -20 8.4
      vertex -11.7 -19.1847 8.35727
      vertex -11.7 -20 8.4
    endloop
  endfacet
  facet normal -0 0.453962 0.891021
    outer loop
      vertex -11.7 -16.1 7.355
      vertex 11.7 -16.8275 7.72565
      vertex 11.7 -16.1 7.355
    endloop
  endfacet
  facet normal 0 0.453962 0.891021
    outer loop
      vertex 11.7 -16.8275 7.72565
      vertex -11.7 -16.1 7.355
      vertex -11.7 -16.8275 7.72565
    endloop
  endfacet
  facet normal 1 0 0
    outer loop
      vertex 11.7 -12.3704 2.22171
      vertex 11.7 -12.2 0.6
      vertex 11.7 -12.2427 1.41532
    endloop
  endfacet
  facet normal 1 0 0
    outer loop
      vertex 11.7 -12.5818 3.01033
      vertex 11.7 -12.2 0.6
      vertex 11.7 -12.3704 2.22171
    endloop
  endfacet
  facet normal 1 0 0
    outer loop
      vertex 11.7 -12.8743 3.77255
      vertex 11.7 -12.2 0.6
      vertex 11.7 -12.5818 3.01033
    endloop
  endfacet
  facet normal 1 0 0
    outer loop
      vertex 11.7 -13.245 4.5
      vertex 11.7 -12.2 0.6
      vertex 11.7 -12.8743 3.77255
    endloop
  endfacet
  facet normal 1 0 0
    outer loop
      vertex 11.7 -13.6897 5.18472
      vertex 11.7 -12.2 0.6
      vertex 11.7 -13.245 4.5
    endloop
  endfacet
  facet normal 1 0 0
    outer loop
      vertex 11.7 -14.2035 5.81922
      vertex 11.7 -12.2 0.6
      vertex 11.7 -13.6897 5.18472
    endloop
  endfacet
  facet normal 1 0 0
    outer loop
      vertex 11.7 -14.7808 6.39653
      vertex 11.7 -12.2 0.6
      vertex 11.7 -14.2035 5.81922
    endloop
  endfacet
  facet normal 1 0 0
    outer loop
      vertex 11.7 -15.4153 6.91033
      vertex 11.7 -12.2 0.6
      vertex 11.7 -14.7808 6.39653
    endloop
  endfacet
  facet normal 1 0 0
    outer loop
      vertex 11.7 -16.1 7.355
      vertex 11.7 -12.2 0.6
      vertex 11.7 -15.4153 6.91033
    endloop
  endfacet
  facet normal 1 0 0
    outer loop
      vertex 11.7 -16.8275 7.72565
      vertex 11.7 -12.2 0.6
      vertex 11.7 -16.1 7.355
    endloop
  endfacet
  facet normal 1 0 0
    outer loop
      vertex 11.7 -17.5897 8.01824
      vertex 11.7 -12.2 0.6
      vertex 11.7 -16.8275 7.72565
    endloop
  endfacet
  facet normal 1 0 0
    outer loop
      vertex 11.7 -18.3783 8.22955
      vertex 11.7 -12.2 0.6
      vertex 11.7 -17.5897 8.01824
    endloop
  endfacet
  facet normal 1 0 0
    outer loop
      vertex 11.7 -19.1847 8.35727
      vertex 11.7 -12.2 0.6
      vertex 11.7 -18.3783 8.22955
    endloop
  endfacet
  facet normal 1 0 0
    outer loop
      vertex 11.7 -20 8.4
      vertex 11.7 -12.2 0.6
      vertex 11.7 -19.1847 8.35727
    endloop
  endfacet
  facet normal 1 -0 0
    outer loop
      vertex 11.7 -20.8153 8.35727
      vertex 11.7 -12.2 0.6
      vertex 11.7 -20 8.4
    endloop
  endfacet
  facet normal 1 -0 0
    outer loop
      vertex 11.7 -21.6217 8.22955
      vertex 11.7 -12.2 0.6
      vertex 11.7 -20.8153 8.35727
    endloop
  endfacet
  facet normal 1 -0 0
    outer loop
      vertex 11.7 -22.4103 8.01824
      vertex 11.7 -12.2 0.6
      vertex 11.7 -21.6217 8.22955
    endloop
  endfacet
  facet normal 1 -0 0
    outer loop
      vertex 11.7 -23.1725 7.72565
      vertex 11.7 -12.2 0.6
      vertex 11.7 -22.4103 8.01824
    endloop
  endfacet
  facet normal 1 -0 0
    outer loop
      vertex 11.7 -23.9 7.355
      vertex 11.7 -12.2 0.6
      vertex 11.7 -23.1725 7.72565
    endloop
  endfacet
  facet normal 1 -0 0
    outer loop
      vertex 11.7 -24.5847 6.91033
      vertex 11.7 -12.2 0.6
      vertex 11.7 -23.9 7.355
    endloop
  endfacet
  facet normal 1 -0 0
    outer loop
      vertex 11.7 -25.2192 6.39653
      vertex 11.7 -12.2 0.6
      vertex 11.7 -24.5847 6.91033
    endloop
  endfacet
  facet normal 1 -0 0
    outer loop
      vertex 11.7 -25.7965 5.81922
      vertex 11.7 -12.2 0.6
      vertex 11.7 -25.2192 6.39653
    endloop
  endfacet
  facet normal 1 -0 0
    outer loop
      vertex 11.7 -26.3103 5.18472
      vertex 11.7 -12.2 0.6
      vertex 11.7 -25.7965 5.81922
    endloop
  endfacet
  facet normal 1 -0 0
    outer loop
      vertex 11.7 -26.755 4.5
      vertex 11.7 -12.2 0.6
      vertex 11.7 -26.3103 5.18472
    endloop
  endfacet
  facet normal 1 -0 0
    outer loop
      vertex 11.7 -27.1257 3.77255
      vertex 11.7 -12.2 0.6
      vertex 11.7 -26.755 4.5
    endloop
  endfacet
  facet normal 1 -0 0
    outer loop
      vertex 11.7 -27.4182 3.01033
      vertex 11.7 -12.2 0.6
      vertex 11.7 -27.1257 3.77255
    endloop
  endfacet
  facet normal 1 -0 0
    outer loop
      vertex 11.7 -27.6296 2.22171
      vertex 11.7 -12.2 0.6
      vertex 11.7 -27.4182 3.01033
    endloop
  endfacet
  facet normal 1 -0 0
    outer loop
      vertex 11.7 -27.7573 1.41532
      vertex 11.7 -12.2 0.6
      vertex 11.7 -27.6296 2.22171
    endloop
  endfacet
  facet normal 1 0 0
    outer loop
      vertex 11.7 -12.2 0.6
      vertex 11.7 -27.7573 1.41532
      vertex 11.7 -27.8 0.6
    endloop
  endfacet
  facet normal 0 -0.891031 -0.453942
    outer loop
      vertex -10.65 -13.4225 3.5285
      vertex 10.65 -13.7646 4.2
      vertex -10.65 -13.7646 4.2
    endloop
  endfacet
  facet normal 0 -0.891031 -0.453942
    outer loop
      vertex 10.65 -13.7646 4.2
      vertex -10.65 -13.4225 3.5285
      vertex 10.65 -13.4225 3.5285
    endloop
  endfacet
  facet normal 0 0.35836 -0.933583
    outer loop
      vertex -10.65 -22.9285 7.17753
      vertex 10.65 -22.2249 7.44761
      vertex 10.65 -22.9285 7.17753
    endloop
  endfacet
  facet normal 0 0.35836 -0.933583
    outer loop
      vertex 10.65 -22.2249 7.44761
      vertex -10.65 -22.9285 7.17753
      vertex -10.65 -22.2249 7.44761
    endloop
  endfacet
  facet normal 0 0.987687 -0.156441
    outer loop
      vertex 10.65 -27.1606 1.3526
      vertex -10.65 -27.0427 2.09696
      vertex 10.65 -27.0427 2.09696
    endloop
  endfacet
  facet normal 0 0.987687 -0.156441
    outer loop
      vertex -10.65 -27.0427 2.09696
      vertex 10.65 -27.1606 1.3526
      vertex -10.65 -27.1606 1.3526
    endloop
  endfacet
  facet normal 0 0.838645 -0.544678
    outer loop
      vertex 10.65 -26.2354 4.2
      vertex -10.65 -25.8249 4.83205
      vertex 10.65 -25.8249 4.83205
    endloop
  endfacet
  facet normal 0 0.838645 -0.544678
    outer loop
      vertex -10.65 -25.8249 4.83205
      vertex 10.65 -26.2354 4.2
      vertex -10.65 -26.2354 4.2
    endloop
  endfacet
  facet normal 0 0.544611 -0.838689
    outer loop
      vertex -10.65 -24.2321 6.42492
      vertex 10.65 -23.6 6.83538
      vertex 10.65 -24.2321 6.42492
    endloop
  endfacet
  facet normal 0 0.544611 -0.838689
    outer loop
      vertex 10.65 -23.6 6.83538
      vertex -10.65 -24.2321 6.42492
      vertex -10.65 -23.6 6.83538
    endloop
  endfacet
  facet normal 0 0.629377 -0.7771
    outer loop
      vertex -10.65 -24.8177 5.95064
      vertex 10.65 -24.2321 6.42492
      vertex 10.65 -24.8177 5.95064
    endloop
  endfacet
  facet normal 0 0.629377 -0.7771
    outer loop
      vertex 10.65 -24.2321 6.42492
      vertex -10.65 -24.8177 5.95064
      vertex -10.65 -24.2321 6.42492
    endloop
  endfacet
  facet normal 0 -0.933571 -0.358392
    outer loop
      vertex -10.65 -13.1524 2.82492
      vertex 10.65 -13.4225 3.5285
      vertex -10.65 -13.4225 3.5285
    endloop
  endfacet
  facet normal 0 -0.933571 -0.358392
    outer loop
      vertex 10.65 -13.4225 3.5285
      vertex -10.65 -13.1524 2.82492
      vertex 10.65 -13.1524 2.82492
    endloop
  endfacet
  facet normal 0 0.156433 -0.987689
    outer loop
      vertex -10.65 -21.497 7.64266
      vertex 10.65 -20.7526 7.76056
      vertex 10.65 -21.497 7.64266
    endloop
  endfacet
  facet normal 0 0.156433 -0.987689
    outer loop
      vertex 10.65 -20.7526 7.76056
      vertex -10.65 -21.497 7.64266
      vertex -10.65 -20.7526 7.76056
    endloop
  endfacet
  facet normal 0 -0.777135 -0.629334
    outer loop
      vertex -10.65 -14.1751 4.83205
      vertex 10.65 -14.6494 5.41774
      vertex -10.65 -14.6494 5.41774
    endloop
  endfacet
  facet normal 0 -0.777135 -0.629334
    outer loop
      vertex 10.65 -14.6494 5.41774
      vertex -10.65 -14.1751 4.83205
      vertex 10.65 -14.1751 4.83205
    endloop
  endfacet
  facet normal 0 0.891031 -0.453942
    outer loop
      vertex 10.65 -26.5775 3.5285
      vertex -10.65 -26.2354 4.2
      vertex 10.65 -26.2354 4.2
    endloop
  endfacet
  facet normal 0 0.891031 -0.453942
    outer loop
      vertex -10.65 -26.2354 4.2
      vertex 10.65 -26.5775 3.5285
      vertex -10.65 -26.5775 3.5285
    endloop
  endfacet
  facet normal 0 -0.965911 -0.258873
    outer loop
      vertex -10.65 -12.9573 2.09696
      vertex 10.65 -13.1524 2.82492
      vertex -10.65 -13.1524 2.82492
    endloop
  endfacet
  facet normal 0 -0.965911 -0.258873
    outer loop
      vertex 10.65 -13.1524 2.82492
      vertex -10.65 -12.9573 2.09696
      vertex 10.65 -12.9573 2.09696
    endloop
  endfacet
  facet normal 0 -0.707107 -0.707107
    outer loop
      vertex -10.65 -14.6494 5.41774
      vertex 10.65 -15.1823 5.95064
      vertex -10.65 -15.1823 5.95064
    endloop
  endfacet
  facet normal 0 -0.707107 -0.707107
    outer loop
      vertex 10.65 -15.1823 5.95064
      vertex -10.65 -14.6494 5.41774
      vertex 10.65 -14.6494 5.41774
    endloop
  endfacet
  facet normal 0 0.777135 -0.629334
    outer loop
      vertex 10.65 -25.8249 4.83205
      vertex -10.65 -25.3506 5.41774
      vertex 10.65 -25.3506 5.41774
    endloop
  endfacet
  facet normal 0 0.777135 -0.629334
    outer loop
      vertex -10.65 -25.3506 5.41774
      vertex 10.65 -25.8249 4.83205
      vertex -10.65 -25.8249 4.83205
    endloop
  endfacet
  facet normal 0 -0.987687 -0.156441
    outer loop
      vertex -10.65 -12.8394 1.3526
      vertex 10.65 -12.9573 2.09696
      vertex -10.65 -12.9573 2.09696
    endloop
  endfacet
  facet normal 0 -0.987687 -0.156441
    outer loop
      vertex 10.65 -12.9573 2.09696
      vertex -10.65 -12.8394 1.3526
      vertex 10.65 -12.8394 1.3526
    endloop
  endfacet
  facet normal 0 -0.998632 -0.0522803
    outer loop
      vertex -10.65 -12.8 0.6
      vertex 10.65 -12.8394 1.3526
      vertex -10.65 -12.8394 1.3526
    endloop
  endfacet
  facet normal 0 -0.998632 -0.0522803
    outer loop
      vertex 10.65 -12.8394 1.3526
      vertex -10.65 -12.8 0.6
      vertex 10.65 -12.8 0.6
    endloop
  endfacet
  facet normal 0 0.965911 -0.258873
    outer loop
      vertex 10.65 -27.0427 2.09696
      vertex -10.65 -26.8476 2.82492
      vertex 10.65 -26.8476 2.82492
    endloop
  endfacet
  facet normal 0 0.965911 -0.258873
    outer loop
      vertex -10.65 -26.8476 2.82492
      vertex 10.65 -27.0427 2.09696
      vertex -10.65 -27.0427 2.09696
    endloop
  endfacet
  facet normal 0 0.707107 -0.707107
    outer loop
      vertex -10.65 -25.3506 5.41774
      vertex 10.65 -24.8177 5.95064
      vertex 10.65 -25.3506 5.41774
    endloop
  endfacet
  facet normal 0 0.707107 -0.707107
    outer loop
      vertex 10.65 -24.8177 5.95064
      vertex -10.65 -25.3506 5.41774
      vertex -10.65 -24.8177 5.95064
    endloop
  endfacet
  facet normal 0 -0.629377 -0.7771
    outer loop
      vertex -10.65 -15.7679 6.42492
      vertex 10.65 -15.1823 5.95064
      vertex 10.65 -15.7679 6.42492
    endloop
  endfacet
  facet normal -0 -0.629377 -0.7771
    outer loop
      vertex 10.65 -15.1823 5.95064
      vertex -10.65 -15.7679 6.42492
      vertex -10.65 -15.1823 5.95064
    endloop
  endfacet
  facet normal 0 -0.544611 -0.838689
    outer loop
      vertex -10.65 -16.4 6.83538
      vertex 10.65 -15.7679 6.42492
      vertex 10.65 -16.4 6.83538
    endloop
  endfacet
  facet normal -0 -0.544611 -0.838689
    outer loop
      vertex 10.65 -15.7679 6.42492
      vertex -10.65 -16.4 6.83538
      vertex -10.65 -15.7679 6.42492
    endloop
  endfacet
  facet normal 0 -0.156433 -0.987689
    outer loop
      vertex -10.65 -19.2474 7.76056
      vertex 10.65 -18.503 7.64266
      vertex 10.65 -19.2474 7.76056
    endloop
  endfacet
  facet normal -0 -0.156433 -0.987689
    outer loop
      vertex 10.65 -18.503 7.64266
      vertex -10.65 -19.2474 7.76056
      vertex -10.65 -18.503 7.64266
    endloop
  endfacet
  facet normal 0 0.453994 -0.891005
    outer loop
      vertex -10.65 -23.6 6.83538
      vertex 10.65 -22.9285 7.17753
      vertex 10.65 -23.6 6.83538
    endloop
  endfacet
  facet normal 0 0.453994 -0.891005
    outer loop
      vertex 10.65 -22.9285 7.17753
      vertex -10.65 -23.6 6.83538
      vertex -10.65 -22.9285 7.17753
    endloop
  endfacet
  facet normal 0 -0.35836 -0.933583
    outer loop
      vertex -10.65 -17.7751 7.44761
      vertex 10.65 -17.0715 7.17753
      vertex 10.65 -17.7751 7.44761
    endloop
  endfacet
  facet normal -0 -0.35836 -0.933583
    outer loop
      vertex 10.65 -17.0715 7.17753
      vertex -10.65 -17.7751 7.44761
      vertex -10.65 -17.0715 7.17753
    endloop
  endfacet
  facet normal 0 -0.453994 -0.891005
    outer loop
      vertex -10.65 -17.0715 7.17753
      vertex 10.65 -16.4 6.83538
      vertex 10.65 -17.0715 7.17753
    endloop
  endfacet
  facet normal -0 -0.453994 -0.891005
    outer loop
      vertex 10.65 -16.4 6.83538
      vertex -10.65 -17.0715 7.17753
      vertex -10.65 -16.4 6.83538
    endloop
  endfacet
  facet normal 0 0.258831 -0.965923
    outer loop
      vertex -10.65 -22.2249 7.44761
      vertex 10.65 -21.497 7.64266
      vertex 10.65 -22.2249 7.44761
    endloop
  endfacet
  facet normal 0 0.258831 -0.965923
    outer loop
      vertex 10.65 -21.497 7.64266
      vertex -10.65 -22.2249 7.44761
      vertex -10.65 -21.497 7.64266
    endloop
  endfacet
  facet normal 0 0.0523332 -0.99863
    outer loop
      vertex 10.65 -20.7526 7.76056
      vertex 0 -20 7.8
      vertex 10.65 -20 7.8
    endloop
  endfacet
  facet normal 0 0.0523332 -0.99863
    outer loop
      vertex -10.65 -20.7526 7.76056
      vertex 0 -20 7.8
      vertex 10.65 -20.7526 7.76056
    endloop
  endfacet
  facet normal 0 0.0523332 -0.99863
    outer loop
      vertex 0 -20 7.8
      vertex -10.65 -20.7526 7.76056
      vertex -10.65 -20 7.8
    endloop
  endfacet
  facet normal 0 -0.258831 -0.965923
    outer loop
      vertex -10.65 -18.503 7.64266
      vertex 10.65 -17.7751 7.44761
      vertex 10.65 -18.503 7.64266
    endloop
  endfacet
  facet normal -0 -0.258831 -0.965923
    outer loop
      vertex 10.65 -17.7751 7.44761
      vertex -10.65 -18.503 7.64266
      vertex -10.65 -17.7751 7.44761
    endloop
  endfacet
  facet normal 1 0 0
    outer loop
      vertex -10.65 -12.9573 2.09696
      vertex -10.65 -12.8 0.6
      vertex -10.65 -12.8394 1.3526
    endloop
  endfacet
  facet normal 1 0 0
    outer loop
      vertex -10.65 -13.1524 2.82492
      vertex -10.65 -12.8 0.6
      vertex -10.65 -12.9573 2.09696
    endloop
  endfacet
  facet normal 1 0 0
    outer loop
      vertex -10.65 -13.4225 3.5285
      vertex -10.65 -12.8 0.6
      vertex -10.65 -13.1524 2.82492
    endloop
  endfacet
  facet normal 1 0 0
    outer loop
      vertex -10.65 -13.7646 4.2
      vertex -10.65 -12.8 0.6
      vertex -10.65 -13.4225 3.5285
    endloop
  endfacet
  facet normal 1 0 0
    outer loop
      vertex -10.65 -14.1751 4.83205
      vertex -10.65 -12.8 0.6
      vertex -10.65 -13.7646 4.2
    endloop
  endfacet
  facet normal 1 0 0
    outer loop
      vertex -10.65 -14.6494 5.41774
      vertex -10.65 -12.8 0.6
      vertex -10.65 -14.1751 4.83205
    endloop
  endfacet
  facet normal 1 0 0
    outer loop
      vertex -10.65 -15.1823 5.95064
      vertex -10.65 -12.8 0.6
      vertex -10.65 -14.6494 5.41774
    endloop
  endfacet
  facet normal 1 0 0
    outer loop
      vertex -10.65 -15.7679 6.42492
      vertex -10.65 -12.8 0.6
      vertex -10.65 -15.1823 5.95064
    endloop
  endfacet
  facet normal 1 0 0
    outer loop
      vertex -10.65 -16.4 6.83538
      vertex -10.65 -12.8 0.6
      vertex -10.65 -15.7679 6.42492
    endloop
  endfacet
  facet normal 1 0 0
    outer loop
      vertex -10.65 -17.0715 7.17753
      vertex -10.65 -12.8 0.6
      vertex -10.65 -16.4 6.83538
    endloop
  endfacet
  facet normal 1 0 0
    outer loop
      vertex -10.65 -17.7751 7.44761
      vertex -10.65 -12.8 0.6
      vertex -10.65 -17.0715 7.17753
    endloop
  endfacet
  facet normal 1 0 0
    outer loop
      vertex -10.65 -18.503 7.64266
      vertex -10.65 -12.8 0.6
      vertex -10.65 -17.7751 7.44761
    endloop
  endfacet
  facet normal 1 0 0
    outer loop
      vertex -10.65 -19.2474 7.76056
      vertex -10.65 -12.8 0.6
      vertex -10.65 -18.503 7.64266
    endloop
  endfacet
  facet normal 1 0 0
    outer loop
      vertex -10.65 -20 7.8
      vertex -10.65 -12.8 0.6
      vertex -10.65 -19.2474 7.76056
    endloop
  endfacet
  facet normal 1 -0 0
    outer loop
      vertex -10.65 -20.7526 7.76056
      vertex -10.65 -12.8 0.6
      vertex -10.65 -20 7.8
    endloop
  endfacet
  facet normal 1 -0 0
    outer loop
      vertex -10.65 -21.497 7.64266
      vertex -10.65 -12.8 0.6
      vertex -10.65 -20.7526 7.76056
    endloop
  endfacet
  facet normal 1 -0 0
    outer loop
      vertex -10.65 -22.2249 7.44761
      vertex -10.65 -12.8 0.6
      vertex -10.65 -21.497 7.64266
    endloop
  endfacet
  facet normal 1 -0 0
    outer loop
      vertex -10.65 -22.9285 7.17753
      vertex -10.65 -12.8 0.6
      vertex -10.65 -22.2249 7.44761
    endloop
  endfacet
  facet normal 1 -0 0
    outer loop
      vertex -10.65 -23.6 6.83538
      vertex -10.65 -12.8 0.6
      vertex -10.65 -22.9285 7.17753
    endloop
  endfacet
  facet normal 1 -0 0
    outer loop
      vertex -10.65 -24.2321 6.42492
      vertex -10.65 -12.8 0.6
      vertex -10.65 -23.6 6.83538
    endloop
  endfacet
  facet normal 1 -0 0
    outer loop
      vertex -10.65 -24.8177 5.95064
      vertex -10.65 -12.8 0.6
      vertex -10.65 -24.2321 6.42492
    endloop
  endfacet
  facet normal 1 -0 0
    outer loop
      vertex -10.65 -25.3506 5.41774
      vertex -10.65 -12.8 0.6
      vertex -10.65 -24.8177 5.95064
    endloop
  endfacet
  facet normal 1 -0 0
    outer loop
      vertex -10.65 -25.8249 4.83205
      vertex -10.65 -12.8 0.6
      vertex -10.65 -25.3506 5.41774
    endloop
  endfacet
  facet normal 1 -0 0
    outer loop
      vertex -10.65 -26.2354 4.2
      vertex -10.65 -12.8 0.6
      vertex -10.65 -25.8249 4.83205
    endloop
  endfacet
  facet normal 1 -0 0
    outer loop
      vertex -10.65 -26.5775 3.5285
      vertex -10.65 -12.8 0.6
      vertex -10.65 -26.2354 4.2
    endloop
  endfacet
  facet normal 1 -0 0
    outer loop
      vertex -10.65 -26.8476 2.82492
      vertex -10.65 -12.8 0.6
      vertex -10.65 -26.5775 3.5285
    endloop
  endfacet
  facet normal 1 -0 0
    outer loop
      vertex -10.65 -27.0427 2.09696
      vertex -10.65 -12.8 0.6
      vertex -10.65 -26.8476 2.82492
    endloop
  endfacet
  facet normal 1 -0 0
    outer loop
      vertex -10.65 -27.1606 1.3526
      vertex -10.65 -12.8 0.6
      vertex -10.65 -27.0427 2.09696
    endloop
  endfacet
  facet normal 1 0 0
    outer loop
      vertex -10.65 -12.8 0.6
      vertex -10.65 -27.1606 1.3526
      vertex -10.65 -27.2 0.6
    endloop
  endfacet
  facet normal -1 0 0
    outer loop
      vertex 10.65 -12.8 0.6
      vertex 10.65 -12.9573 2.09696
      vertex 10.65 -12.8394 1.3526
    endloop
  endfacet
  facet normal -1 0 0
    outer loop
      vertex 10.65 -12.8 0.6
      vertex 10.65 -13.1524 2.82492
      vertex 10.65 -12.9573 2.09696
    endloop
  endfacet
  facet normal -1 0 0
    outer loop
      vertex 10.65 -12.8 0.6
      vertex 10.65 -13.4225 3.5285
      vertex 10.65 -13.1524 2.82492
    endloop
  endfacet
  facet normal -1 0 0
    outer loop
      vertex 10.65 -12.8 0.6
      vertex 10.65 -13.7646 4.2
      vertex 10.65 -13.4225 3.5285
    endloop
  endfacet
  facet normal -1 0 0
    outer loop
      vertex 10.65 -12.8 0.6
      vertex 10.65 -14.1751 4.83205
      vertex 10.65 -13.7646 4.2
    endloop
  endfacet
  facet normal -1 0 0
    outer loop
      vertex 10.65 -12.8 0.6
      vertex 10.65 -14.6494 5.41774
      vertex 10.65 -14.1751 4.83205
    endloop
  endfacet
  facet normal -1 0 0
    outer loop
      vertex 10.65 -12.8 0.6
      vertex 10.65 -15.1823 5.95064
      vertex 10.65 -14.6494 5.41774
    endloop
  endfacet
  facet normal -1 0 0
    outer loop
      vertex 10.65 -12.8 0.6
      vertex 10.65 -15.7679 6.42492
      vertex 10.65 -15.1823 5.95064
    endloop
  endfacet
  facet normal -1 0 0
    outer loop
      vertex 10.65 -12.8 0.6
      vertex 10.65 -16.4 6.83538
      vertex 10.65 -15.7679 6.42492
    endloop
  endfacet
  facet normal -1 0 0
    outer loop
      vertex 10.65 -12.8 0.6
      vertex 10.65 -17.0715 7.17753
      vertex 10.65 -16.4 6.83538
    endloop
  endfacet
  facet normal -1 0 0
    outer loop
      vertex 10.65 -12.8 0.6
      vertex 10.65 -17.7751 7.44761
      vertex 10.65 -17.0715 7.17753
    endloop
  endfacet
  facet normal -1 0 0
    outer loop
      vertex 10.65 -12.8 0.6
      vertex 10.65 -18.503 7.64266
      vertex 10.65 -17.7751 7.44761
    endloop
  endfacet
  facet normal -1 0 0
    outer loop
      vertex 10.65 -12.8 0.6
      vertex 10.65 -19.2474 7.76056
      vertex 10.65 -18.503 7.64266
    endloop
  endfacet
  facet normal -1 0 0
    outer loop
      vertex 10.65 -12.8 0.6
      vertex 10.65 -20 7.8
      vertex 10.65 -19.2474 7.76056
    endloop
  endfacet
  facet normal -1 0 0
    outer loop
      vertex 10.65 -12.8 0.6
      vertex 10.65 -20.7526 7.76056
      vertex 10.65 -20 7.8
    endloop
  endfacet
  facet normal -1 0 0
    outer loop
      vertex 10.65 -12.8 0.6
      vertex 10.65 -21.497 7.64266
      vertex 10.65 -20.7526 7.76056
    endloop
  endfacet
  facet normal -1 0 0
    outer loop
      vertex 10.65 -12.8 0.6
      vertex 10.65 -22.2249 7.44761
      vertex 10.65 -21.497 7.64266
    endloop
  endfacet
  facet normal -1 0 0
    outer loop
      vertex 10.65 -12.8 0.6
      vertex 10.65 -22.9285 7.17753
      vertex 10.65 -22.2249 7.44761
    endloop
  endfacet
  facet normal -1 0 0
    outer loop
      vertex 10.65 -12.8 0.6
      vertex 10.65 -23.6 6.83538
      vertex 10.65 -22.9285 7.17753
    endloop
  endfacet
  facet normal -1 0 0
    outer loop
      vertex 10.65 -12.8 0.6
      vertex 10.65 -24.2321 6.42492
      vertex 10.65 -23.6 6.83538
    endloop
  endfacet
  facet normal -1 0 0
    outer loop
      vertex 10.65 -12.8 0.6
      vertex 10.65 -24.8177 5.95064
      vertex 10.65 -24.2321 6.42492
    endloop
  endfacet
  facet normal -1 0 0
    outer loop
      vertex 10.65 -12.8 0.6
      vertex 10.65 -25.3506 5.41774
      vertex 10.65 -24.8177 5.95064
    endloop
  endfacet
  facet normal -1 0 0
    outer loop
      vertex 10.65 -12.8 0.6
      vertex 10.65 -25.8249 4.83205
      vertex 10.65 -25.3506 5.41774
    endloop
  endfacet
  facet normal -1 0 0
    outer loop
      vertex 10.65 -12.8 0.6
      vertex 10.65 -26.2354 4.2
      vertex 10.65 -25.8249 4.83205
    endloop
  endfacet
  facet normal -1 0 0
    outer loop
      vertex 10.65 -12.8 0.6
      vertex 10.65 -26.5775 3.5285
      vertex 10.65 -26.2354 4.2
    endloop
  endfacet
  facet normal -1 0 0
    outer loop
      vertex 10.65 -12.8 0.6
      vertex 10.65 -26.8476 2.82492
      vertex 10.65 -26.5775 3.5285
    endloop
  endfacet
  facet normal -1 0 0
    outer loop
      vertex 10.65 -12.8 0.6
      vertex 10.65 -27.0427 2.09696
      vertex 10.65 -26.8476 2.82492
    endloop
  endfacet
  facet normal -1 0 0
    outer loop
      vertex 10.65 -12.8 0.6
      vertex 10.65 -27.1606 1.3526
      vertex 10.65 -27.0427 2.09696
    endloop
  endfacet
  facet normal -1 0 -0
    outer loop
      vertex 10.65 -27.1606 1.3526
      vertex 10.65 -12.8 0.6
      vertex 10.65 -27.2 0.6
    endloop
  endfacet
  facet normal 0 0.998632 -0.0522803
    outer loop
      vertex 10.65 -27.2 0.6
      vertex -10.65 -27.1606 1.3526
      vertex 10.65 -27.1606 1.3526
    endloop
  endfacet
  facet normal 0 0.998632 -0.0522803
    outer loop
      vertex -10.65 -27.1606 1.3526
      vertex 10.65 -27.2 0.6
      vertex -10.65 -27.2 0.6
    endloop
  endfacet
  facet normal 0 -0.838645 -0.544678
    outer loop
      vertex -10.65 -13.7646 4.2
      vertex 10.65 -14.1751 4.83205
      vertex -10.65 -14.1751 4.83205
    endloop
  endfacet
  facet normal 0 -0.838645 -0.544678
    outer loop
      vertex 10.65 -14.1751 4.83205
      vertex -10.65 -13.7646 4.2
      vertex 10.65 -13.7646 4.2
    endloop
  endfacet
  facet normal 0 -0.0523332 -0.99863
    outer loop
      vertex 0 -20 7.8
      vertex 10.65 -19.2474 7.76056
      vertex 10.65 -20 7.8
    endloop
  endfacet
  facet normal 0 -0.0523332 -0.99863
    outer loop
      vertex -10.65 -19.2474 7.76056
      vertex 0 -20 7.8
      vertex -10.65 -20 7.8
    endloop
  endfacet
  facet normal 0 -0.0523332 -0.99863
    outer loop
      vertex 0 -20 7.8
      vertex -10.65 -19.2474 7.76056
      vertex 10.65 -19.2474 7.76056
    endloop
  endfacet
  facet normal 0 0.933571 -0.358392
    outer loop
      vertex 10.65 -26.8476 2.82492
      vertex -10.65 -26.5775 3.5285
      vertex 10.65 -26.5775 3.5285
    endloop
  endfacet
  facet normal 0 0.933571 -0.358392
    outer loop
      vertex -10.65 -26.5775 3.5285
      vertex 10.65 -26.8476 2.82492
      vertex -10.65 -26.8476 2.82492
    endloop
  endfacet
  facet normal -0 0 1
    outer loop
      vertex -11.4 -11.6 0.6
      vertex 11.4 -12.2 0.6
      vertex 11.4 -11.6 0.6
    endloop
  endfacet
  facet normal 0 0 1
    outer loop
      vertex 11.4 -12.2 0.6
      vertex -11.4 -11.6 0.6
      vertex -11.4 -12.2 0.6
    endloop
  endfacet
  facet normal -0 0 1
    outer loop
      vertex -11.4 -27.8 0.6
      vertex 11.4 -28.4 0.6
      vertex 11.4 -27.8 0.6
    endloop
  endfacet
  facet normal 0 0 1
    outer loop
      vertex 11.4 -28.4 0.6
      vertex -11.4 -27.8 0.6
      vertex -11.4 -28.4 0.6
    endloop
  endfacet
  facet normal 0 0 -1
    outer loop
      vertex -11.7 -27.8 0.6
      vertex -11.4 -12.2 0.6
      vertex -11.4 -27.8 0.6
    endloop
  endfacet
  facet normal -0 0 -1
    outer loop
      vertex -11.4 -12.2 0.6
      vertex -11.7 -27.8 0.6
      vertex -11.7 -12.2 0.6
    endloop
  endfacet
  facet normal 0 0 -1
    outer loop
      vertex 11.4 -27.8 0.6
      vertex 11.7 -12.2 0.6
      vertex 11.7 -27.8 0.6
    endloop
  endfacet
  facet normal -0 0 -1
    outer loop
      vertex 11.7 -12.2 0.6
      vertex 11.4 -27.8 0.6
      vertex 11.4 -12.2 0.6
    endloop
  endfacet
  facet normal -0 0 1
    outer loop
      vertex -10.65 -12.8 0.6
      vertex 10.65 -27.2 0.6
      vertex 10.65 -12.8 0.6
    endloop
  endfacet
  facet normal 0 0 1
    outer loop
      vertex 10.65 -27.2 0.6
      vertex -10.65 -12.8 0.6
      vertex -10.65 -27.2 0.6
    endloop
  endfacet
  facet normal 1 0 0
    outer loop
      vertex 11.4 -28.4 0.75
      vertex 11.4 -31.4 0.75
      vertex 11.4 -28.4 0.6
    endloop
  endfacet
  facet normal 1 0 0
    outer loop
      vertex 11.4 -11.6 0.6
      vertex 11.4 -8.6 0.75
      vertex 11.4 -11.6 0.75
    endloop
  endfacet
  facet normal 1 0 0
    outer loop
      vertex 11.4 -8.6 0.75
      vertex 11.4 -11.6 0.6
      vertex 11.4 -8.6 0
    endloop
  endfacet
  facet normal 1 -0 0
    outer loop
      vertex 11.4 -12.2 0.6
      vertex 11.4 -8.6 0
      vertex 11.4 -11.6 0.6
    endloop
  endfacet
  facet normal 1 -0 0
    outer loop
      vertex 11.4 -27.8 0.6
      vertex 11.4 -8.6 0
      vertex 11.4 -12.2 0.6
    endloop
  endfacet
  facet normal 1 0 0
    outer loop
      vertex 11.4 -31.4 0
      vertex 11.4 -27.8 0.6
      vertex 11.4 -28.4 0.6
    endloop
  endfacet
  facet normal 1 0 0
    outer loop
      vertex 11.4 -27.8 0.6
      vertex 11.4 -31.4 0
      vertex 11.4 -8.6 0
    endloop
  endfacet
  facet normal 1 0 0
    outer loop
      vertex 11.4 -31.4 0
      vertex 11.4 -28.4 0.6
      vertex 11.4 -31.4 0.75
    endloop
  endfacet
  facet normal -0 0 1
    outer loop
      vertex -11.4 -28.4 0.75
      vertex 11.4 -31.4 0.75
      vertex 11.4 -28.4 0.75
    endloop
  endfacet
  facet normal 0 0 1
    outer loop
      vertex 11.4 -31.4 0.75
      vertex -11.4 -28.4 0.75
      vertex -11.4 -31.4 0.75
    endloop
  endfacet
  facet normal 0 0 -1
    outer loop
      vertex 11.4 -31.4 0
      vertex 10.65 -27.65 0
      vertex 11.4 -8.6 0
    endloop
  endfacet
  facet normal 0 0 -1
    outer loop
      vertex 11.4 -31.4 0
      vertex -10.65 -27.65 0
      vertex 10.65 -27.65 0
    endloop
  endfacet
  facet normal -0 0 -1
    outer loop
      vertex -10.65 -27.65 0
      vertex -11.4 -31.4 0
      vertex -10.65 -12.35 0
    endloop
  endfacet
  facet normal 0 0 -1
    outer loop
      vertex -11.4 -31.4 0
      vertex -10.65 -27.65 0
      vertex 11.4 -31.4 0
    endloop
  endfacet
  facet normal 0 0 -1
    outer loop
      vertex 10.65 -12.35 0
      vertex 11.4 -8.6 0
      vertex 10.65 -27.65 0
    endloop
  endfacet
  facet normal 0 0 -1
    outer loop
      vertex -10.65 -12.35 0
      vertex 11.4 -8.6 0
      vertex 10.65 -12.35 0
    endloop
  endfacet
  facet normal 0 0 -1
    outer loop
      vertex -10.65 -12.35 0
      vertex -11.4 -8.6 0
      vertex 11.4 -8.6 0
    endloop
  endfacet
  facet normal 0 0 -1
    outer loop
      vertex -11.4 -8.6 0
      vertex -10.65 -12.35 0
      vertex -11.4 -31.4 0
    endloop
  endfacet
  facet normal 0 0 -1
    outer loop
      vertex -9.9 -26.9 0
      vertex 9.9 -13.1 0
      vertex 9.9 -26.9 0
    endloop
  endfacet
  facet normal -0 0 -1
    outer loop
      vertex 9.9 -13.1 0
      vertex -9.9 -26.9 0
      vertex -9.9 -13.1 0
    endloop
  endfacet
  facet normal -1 0 0
    outer loop
      vertex -11.4 -8.6 0
      vertex -11.4 -11.6 0.6
      vertex -11.4 -8.6 0.75
    endloop
  endfacet
  facet normal -1 0 0
    outer loop
      vertex -11.4 -8.6 0
      vertex -11.4 -12.2 0.6
      vertex -11.4 -11.6 0.6
    endloop
  endfacet
  facet normal -1 0 0
    outer loop
      vertex -11.4 -8.6 0
      vertex -11.4 -27.8 0.6
      vertex -11.4 -12.2 0.6
    endloop
  endfacet
  facet normal -1 0 0
    outer loop
      vertex -11.4 -31.4 0
      vertex -11.4 -27.8 0.6
      vertex -11.4 -8.6 0
    endloop
  endfacet
  facet normal -1 -0 0
    outer loop
      vertex -11.4 -27.8 0.6
      vertex -11.4 -31.4 0
      vertex -11.4 -28.4 0.6
    endloop
  endfacet
  facet normal -1 0 0
    outer loop
      vertex -11.4 -31.4 0.75
      vertex -11.4 -28.4 0.6
      vertex -11.4 -31.4 0
    endloop
  endfacet
  facet normal -1 0 0
    outer loop
      vertex -11.4 -28.4 0.6
      vertex -11.4 -31.4 0.75
      vertex -11.4 -28.4 0.75
    endloop
  endfacet
  facet normal -1 -0 0
    outer loop
      vertex -11.4 -8.6 0.75
      vertex -11.4 -11.6 0.6
      vertex -11.4 -11.6 0.75
    endloop
  endfacet
  facet normal 0 1 -0
    outer loop
      vertex 11.4 -28.4 0.6
      vertex -11.4 -28.4 0.75
      vertex 11.4 -28.4 0.75
    endloop
  endfacet
  facet normal 0 1 0
    outer loop
      vertex -11.4 -28.4 0.75
      vertex 11.4 -28.4 0.6
      vertex -11.4 -28.4 0.6
    endloop
  endfacet
  facet normal 0 -1 0
    outer loop
      vertex -11.4 -31.4 0
      vertex 11.4 -31.4 0.75
      vertex -11.4 -31.4 0.75
    endloop
  endfacet
  facet normal 0 -1 -0
    outer loop
      vertex 11.4 -31.4 0.75
      vertex -11.4 -31.4 0
      vertex 11.4 -31.4 0
    endloop
  endfacet
  facet normal -0 0 1
    outer loop
      vertex -11.4 -8.6 0.75
      vertex 11.4 -11.6 0.75
      vertex 11.4 -8.6 0.75
    endloop
  endfacet
  facet normal 0 0 1
    outer loop
      vertex 11.4 -11.6 0.75
      vertex -11.4 -8.6 0.75
      vertex -11.4 -11.6 0.75
    endloop
  endfacet
  facet normal 0 1 -0
    outer loop
      vertex 11.4 -8.6 0
      vertex -11.4 -8.6 0.75
      vertex 11.4 -8.6 0.75
    endloop
  endfacet
  facet normal 0 1 0
    outer loop
      vertex -11.4 -8.6 0.75
      vertex 11.4 -8.6 0
      vertex -11.4 -8.6 0
    endloop
  endfacet
  facet normal 0 -1 0
    outer loop
      vertex -11.4 -11.6 0.6
      vertex 11.4 -11.6 0.75
      vertex -11.4 -11.6 0.75
    endloop
  endfacet
  facet normal 0 -1 -0
    outer loop
      vertex 11.4 -11.6 0.75
      vertex -11.4 -11.6 0.6
      vertex 11.4 -11.6 0.6
    endloop
  endfacet
  facet normal 0.156674 0 0.98765
    outer loop
      vertex 0.156793 -19.4 10.7918
      vertex 0.311868 -20.6 10.7672
      vertex 0.311868 -19.4 10.7672
    endloop
  endfacet
  facet normal 0.156674 0 0.98765
    outer loop
      vertex 0.311868 -20.6 10.7672
      vertex 0.156793 -19.4 10.7918
      vertex 0.156793 -20.6 10.7918
    endloop
  endfacet
  facet normal 0.987691 -0 0.15642
    outer loop
      vertex 1.46722 -20.6 9.61187
      vertex 1.49178 -19.4 9.45679
      vertex 1.46722 -19.4 9.61187
    endloop
  endfacet
  facet normal 0.987691 0 0.15642
    outer loop
      vertex 1.49178 -19.4 9.45679
      vertex 1.46722 -20.6 9.61187
      vertex 1.49178 -20.6 9.45679
    endloop
  endfacet
  facet normal 0.998629 -0 0.0523549
    outer loop
      vertex 1.49178 -20.6 9.45679
      vertex 1.5 -19.4 9.3
      vertex 1.49178 -19.4 9.45679
    endloop
  endfacet
  facet normal 0.998629 0 0.0523549
    outer loop
      vertex 1.5 -19.4 9.3
      vertex 1.49178 -20.6 9.45679
      vertex 1.5 -20.6 9.3
    endloop
  endfacet
  facet normal 0.965921 -0 0.258836
    outer loop
      vertex 1.42658 -20.6 9.76353
      vertex 1.46722 -19.4 9.61187
      vertex 1.42658 -19.4 9.76353
    endloop
  endfacet
  facet normal 0.965921 0 0.258836
    outer loop
      vertex 1.46722 -19.4 9.61187
      vertex 1.42658 -20.6 9.76353
      vertex 1.46722 -20.6 9.61187
    endloop
  endfacet
  facet normal -0.0522269 0 0.998635
    outer loop
      vertex -0.156793 -19.4 10.7918
      vertex 0 -20.6 10.8
      vertex 0 -19.4 10.8
    endloop
  endfacet
  facet normal -0.0522269 0 0.998635
    outer loop
      vertex 0 -20.6 10.8
      vertex -0.156793 -19.4 10.7918
      vertex -0.156793 -20.6 10.7918
    endloop
  endfacet
  facet normal -0.987691 0 -0.15642
    outer loop
      vertex -1.46722 -20.6 8.98813
      vertex -1.49178 -19.4 9.14321
      vertex -1.46722 -19.4 8.98813
    endloop
  endfacet
  facet normal -0.987691 -0 -0.15642
    outer loop
      vertex -1.49178 -19.4 9.14321
      vertex -1.46722 -20.6 8.98813
      vertex -1.49178 -20.6 9.14321
    endloop
  endfacet
  facet normal -0.891013 0 0.453977
    outer loop
      vertex -1.37032 -20.6 9.9101
      vertex -1.29904 -19.4 10.05
      vertex -1.37032 -19.4 9.9101
    endloop
  endfacet
  facet normal -0.891013 0 0.453977
    outer loop
      vertex -1.29904 -19.4 10.05
      vertex -1.37032 -20.6 9.9101
      vertex -1.29904 -20.6 10.05
    endloop
  endfacet
  facet normal -0.707043 0 0.70717
    outer loop
      vertex -1.11472 -19.4 10.3037
      vertex -1.0037 -20.6 10.4147
      vertex -1.0037 -19.4 10.4147
    endloop
  endfacet
  facet normal -0.707043 0 0.70717
    outer loop
      vertex -1.0037 -20.6 10.4147
      vertex -1.11472 -19.4 10.3037
      vertex -1.11472 -20.6 10.3037
    endloop
  endfacet
  facet normal 0.707043 0 0.70717
    outer loop
      vertex 1.0037 -19.4 10.4147
      vertex 1.11472 -20.6 10.3037
      vertex 1.11472 -19.4 10.3037
    endloop
  endfacet
  facet normal 0.707043 0 0.70717
    outer loop
      vertex 1.11472 -20.6 10.3037
      vertex 1.0037 -19.4 10.4147
      vertex 1.0037 -20.6 10.4147
    endloop
  endfacet
  facet normal 0.358552 0 0.93351
    outer loop
      vertex 0.463525 -19.4 10.7266
      vertex 0.610105 -20.6 10.6703
      vertex 0.610105 -19.4 10.6703
    endloop
  endfacet
  facet normal 0.358552 0 0.93351
    outer loop
      vertex 0.610105 -20.6 10.6703
      vertex 0.463525 -19.4 10.7266
      vertex 0.463525 -20.6 10.7266
    endloop
  endfacet
  facet normal -0.965921 0 -0.258836
    outer loop
      vertex -1.42658 -20.6 8.83647
      vertex -1.46722 -19.4 8.98813
      vertex -1.42658 -19.4 8.83647
    endloop
  endfacet
  facet normal -0.965921 -0 -0.258836
    outer loop
      vertex -1.46722 -19.4 8.98813
      vertex -1.42658 -20.6 8.83647
      vertex -1.46722 -20.6 8.98813
    endloop
  endfacet
  facet normal 0.987691 0 -0.15642
    outer loop
      vertex 1.49178 -20.6 9.14321
      vertex 1.46722 -19.4 8.98813
      vertex 1.49178 -19.4 9.14321
    endloop
  endfacet
  facet normal 0.987691 0 -0.15642
    outer loop
      vertex 1.46722 -19.4 8.98813
      vertex 1.49178 -20.6 9.14321
      vertex 1.46722 -20.6 8.98813
    endloop
  endfacet
  facet normal 0.629276 0 0.777182
    outer loop
      vertex 0.881678 -19.4 10.5135
      vertex 1.0037 -20.6 10.4147
      vertex 1.0037 -19.4 10.4147
    endloop
  endfacet
  facet normal 0.629276 0 0.777182
    outer loop
      vertex 1.0037 -20.6 10.4147
      vertex 0.881678 -19.4 10.5135
      vertex 0.881678 -20.6 10.5135
    endloop
  endfacet
  facet normal 0.83872 -0 0.544563
    outer loop
      vertex 1.21353 -20.6 10.1817
      vertex 1.29904 -19.4 10.05
      vertex 1.21353 -19.4 10.1817
    endloop
  endfacet
  facet normal 0.83872 0 0.544563
    outer loop
      vertex 1.29904 -19.4 10.05
      vertex 1.21353 -20.6 10.1817
      vertex 1.29904 -20.6 10.05
    endloop
  endfacet
  facet normal -0.258603 0 0.965984
    outer loop
      vertex -0.463525 -19.4 10.7266
      vertex -0.311868 -20.6 10.7672
      vertex -0.311868 -19.4 10.7672
    endloop
  endfacet
  facet normal -0.258603 0 0.965984
    outer loop
      vertex -0.311868 -20.6 10.7672
      vertex -0.463525 -19.4 10.7266
      vertex -0.463525 -20.6 10.7266
    endloop
  endfacet
  facet normal 0.998629 0 -0.0523549
    outer loop
      vertex 1.5 -20.6 9.3
      vertex 1.49178 -19.4 9.14321
      vertex 1.5 -19.4 9.3
    endloop
  endfacet
  facet normal 0.998629 0 -0.0523549
    outer loop
      vertex 1.49178 -19.4 9.14321
      vertex 1.5 -20.6 9.3
      vertex 1.49178 -20.6 9.14321
    endloop
  endfacet
  facet normal 0.933595 0 -0.35833
    outer loop
      vertex 1.42658 -20.6 8.83647
      vertex 1.37032 -19.4 8.68989
      vertex 1.42658 -19.4 8.83647
    endloop
  endfacet
  facet normal 0.933595 0 -0.35833
    outer loop
      vertex 1.37032 -19.4 8.68989
      vertex 1.42658 -20.6 8.83647
      vertex 1.37032 -20.6 8.68989
    endloop
  endfacet
  facet normal 0.838682 0 -0.544621
    outer loop
      vertex 1.29904 -20.6 8.55
      vertex 1.21353 -19.4 8.41832
      vertex 1.29904 -19.4 8.55
    endloop
  endfacet
  facet normal 0.838682 0 -0.544621
    outer loop
      vertex 1.21353 -19.4 8.41832
      vertex 1.29904 -20.6 8.55
      vertex 1.21353 -20.6 8.41832
    endloop
  endfacet
  facet normal -0.544582 0 0.838707
    outer loop
      vertex -0.881678 -19.4 10.5135
      vertex -0.75 -20.6 10.599
      vertex -0.75 -19.4 10.599
    endloop
  endfacet
  facet normal -0.544582 0 0.838707
    outer loop
      vertex -0.75 -20.6 10.599
      vertex -0.881678 -19.4 10.5135
      vertex -0.881678 -20.6 10.5135
    endloop
  endfacet
  facet normal 0.965921 0 -0.258836
    outer loop
      vertex 1.46722 -20.6 8.98813
      vertex 1.42658 -19.4 8.83647
      vertex 1.46722 -19.4 8.98813
    endloop
  endfacet
  facet normal 0.965921 0 -0.258836
    outer loop
      vertex 1.42658 -19.4 8.83647
      vertex 1.46722 -20.6 8.98813
      vertex 1.42658 -20.6 8.83647
    endloop
  endfacet
  facet normal -0.933587 0 0.358352
    outer loop
      vertex -1.42658 -20.6 9.76353
      vertex -1.37032 -19.4 9.9101
      vertex -1.42658 -19.4 9.76353
    endloop
  endfacet
  facet normal -0.933587 0 0.358352
    outer loop
      vertex -1.37032 -19.4 9.9101
      vertex -1.42658 -20.6 9.76353
      vertex -1.37032 -20.6 9.9101
    endloop
  endfacet
  facet normal -0.629276 0 0.777182
    outer loop
      vertex -1.0037 -19.4 10.4147
      vertex -0.881678 -20.6 10.5135
      vertex -0.881678 -19.4 10.5135
    endloop
  endfacet
  facet normal -0.629276 0 0.777182
    outer loop
      vertex -0.881678 -20.6 10.5135
      vertex -1.0037 -19.4 10.4147
      vertex -1.0037 -20.6 10.4147
    endloop
  endfacet
  facet normal -0.838682 0 -0.544621
    outer loop
      vertex -1.21353 -20.6 8.41832
      vertex -1.29904 -19.4 8.55
      vertex -1.21353 -19.4 8.41832
    endloop
  endfacet
  facet normal -0.838682 -0 -0.544621
    outer loop
      vertex -1.29904 -19.4 8.55
      vertex -1.21353 -20.6 8.41832
      vertex -1.29904 -20.6 8.55
    endloop
  endfacet
  facet normal 0 -1 0
    outer loop
      vertex 0 -20.6 10.2
      vertex 0 -20.6 10.8
      vertex -0.156793 -20.6 10.7918
    endloop
  endfacet
  facet normal 0 -1 0
    outer loop
      vertex -0.0940756 -20.6 10.1951
      vertex -0.156793 -20.6 10.7918
      vertex -0.311868 -20.6 10.7672
    endloop
  endfacet
  facet normal 0 -1 0
    outer loop
      vertex 0 -20.6 10.8
      vertex 0 -20.6 10.2
      vertex 0.156793 -20.6 10.7918
    endloop
  endfacet
  facet normal 0 -1 0
    outer loop
      vertex -0.18712 -20.6 10.1803
      vertex -0.311868 -20.6 10.7672
      vertex -0.463525 -20.6 10.7266
    endloop
  endfacet
  facet normal 0 -1 0
    outer loop
      vertex 0.0940756 -20.6 10.1951
      vertex 0.156793 -20.6 10.7918
      vertex 0 -20.6 10.2
    endloop
  endfacet
  facet normal 0 -1 0
    outer loop
      vertex -0.278115 -20.6 10.156
      vertex -0.463525 -20.6 10.7266
      vertex -0.610105 -20.6 10.6703
    endloop
  endfacet
  facet normal 0 -1 -0
    outer loop
      vertex 0.156793 -20.6 10.7918
      vertex 0.0940756 -20.6 10.1951
      vertex 0.311868 -20.6 10.7672
    endloop
  endfacet
  facet normal 0 -1 0
    outer loop
      vertex -0.366063 -20.6 10.1222
      vertex -0.610105 -20.6 10.6703
      vertex -0.75 -20.6 10.599
    endloop
  endfacet
  facet normal 0 -1 0
    outer loop
      vertex 0.18712 -20.6 10.1803
      vertex 0.311868 -20.6 10.7672
      vertex 0.0940756 -20.6 10.1951
    endloop
  endfacet
  facet normal 0 -1 0
    outer loop
      vertex -0.45 -20.6 10.0794
      vertex -0.75 -20.6 10.599
      vertex -0.881678 -20.6 10.5135
    endloop
  endfacet
  facet normal 0 -1 -0
    outer loop
      vertex 0.311868 -20.6 10.7672
      vertex 0.18712 -20.6 10.1803
      vertex 0.463525 -20.6 10.7266
    endloop
  endfacet
  facet normal 0 -1 0
    outer loop
      vertex -0.529007 -20.6 10.0281
      vertex -0.881678 -20.6 10.5135
      vertex -1.0037 -20.6 10.4147
    endloop
  endfacet
  facet normal 0 -1 0
    outer loop
      vertex 0.278115 -20.6 10.156
      vertex 0.463525 -20.6 10.7266
      vertex 0.18712 -20.6 10.1803
    endloop
  endfacet
  facet normal 0 -1 0
    outer loop
      vertex -0.602217 -20.6 9.96883
      vertex -1.0037 -20.6 10.4147
      vertex -1.11472 -20.6 10.3037
    endloop
  endfacet
  facet normal 0 -1 -0
    outer loop
      vertex 0.463525 -20.6 10.7266
      vertex 0.278115 -20.6 10.156
      vertex 0.610105 -20.6 10.6703
    endloop
  endfacet
  facet normal 0 -1 0
    outer loop
      vertex 0.366063 -20.6 10.1222
      vertex 0.610105 -20.6 10.6703
      vertex 0.278115 -20.6 10.156
    endloop
  endfacet
  facet normal 0 -1 0
    outer loop
      vertex -0.156793 -20.6 10.7918
      vertex -0.0940756 -20.6 10.1951
      vertex 0 -20.6 10.2
    endloop
  endfacet
  facet normal 0 -1 0
    outer loop
      vertex -0.66883 -20.6 9.90222
      vertex -1.11472 -20.6 10.3037
      vertex -1.21353 -20.6 10.1817
    endloop
  endfacet
  facet normal 0 -1 0
    outer loop
      vertex -0.311868 -20.6 10.7672
      vertex -0.18712 -20.6 10.1803
      vertex -0.0940756 -20.6 10.1951
    endloop
  endfacet
  facet normal 0 -1 0
    outer loop
      vertex -0.463525 -20.6 10.7266
      vertex -0.278115 -20.6 10.156
      vertex -0.18712 -20.6 10.1803
    endloop
  endfacet
  facet normal 0 -1 0
    outer loop
      vertex -0.610105 -20.6 10.6703
      vertex -0.366063 -20.6 10.1222
      vertex -0.278115 -20.6 10.156
    endloop
  endfacet
  facet normal 0 -1 0
    outer loop
      vertex -0.75 -20.6 10.599
      vertex -0.45 -20.6 10.0794
      vertex -0.366063 -20.6 10.1222
    endloop
  endfacet
  facet normal 0 -1 0
    outer loop
      vertex -0.728115 -20.6 9.82901
      vertex -1.21353 -20.6 10.1817
      vertex -1.29904 -20.6 10.05
    endloop
  endfacet
  facet normal 0 -1 0
    outer loop
      vertex -0.881678 -20.6 10.5135
      vertex -0.529007 -20.6 10.0281
      vertex -0.45 -20.6 10.0794
    endloop
  endfacet
  facet normal 0 -1 0
    outer loop
      vertex -1.0037 -20.6 10.4147
      vertex -0.602217 -20.6 9.96883
      vertex -0.529007 -20.6 10.0281
    endloop
  endfacet
  facet normal 0 -1 0
    outer loop
      vertex -0.779423 -20.6 9.75
      vertex -1.29904 -20.6 10.05
      vertex -1.37032 -20.6 9.9101
    endloop
  endfacet
  facet normal 0 -1 0
    outer loop
      vertex -1.11472 -20.6 10.3037
      vertex -0.66883 -20.6 9.90222
      vertex -0.602217 -20.6 9.96883
    endloop
  endfacet
  facet normal 0 -1 0
    outer loop
      vertex -1.21353 -20.6 10.1817
      vertex -0.728115 -20.6 9.82901
      vertex -0.66883 -20.6 9.90222
    endloop
  endfacet
  facet normal 0 -1 0
    outer loop
      vertex -0.822191 -20.6 9.66606
      vertex -1.37032 -20.6 9.9101
      vertex -1.42658 -20.6 9.76353
    endloop
  endfacet
  facet normal 0 -1 0
    outer loop
      vertex -1.29904 -20.6 10.05
      vertex -0.779423 -20.6 9.75
      vertex -0.728115 -20.6 9.82901
    endloop
  endfacet
  facet normal 0 -1 0
    outer loop
      vertex -1.37032 -20.6 9.9101
      vertex -0.822191 -20.6 9.66606
      vertex -0.779423 -20.6 9.75
    endloop
  endfacet
  facet normal 0 -1 0
    outer loop
      vertex -0.855951 -20.6 9.57812
      vertex -1.42658 -20.6 9.76353
      vertex -1.46722 -20.6 9.61187
    endloop
  endfacet
  facet normal 0 -1 0
    outer loop
      vertex -1.42658 -20.6 9.76353
      vertex -0.855951 -20.6 9.57812
      vertex -0.822191 -20.6 9.66606
    endloop
  endfacet
  facet normal 0 -1 0
    outer loop
      vertex -1.46722 -20.6 9.61187
      vertex -0.880333 -20.6 9.48712
      vertex -0.855951 -20.6 9.57812
    endloop
  endfacet
  facet normal 0 -1 0
    outer loop
      vertex -1.49178 -20.6 9.45679
      vertex -0.880333 -20.6 9.48712
      vertex -1.46722 -20.6 9.61187
    endloop
  endfacet
  facet normal 0 -1 0
    outer loop
      vertex -1.49178 -20.6 9.45679
      vertex -0.89507 -20.6 9.39408
      vertex -0.880333 -20.6 9.48712
    endloop
  endfacet
  facet normal 0 -1 0
    outer loop
      vertex -1.5 -20.6 9.3
      vertex -0.89507 -20.6 9.39408
      vertex -1.49178 -20.6 9.45679
    endloop
  endfacet
  facet normal 0 -1 0
    outer loop
      vertex -1.5 -20.6 9.3
      vertex -0.9 -20.6 9.3
      vertex -0.89507 -20.6 9.39408
    endloop
  endfacet
  facet normal 0 -1 0
    outer loop
      vertex -1.5 -20.6 9.3
      vertex -0.89507 -20.6 9.20592
      vertex -0.9 -20.6 9.3
    endloop
  endfacet
  facet normal 0 -1 0
    outer loop
      vertex -1.49178 -20.6 9.14321
      vertex -0.89507 -20.6 9.20592
      vertex -1.5 -20.6 9.3
    endloop
  endfacet
  facet normal 0 -1 0
    outer loop
      vertex -1.49178 -20.6 9.14321
      vertex -0.880333 -20.6 9.11288
      vertex -0.89507 -20.6 9.20592
    endloop
  endfacet
  facet normal 0 -1 0
    outer loop
      vertex -1.46722 -20.6 8.98813
      vertex -0.880333 -20.6 9.11288
      vertex -1.49178 -20.6 9.14321
    endloop
  endfacet
  facet normal 0 -1 -0
    outer loop
      vertex -0.880333 -20.6 9.11288
      vertex -1.46722 -20.6 8.98813
      vertex -0.855951 -20.6 9.02188
    endloop
  endfacet
  facet normal 0 -1 0
    outer loop
      vertex -1.42658 -20.6 8.83647
      vertex -0.855951 -20.6 9.02188
      vertex -1.46722 -20.6 8.98813
    endloop
  endfacet
  facet normal 0 -1 -0
    outer loop
      vertex -0.855951 -20.6 9.02188
      vertex -1.42658 -20.6 8.83647
      vertex -0.822191 -20.6 8.93394
    endloop
  endfacet
  facet normal 0 -1 0
    outer loop
      vertex -1.37032 -20.6 8.68989
      vertex -0.822191 -20.6 8.93394
      vertex -1.42658 -20.6 8.83647
    endloop
  endfacet
  facet normal 0 -1 -0
    outer loop
      vertex -0.822191 -20.6 8.93394
      vertex -1.37032 -20.6 8.68989
      vertex -0.779423 -20.6 8.85
    endloop
  endfacet
  facet normal 0 -1 0
    outer loop
      vertex -1.29904 -20.6 8.55
      vertex -0.779423 -20.6 8.85
      vertex -1.37032 -20.6 8.68989
    endloop
  endfacet
  facet normal 0 -1 -0
    outer loop
      vertex -0.779423 -20.6 8.85
      vertex -1.29904 -20.6 8.55
      vertex -0.728115 -20.6 8.77099
    endloop
  endfacet
  facet normal 0 -1 0
    outer loop
      vertex -1.21353 -20.6 8.41832
      vertex -0.728115 -20.6 8.77099
      vertex -1.29904 -20.6 8.55
    endloop
  endfacet
  facet normal 0 -1 0
    outer loop
      vertex -1.17322 -20.6 8.36856
      vertex -0.728115 -20.6 8.77099
      vertex -1.21353 -20.6 8.41832
    endloop
  endfacet
  facet normal 0 -1 -0
    outer loop
      vertex -0.728115 -20.6 8.77099
      vertex -1.17322 -20.6 8.36856
      vertex -0.66883 -20.6 8.69778
    endloop
  endfacet
  facet normal 0 -1 -0
    outer loop
      vertex -0.66883 -20.6 8.69778
      vertex -1.17322 -20.6 8.36856
      vertex -0.602217 -20.6 8.63117
    endloop
  endfacet
  facet normal 0 -1 -0
    outer loop
      vertex -0.602217 -20.6 8.63117
      vertex -1.17322 -20.6 8.36856
      vertex -0.529007 -20.6 8.57189
    endloop
  endfacet
  facet normal 0 -1 -0
    outer loop
      vertex -0.529007 -20.6 8.57189
      vertex -1.17322 -20.6 8.36856
      vertex -0.45 -20.6 8.52058
    endloop
  endfacet
  facet normal 0 -1 -0
    outer loop
      vertex -0.45 -20.6 8.52058
      vertex -1.17322 -20.6 8.36856
      vertex -0.366063 -20.6 8.47781
    endloop
  endfacet
  facet normal 0 -1 -0
    outer loop
      vertex -0.366063 -20.6 8.47781
      vertex -1.17322 -20.6 8.36856
      vertex -0.278115 -20.6 8.44405
    endloop
  endfacet
  facet normal 0 -1 -0
    outer loop
      vertex -0.278115 -20.6 8.44405
      vertex -1.17322 -20.6 8.36856
      vertex -0.18712 -20.6 8.41967
    endloop
  endfacet
  facet normal 0 -1 -0
    outer loop
      vertex -0.18712 -20.6 8.41967
      vertex -1.17322 -20.6 8.36856
      vertex -0.0940756 -20.6 8.40493
    endloop
  endfacet
  facet normal 0 -1 -0
    outer loop
      vertex -0.0940756 -20.6 8.40493
      vertex -1.17322 -20.6 8.36856
      vertex 0 -20.6 8.4
    endloop
  endfacet
  facet normal 0 -1 -0
    outer loop
      vertex 0.610105 -20.6 10.6703
      vertex 0.366063 -20.6 10.1222
      vertex 0.75 -20.6 10.599
    endloop
  endfacet
  facet normal 0 -1 0
    outer loop
      vertex 0.45 -20.6 10.0794
      vertex 0.75 -20.6 10.599
      vertex 0.366063 -20.6 10.1222
    endloop
  endfacet
  facet normal 0 -1 -0
    outer loop
      vertex 0.75 -20.6 10.599
      vertex 0.45 -20.6 10.0794
      vertex 0.881678 -20.6 10.5135
    endloop
  endfacet
  facet normal 0 -1 0
    outer loop
      vertex 0.529007 -20.6 10.0281
      vertex 0.881678 -20.6 10.5135
      vertex 0.45 -20.6 10.0794
    endloop
  endfacet
  facet normal 0 -1 -0
    outer loop
      vertex 0.881678 -20.6 10.5135
      vertex 0.529007 -20.6 10.0281
      vertex 1.0037 -20.6 10.4147
    endloop
  endfacet
  facet normal 0 -1 0
    outer loop
      vertex 0.602217 -20.6 9.96883
      vertex 1.0037 -20.6 10.4147
      vertex 0.529007 -20.6 10.0281
    endloop
  endfacet
  facet normal 0 -1 -0
    outer loop
      vertex 1.0037 -20.6 10.4147
      vertex 0.602217 -20.6 9.96883
      vertex 1.11472 -20.6 10.3037
    endloop
  endfacet
  facet normal 0 -1 0
    outer loop
      vertex 0.66883 -20.6 9.90222
      vertex 1.11472 -20.6 10.3037
      vertex 0.602217 -20.6 9.96883
    endloop
  endfacet
  facet normal 0 -1 -0
    outer loop
      vertex 1.11472 -20.6 10.3037
      vertex 0.66883 -20.6 9.90222
      vertex 1.21353 -20.6 10.1817
    endloop
  endfacet
  facet normal 0 -1 0
    outer loop
      vertex 0.728115 -20.6 9.82901
      vertex 1.21353 -20.6 10.1817
      vertex 0.66883 -20.6 9.90222
    endloop
  endfacet
  facet normal 0 -1 -0
    outer loop
      vertex 1.21353 -20.6 10.1817
      vertex 0.728115 -20.6 9.82901
      vertex 1.29904 -20.6 10.05
    endloop
  endfacet
  facet normal 0 -1 0
    outer loop
      vertex 0.779423 -20.6 9.75
      vertex 1.29904 -20.6 10.05
      vertex 0.728115 -20.6 9.82901
    endloop
  endfacet
  facet normal 0 -1 -0
    outer loop
      vertex 1.29904 -20.6 10.05
      vertex 0.779423 -20.6 9.75
      vertex 1.37032 -20.6 9.9101
    endloop
  endfacet
  facet normal 0 -1 0
    outer loop
      vertex 0.822191 -20.6 9.66606
      vertex 1.37032 -20.6 9.9101
      vertex 0.779423 -20.6 9.75
    endloop
  endfacet
  facet normal 0 -1 -0
    outer loop
      vertex 1.37032 -20.6 9.9101
      vertex 0.822191 -20.6 9.66606
      vertex 1.42658 -20.6 9.76353
    endloop
  endfacet
  facet normal 0 -1 0
    outer loop
      vertex 0.855951 -20.6 9.57812
      vertex 1.42658 -20.6 9.76353
      vertex 0.822191 -20.6 9.66606
    endloop
  endfacet
  facet normal 0 -1 -0
    outer loop
      vertex 1.42658 -20.6 9.76353
      vertex 0.855951 -20.6 9.57812
      vertex 1.46722 -20.6 9.61187
    endloop
  endfacet
  facet normal 0 -1 0
    outer loop
      vertex 0.880333 -20.6 9.48712
      vertex 1.46722 -20.6 9.61187
      vertex 0.855951 -20.6 9.57812
    endloop
  endfacet
  facet normal 0 -1 0
    outer loop
      vertex 0.880333 -20.6 9.48712
      vertex 1.49178 -20.6 9.45679
      vertex 1.46722 -20.6 9.61187
    endloop
  endfacet
  facet normal 0 -1 0
    outer loop
      vertex 0.89507 -20.6 9.39408
      vertex 1.49178 -20.6 9.45679
      vertex 0.880333 -20.6 9.48712
    endloop
  endfacet
  facet normal 0 -1 0
    outer loop
      vertex 0.9 -20.6 9.3
      vertex 1.49178 -20.6 9.45679
      vertex 0.89507 -20.6 9.39408
    endloop
  endfacet
  facet normal 0 -1 0
    outer loop
      vertex 0.9 -20.6 9.3
      vertex 1.5 -20.6 9.3
      vertex 1.49178 -20.6 9.45679
    endloop
  endfacet
  facet normal 0 -1 0
    outer loop
      vertex 0.89507 -20.6 9.20592
      vertex 1.5 -20.6 9.3
      vertex 0.9 -20.6 9.3
    endloop
  endfacet
  facet normal 0 -1 0
    outer loop
      vertex 0.89507 -20.6 9.20592
      vertex 1.49178 -20.6 9.14321
      vertex 1.5 -20.6 9.3
    endloop
  endfacet
  facet normal 0 -1 0
    outer loop
      vertex 0.880333 -20.6 9.11288
      vertex 1.49178 -20.6 9.14321
      vertex 0.89507 -20.6 9.20592
    endloop
  endfacet
  facet normal 0 -1 0
    outer loop
      vertex 1.46722 -20.6 8.98813
      vertex 0.880333 -20.6 9.11288
      vertex 0.855951 -20.6 9.02188
    endloop
  endfacet
  facet normal 0 -1 0
    outer loop
      vertex 0.880333 -20.6 9.11288
      vertex 1.46722 -20.6 8.98813
      vertex 1.49178 -20.6 9.14321
    endloop
  endfacet
  facet normal 0 -1 0
    outer loop
      vertex 1.42658 -20.6 8.83647
      vertex 0.855951 -20.6 9.02188
      vertex 0.822191 -20.6 8.93394
    endloop
  endfacet
  facet normal 0 -1 0
    outer loop
      vertex 1.37032 -20.6 8.68989
      vertex 0.822191 -20.6 8.93394
      vertex 0.779423 -20.6 8.85
    endloop
  endfacet
  facet normal 0 -1 0
    outer loop
      vertex 0.855951 -20.6 9.02188
      vertex 1.42658 -20.6 8.83647
      vertex 1.46722 -20.6 8.98813
    endloop
  endfacet
  facet normal 0 -1 0
    outer loop
      vertex 1.29904 -20.6 8.55
      vertex 0.779423 -20.6 8.85
      vertex 0.728115 -20.6 8.77099
    endloop
  endfacet
  facet normal 0 -1 0
    outer loop
      vertex 1.17322 -20.6 8.36856
      vertex 0.728115 -20.6 8.77099
      vertex 0.66883 -20.6 8.69778
    endloop
  endfacet
  facet normal 0 -1 0
    outer loop
      vertex 0.822191 -20.6 8.93394
      vertex 1.37032 -20.6 8.68989
      vertex 1.42658 -20.6 8.83647
    endloop
  endfacet
  facet normal 0 -1 0
    outer loop
      vertex 1.17322 -20.6 8.36856
      vertex 0.66883 -20.6 8.69778
      vertex 0.602217 -20.6 8.63117
    endloop
  endfacet
  facet normal 0 -1 0
    outer loop
      vertex 1.17322 -20.6 8.36856
      vertex 0.602217 -20.6 8.63117
      vertex 0.529007 -20.6 8.57189
    endloop
  endfacet
  facet normal 0 -1 0
    outer loop
      vertex 0.779423 -20.6 8.85
      vertex 1.29904 -20.6 8.55
      vertex 1.37032 -20.6 8.68989
    endloop
  endfacet
  facet normal 0 -1 0
    outer loop
      vertex 1.17322 -20.6 8.36856
      vertex 0.529007 -20.6 8.57189
      vertex 0.45 -20.6 8.52058
    endloop
  endfacet
  facet normal 0 -1 0
    outer loop
      vertex 1.17322 -20.6 8.36856
      vertex 0.45 -20.6 8.52058
      vertex 0.366063 -20.6 8.47781
    endloop
  endfacet
  facet normal 0 -1 0
    outer loop
      vertex 1.17322 -20.6 8.36856
      vertex 0.366063 -20.6 8.47781
      vertex 0.278115 -20.6 8.44405
    endloop
  endfacet
  facet normal 0 -1 0
    outer loop
      vertex 1.17322 -20.6 8.36856
      vertex 0.278115 -20.6 8.44405
      vertex 0.18712 -20.6 8.41967
    endloop
  endfacet
  facet normal 0 -1 0
    outer loop
      vertex 0.728115 -20.6 8.77099
      vertex 1.21353 -20.6 8.41832
      vertex 1.29904 -20.6 8.55
    endloop
  endfacet
  facet normal 0 -1 0
    outer loop
      vertex 1.17322 -20.6 8.36856
      vertex 0.18712 -20.6 8.41967
      vertex 0.0940756 -20.6 8.40493
    endloop
  endfacet
  facet normal 0 -1 0
    outer loop
      vertex 1.17322 -20.6 8.36856
      vertex 0.0940756 -20.6 8.40493
      vertex 0 -20.6 8.4
    endloop
  endfacet
  facet normal 0 -1 0
    outer loop
      vertex 1.17322 -20.6 8.36856
      vertex 0 -20.6 8.4
      vertex -1.17322 -20.6 8.36856
    endloop
  endfacet
  facet normal 0 -1 0
    outer loop
      vertex 0.728115 -20.6 8.77099
      vertex 1.17322 -20.6 8.36856
      vertex 1.21353 -20.6 8.41832
    endloop
  endfacet
  facet normal -0.83872 0 0.544563
    outer loop
      vertex -1.29904 -20.6 10.05
      vertex -1.21353 -19.4 10.1817
      vertex -1.29904 -19.4 10.05
    endloop
  endfacet
  facet normal -0.83872 0 0.544563
    outer loop
      vertex -1.21353 -19.4 10.1817
      vertex -1.29904 -20.6 10.05
      vertex -1.21353 -20.6 10.1817
    endloop
  endfacet
  facet normal 0.454091 0 0.890955
    outer loop
      vertex 0.610105 -19.4 10.6703
      vertex 0.75 -20.6 10.599
      vertex 0.75 -19.4 10.599
    endloop
  endfacet
  facet normal 0.454091 0 0.890955
    outer loop
      vertex 0.75 -20.6 10.599
      vertex 0.610105 -19.4 10.6703
      vertex 0.610105 -20.6 10.6703
    endloop
  endfacet
  facet normal 0.891 0 -0.454003
    outer loop
      vertex 1.37032 -20.6 8.68989
      vertex 1.29904 -19.4 8.55
      vertex 1.37032 -19.4 8.68989
    endloop
  endfacet
  facet normal 0.891 0 -0.454003
    outer loop
      vertex 1.29904 -19.4 8.55
      vertex 1.37032 -20.6 8.68989
      vertex 1.29904 -20.6 8.55
    endloop
  endfacet
  facet normal 0.258603 0 0.965984
    outer loop
      vertex 0.311868 -19.4 10.7672
      vertex 0.463525 -20.6 10.7266
      vertex 0.463525 -19.4 10.7266
    endloop
  endfacet
  facet normal 0.258603 0 0.965984
    outer loop
      vertex 0.463525 -20.6 10.7266
      vertex 0.311868 -19.4 10.7672
      vertex 0.311868 -20.6 10.7672
    endloop
  endfacet
  facet normal 0.77703 1.06186e-06 -0.629463
    outer loop
      vertex 1.21353 -19.4 8.41832
      vertex 1.19869 -20 8.4
      vertex 1.17322 -19.4 8.36856
    endloop
  endfacet
  facet normal 0.777047 0 -0.629442
    outer loop
      vertex 1.21353 -20.6 8.41832
      vertex 1.19869 -20 8.4
      vertex 1.21353 -19.4 8.41832
    endloop
  endfacet
  facet normal 0.77703 -1.06186e-06 -0.629463
    outer loop
      vertex 1.19869 -20 8.4
      vertex 1.21353 -20.6 8.41832
      vertex 1.17322 -20.6 8.36856
    endloop
  endfacet
  facet normal 0.777095 -0 0.629383
    outer loop
      vertex 1.11472 -20.6 10.3037
      vertex 1.21353 -19.4 10.1817
      vertex 1.11472 -19.4 10.3037
    endloop
  endfacet
  facet normal 0.777095 0 0.629383
    outer loop
      vertex 1.21353 -19.4 10.1817
      vertex 1.11472 -20.6 10.3037
      vertex 1.21353 -20.6 10.1817
    endloop
  endfacet
  facet normal 0.544582 0 0.838707
    outer loop
      vertex 0.75 -19.4 10.599
      vertex 0.881678 -20.6 10.5135
      vertex 0.881678 -19.4 10.5135
    endloop
  endfacet
  facet normal 0.544582 0 0.838707
    outer loop
      vertex 0.881678 -20.6 10.5135
      vertex 0.75 -19.4 10.599
      vertex 0.75 -20.6 10.599
    endloop
  endfacet
  facet normal -0.156674 0 0.98765
    outer loop
      vertex -0.311868 -19.4 10.7672
      vertex -0.156793 -20.6 10.7918
      vertex -0.156793 -19.4 10.7918
    endloop
  endfacet
  facet normal -0.156674 0 0.98765
    outer loop
      vertex -0.156793 -20.6 10.7918
      vertex -0.311868 -19.4 10.7672
      vertex -0.311868 -20.6 10.7672
    endloop
  endfacet
  facet normal 0.933587 -0 0.358352
    outer loop
      vertex 1.37032 -20.6 9.9101
      vertex 1.42658 -19.4 9.76353
      vertex 1.37032 -19.4 9.9101
    endloop
  endfacet
  facet normal 0.933587 0 0.358352
    outer loop
      vertex 1.42658 -19.4 9.76353
      vertex 1.37032 -20.6 9.9101
      vertex 1.42658 -20.6 9.76353
    endloop
  endfacet
  facet normal 0.0522269 0 0.998635
    outer loop
      vertex 0 -19.4 10.8
      vertex 0.156793 -20.6 10.7918
      vertex 0.156793 -19.4 10.7918
    endloop
  endfacet
  facet normal 0.0522269 0 0.998635
    outer loop
      vertex 0.156793 -20.6 10.7918
      vertex 0 -19.4 10.8
      vertex 0 -20.6 10.8
    endloop
  endfacet
  facet normal -0.987691 0 0.15642
    outer loop
      vertex -1.49178 -20.6 9.45679
      vertex -1.46722 -19.4 9.61187
      vertex -1.49178 -19.4 9.45679
    endloop
  endfacet
  facet normal -0.987691 0 0.15642
    outer loop
      vertex -1.46722 -19.4 9.61187
      vertex -1.49178 -20.6 9.45679
      vertex -1.46722 -20.6 9.61187
    endloop
  endfacet
  facet normal 0.891013 -0 0.453977
    outer loop
      vertex 1.29904 -20.6 10.05
      vertex 1.37032 -19.4 9.9101
      vertex 1.29904 -19.4 10.05
    endloop
  endfacet
  facet normal 0.891013 0 0.453977
    outer loop
      vertex 1.37032 -19.4 9.9101
      vertex 1.29904 -20.6 10.05
      vertex 1.37032 -20.6 9.9101
    endloop
  endfacet
  facet normal -0.454091 0 0.890955
    outer loop
      vertex -0.75 -19.4 10.599
      vertex -0.610105 -20.6 10.6703
      vertex -0.610105 -19.4 10.6703
    endloop
  endfacet
  facet normal -0.454091 0 0.890955
    outer loop
      vertex -0.610105 -20.6 10.6703
      vertex -0.75 -19.4 10.599
      vertex -0.75 -20.6 10.599
    endloop
  endfacet
  facet normal -0.777095 0 0.629383
    outer loop
      vertex -1.21353 -20.6 10.1817
      vertex -1.11472 -19.4 10.3037
      vertex -1.21353 -19.4 10.1817
    endloop
  endfacet
  facet normal -0.777095 0 0.629383
    outer loop
      vertex -1.11472 -19.4 10.3037
      vertex -1.21353 -20.6 10.1817
      vertex -1.11472 -20.6 10.3037
    endloop
  endfacet
  facet normal -0.933595 0 -0.35833
    outer loop
      vertex -1.37032 -20.6 8.68989
      vertex -1.42658 -19.4 8.83647
      vertex -1.37032 -19.4 8.68989
    endloop
  endfacet
  facet normal -0.933595 -0 -0.35833
    outer loop
      vertex -1.42658 -19.4 8.83647
      vertex -1.37032 -20.6 8.68989
      vertex -1.42658 -20.6 8.83647
    endloop
  endfacet
  facet normal -0.965921 0 0.258836
    outer loop
      vertex -1.46722 -20.6 9.61187
      vertex -1.42658 -19.4 9.76353
      vertex -1.46722 -19.4 9.61187
    endloop
  endfacet
  facet normal -0.965921 0 0.258836
    outer loop
      vertex -1.42658 -19.4 9.76353
      vertex -1.46722 -20.6 9.61187
      vertex -1.42658 -20.6 9.76353
    endloop
  endfacet
  facet normal -0.891 0 -0.454003
    outer loop
      vertex -1.29904 -20.6 8.55
      vertex -1.37032 -19.4 8.68989
      vertex -1.29904 -19.4 8.55
    endloop
  endfacet
  facet normal -0.891 -0 -0.454003
    outer loop
      vertex -1.37032 -19.4 8.68989
      vertex -1.29904 -20.6 8.55
      vertex -1.37032 -20.6 8.68989
    endloop
  endfacet
  facet normal -0.998629 0 -0.0523549
    outer loop
      vertex -1.49178 -20.6 9.14321
      vertex -1.5 -19.4 9.3
      vertex -1.49178 -19.4 9.14321
    endloop
  endfacet
  facet normal -0.998629 -0 -0.0523549
    outer loop
      vertex -1.5 -19.4 9.3
      vertex -1.49178 -20.6 9.14321
      vertex -1.5 -20.6 9.3
    endloop
  endfacet
  facet normal -0.358552 0 0.93351
    outer loop
      vertex -0.610105 -19.4 10.6703
      vertex -0.463525 -20.6 10.7266
      vertex -0.463525 -19.4 10.7266
    endloop
  endfacet
  facet normal -0.358552 0 0.93351
    outer loop
      vertex -0.463525 -20.6 10.7266
      vertex -0.610105 -19.4 10.6703
      vertex -0.610105 -20.6 10.6703
    endloop
  endfacet
  facet normal -0.77703 1.06186e-06 -0.629463
    outer loop
      vertex -1.19869 -20 8.4
      vertex -1.21353 -19.4 8.41832
      vertex -1.17322 -19.4 8.36856
    endloop
  endfacet
  facet normal -0.777047 0 -0.629442
    outer loop
      vertex -1.19869 -20 8.4
      vertex -1.21353 -20.6 8.41832
      vertex -1.21353 -19.4 8.41832
    endloop
  endfacet
  facet normal -0.77703 -1.06186e-06 -0.629463
    outer loop
      vertex -1.21353 -20.6 8.41832
      vertex -1.19869 -20 8.4
      vertex -1.17322 -20.6 8.36856
    endloop
  endfacet
  facet normal 0 1 0
    outer loop
      vertex 0 -19.4 10.2
      vertex 0 -19.4 10.8
      vertex 0.156793 -19.4 10.7918
    endloop
  endfacet
  facet normal 0 1 0
    outer loop
      vertex 0.0940756 -19.4 10.1951
      vertex 0.156793 -19.4 10.7918
      vertex 0.311868 -19.4 10.7672
    endloop
  endfacet
  facet normal 0 1 0
    outer loop
      vertex 0 -19.4 10.8
      vertex 0 -19.4 10.2
      vertex -0.156793 -19.4 10.7918
    endloop
  endfacet
  facet normal 0 1 0
    outer loop
      vertex 0.18712 -19.4 10.1803
      vertex 0.311868 -19.4 10.7672
      vertex 0.463525 -19.4 10.7266
    endloop
  endfacet
  facet normal 0 1 -0
    outer loop
      vertex -0.0940756 -19.4 10.1951
      vertex -0.156793 -19.4 10.7918
      vertex 0 -19.4 10.2
    endloop
  endfacet
  facet normal 0 1 0
    outer loop
      vertex 0.278115 -19.4 10.156
      vertex 0.463525 -19.4 10.7266
      vertex 0.610105 -19.4 10.6703
    endloop
  endfacet
  facet normal 0 1 0
    outer loop
      vertex -0.156793 -19.4 10.7918
      vertex -0.0940756 -19.4 10.1951
      vertex -0.311868 -19.4 10.7672
    endloop
  endfacet
  facet normal 0 1 0
    outer loop
      vertex 0.366063 -19.4 10.1222
      vertex 0.610105 -19.4 10.6703
      vertex 0.75 -19.4 10.599
    endloop
  endfacet
  facet normal 0 1 -0
    outer loop
      vertex -0.18712 -19.4 10.1803
      vertex -0.311868 -19.4 10.7672
      vertex -0.0940756 -19.4 10.1951
    endloop
  endfacet
  facet normal 0 1 0
    outer loop
      vertex 0.45 -19.4 10.0794
      vertex 0.75 -19.4 10.599
      vertex 0.881678 -19.4 10.5135
    endloop
  endfacet
  facet normal 0 1 0
    outer loop
      vertex -0.311868 -19.4 10.7672
      vertex -0.18712 -19.4 10.1803
      vertex -0.463525 -19.4 10.7266
    endloop
  endfacet
  facet normal 0 1 0
    outer loop
      vertex 0.529007 -19.4 10.0281
      vertex 0.881678 -19.4 10.5135
      vertex 1.0037 -19.4 10.4147
    endloop
  endfacet
  facet normal 0 1 -0
    outer loop
      vertex -0.278115 -19.4 10.156
      vertex -0.463525 -19.4 10.7266
      vertex -0.18712 -19.4 10.1803
    endloop
  endfacet
  facet normal 0 1 0
    outer loop
      vertex 0.602217 -19.4 9.96883
      vertex 1.0037 -19.4 10.4147
      vertex 1.11472 -19.4 10.3037
    endloop
  endfacet
  facet normal 0 1 0
    outer loop
      vertex -0.463525 -19.4 10.7266
      vertex -0.278115 -19.4 10.156
      vertex -0.610105 -19.4 10.6703
    endloop
  endfacet
  facet normal 0 1 -0
    outer loop
      vertex -0.366063 -19.4 10.1222
      vertex -0.610105 -19.4 10.6703
      vertex -0.278115 -19.4 10.156
    endloop
  endfacet
  facet normal 0 1 0
    outer loop
      vertex 0.156793 -19.4 10.7918
      vertex 0.0940756 -19.4 10.1951
      vertex 0 -19.4 10.2
    endloop
  endfacet
  facet normal 0 1 0
    outer loop
      vertex 0.66883 -19.4 9.90222
      vertex 1.11472 -19.4 10.3037
      vertex 1.21353 -19.4 10.1817
    endloop
  endfacet
  facet normal 0 1 0
    outer loop
      vertex 0.311868 -19.4 10.7672
      vertex 0.18712 -19.4 10.1803
      vertex 0.0940756 -19.4 10.1951
    endloop
  endfacet
  facet normal 0 1 0
    outer loop
      vertex 0.463525 -19.4 10.7266
      vertex 0.278115 -19.4 10.156
      vertex 0.18712 -19.4 10.1803
    endloop
  endfacet
  facet normal 0 1 0
    outer loop
      vertex 0.610105 -19.4 10.6703
      vertex 0.366063 -19.4 10.1222
      vertex 0.278115 -19.4 10.156
    endloop
  endfacet
  facet normal 0 1 0
    outer loop
      vertex 0.75 -19.4 10.599
      vertex 0.45 -19.4 10.0794
      vertex 0.366063 -19.4 10.1222
    endloop
  endfacet
  facet normal 0 1 0
    outer loop
      vertex 0.728115 -19.4 9.82901
      vertex 1.21353 -19.4 10.1817
      vertex 1.29904 -19.4 10.05
    endloop
  endfacet
  facet normal 0 1 0
    outer loop
      vertex 0.881678 -19.4 10.5135
      vertex 0.529007 -19.4 10.0281
      vertex 0.45 -19.4 10.0794
    endloop
  endfacet
  facet normal 0 1 0
    outer loop
      vertex 1.0037 -19.4 10.4147
      vertex 0.602217 -19.4 9.96883
      vertex 0.529007 -19.4 10.0281
    endloop
  endfacet
  facet normal 0 1 0
    outer loop
      vertex 0.779423 -19.4 9.75
      vertex 1.29904 -19.4 10.05
      vertex 1.37032 -19.4 9.9101
    endloop
  endfacet
  facet normal 0 1 0
    outer loop
      vertex 1.11472 -19.4 10.3037
      vertex 0.66883 -19.4 9.90222
      vertex 0.602217 -19.4 9.96883
    endloop
  endfacet
  facet normal 0 1 0
    outer loop
      vertex 1.21353 -19.4 10.1817
      vertex 0.728115 -19.4 9.82901
      vertex 0.66883 -19.4 9.90222
    endloop
  endfacet
  facet normal 0 1 0
    outer loop
      vertex 0.822191 -19.4 9.66606
      vertex 1.37032 -19.4 9.9101
      vertex 1.42658 -19.4 9.76353
    endloop
  endfacet
  facet normal 0 1 0
    outer loop
      vertex 1.29904 -19.4 10.05
      vertex 0.779423 -19.4 9.75
      vertex 0.728115 -19.4 9.82901
    endloop
  endfacet
  facet normal 0 1 0
    outer loop
      vertex 1.37032 -19.4 9.9101
      vertex 0.822191 -19.4 9.66606
      vertex 0.779423 -19.4 9.75
    endloop
  endfacet
  facet normal 0 1 0
    outer loop
      vertex 0.855951 -19.4 9.57812
      vertex 1.42658 -19.4 9.76353
      vertex 1.46722 -19.4 9.61187
    endloop
  endfacet
  facet normal 0 1 0
    outer loop
      vertex 1.42658 -19.4 9.76353
      vertex 0.855951 -19.4 9.57812
      vertex 0.822191 -19.4 9.66606
    endloop
  endfacet
  facet normal 0 1 0
    outer loop
      vertex 1.46722 -19.4 9.61187
      vertex 0.880333 -19.4 9.48712
      vertex 0.855951 -19.4 9.57812
    endloop
  endfacet
  facet normal 0 1 0
    outer loop
      vertex 1.49178 -19.4 9.45679
      vertex 0.880333 -19.4 9.48712
      vertex 1.46722 -19.4 9.61187
    endloop
  endfacet
  facet normal 0 1 0
    outer loop
      vertex 1.49178 -19.4 9.45679
      vertex 0.89507 -19.4 9.39408
      vertex 0.880333 -19.4 9.48712
    endloop
  endfacet
  facet normal 0 1 0
    outer loop
      vertex 1.5 -19.4 9.3
      vertex 0.89507 -19.4 9.39408
      vertex 1.49178 -19.4 9.45679
    endloop
  endfacet
  facet normal 0 1 0
    outer loop
      vertex 1.5 -19.4 9.3
      vertex 0.9 -19.4 9.3
      vertex 0.89507 -19.4 9.39408
    endloop
  endfacet
  facet normal 0 1 0
    outer loop
      vertex 1.5 -19.4 9.3
      vertex 0.89507 -19.4 9.20592
      vertex 0.9 -19.4 9.3
    endloop
  endfacet
  facet normal 0 1 -0
    outer loop
      vertex 1.49178 -19.4 9.14321
      vertex 0.89507 -19.4 9.20592
      vertex 1.5 -19.4 9.3
    endloop
  endfacet
  facet normal 0 1 0
    outer loop
      vertex 1.49178 -19.4 9.14321
      vertex 0.880333 -19.4 9.11288
      vertex 0.89507 -19.4 9.20592
    endloop
  endfacet
  facet normal 0 1 -0
    outer loop
      vertex 1.46722 -19.4 8.98813
      vertex 0.880333 -19.4 9.11288
      vertex 1.49178 -19.4 9.14321
    endloop
  endfacet
  facet normal 0 1 0
    outer loop
      vertex 0.880333 -19.4 9.11288
      vertex 1.46722 -19.4 8.98813
      vertex 0.855951 -19.4 9.02188
    endloop
  endfacet
  facet normal 0 1 -0
    outer loop
      vertex 1.42658 -19.4 8.83647
      vertex 0.855951 -19.4 9.02188
      vertex 1.46722 -19.4 8.98813
    endloop
  endfacet
  facet normal 0 1 0
    outer loop
      vertex 0.855951 -19.4 9.02188
      vertex 1.42658 -19.4 8.83647
      vertex 0.822191 -19.4 8.93394
    endloop
  endfacet
  facet normal 0 1 -0
    outer loop
      vertex 1.37032 -19.4 8.68989
      vertex 0.822191 -19.4 8.93394
      vertex 1.42658 -19.4 8.83647
    endloop
  endfacet
  facet normal 0 1 0
    outer loop
      vertex 0.822191 -19.4 8.93394
      vertex 1.37032 -19.4 8.68989
      vertex 0.779423 -19.4 8.85
    endloop
  endfacet
  facet normal 0 1 -0
    outer loop
      vertex 1.29904 -19.4 8.55
      vertex 0.779423 -19.4 8.85
      vertex 1.37032 -19.4 8.68989
    endloop
  endfacet
  facet normal 0 1 0
    outer loop
      vertex 0.779423 -19.4 8.85
      vertex 1.29904 -19.4 8.55
      vertex 0.728115 -19.4 8.77099
    endloop
  endfacet
  facet normal 0 1 -0
    outer loop
      vertex 1.21353 -19.4 8.41832
      vertex 0.728115 -19.4 8.77099
      vertex 1.29904 -19.4 8.55
    endloop
  endfacet
  facet normal 0 1 -0
    outer loop
      vertex 1.17322 -19.4 8.36856
      vertex 0.728115 -19.4 8.77099
      vertex 1.21353 -19.4 8.41832
    endloop
  endfacet
  facet normal 0 1 0
    outer loop
      vertex 0.728115 -19.4 8.77099
      vertex 1.17322 -19.4 8.36856
      vertex 0.66883 -19.4 8.69778
    endloop
  endfacet
  facet normal 0 1 0
    outer loop
      vertex 0.66883 -19.4 8.69778
      vertex 1.17322 -19.4 8.36856
      vertex 0.602217 -19.4 8.63117
    endloop
  endfacet
  facet normal 0 1 0
    outer loop
      vertex 0.602217 -19.4 8.63117
      vertex 1.17322 -19.4 8.36856
      vertex 0.529007 -19.4 8.57189
    endloop
  endfacet
  facet normal 0 1 0
    outer loop
      vertex 0.529007 -19.4 8.57189
      vertex 1.17322 -19.4 8.36856
      vertex 0.45 -19.4 8.52058
    endloop
  endfacet
  facet normal 0 1 0
    outer loop
      vertex 0.45 -19.4 8.52058
      vertex 1.17322 -19.4 8.36856
      vertex 0.366063 -19.4 8.47781
    endloop
  endfacet
  facet normal 0 1 0
    outer loop
      vertex 0.366063 -19.4 8.47781
      vertex 1.17322 -19.4 8.36856
      vertex 0.278115 -19.4 8.44405
    endloop
  endfacet
  facet normal 0 1 0
    outer loop
      vertex 0.278115 -19.4 8.44405
      vertex 1.17322 -19.4 8.36856
      vertex 0.18712 -19.4 8.41967
    endloop
  endfacet
  facet normal 0 1 0
    outer loop
      vertex 0.18712 -19.4 8.41967
      vertex 1.17322 -19.4 8.36856
      vertex 0.0940756 -19.4 8.40493
    endloop
  endfacet
  facet normal 0 1 0
    outer loop
      vertex 0.0940756 -19.4 8.40493
      vertex 1.17322 -19.4 8.36856
      vertex 0 -19.4 8.4
    endloop
  endfacet
  facet normal 0 1 0
    outer loop
      vertex -0.610105 -19.4 10.6703
      vertex -0.366063 -19.4 10.1222
      vertex -0.75 -19.4 10.599
    endloop
  endfacet
  facet normal 0 1 -0
    outer loop
      vertex -0.45 -19.4 10.0794
      vertex -0.75 -19.4 10.599
      vertex -0.366063 -19.4 10.1222
    endloop
  endfacet
  facet normal 0 1 0
    outer loop
      vertex -0.75 -19.4 10.599
      vertex -0.45 -19.4 10.0794
      vertex -0.881678 -19.4 10.5135
    endloop
  endfacet
  facet normal 0 1 -0
    outer loop
      vertex -0.529007 -19.4 10.0281
      vertex -0.881678 -19.4 10.5135
      vertex -0.45 -19.4 10.0794
    endloop
  endfacet
  facet normal 0 1 0
    outer loop
      vertex -0.881678 -19.4 10.5135
      vertex -0.529007 -19.4 10.0281
      vertex -1.0037 -19.4 10.4147
    endloop
  endfacet
  facet normal 0 1 -0
    outer loop
      vertex -0.602217 -19.4 9.96883
      vertex -1.0037 -19.4 10.4147
      vertex -0.529007 -19.4 10.0281
    endloop
  endfacet
  facet normal 0 1 0
    outer loop
      vertex -1.0037 -19.4 10.4147
      vertex -0.602217 -19.4 9.96883
      vertex -1.11472 -19.4 10.3037
    endloop
  endfacet
  facet normal 0 1 -0
    outer loop
      vertex -0.66883 -19.4 9.90222
      vertex -1.11472 -19.4 10.3037
      vertex -0.602217 -19.4 9.96883
    endloop
  endfacet
  facet normal 0 1 0
    outer loop
      vertex -1.11472 -19.4 10.3037
      vertex -0.66883 -19.4 9.90222
      vertex -1.21353 -19.4 10.1817
    endloop
  endfacet
  facet normal 0 1 -0
    outer loop
      vertex -0.728115 -19.4 9.82901
      vertex -1.21353 -19.4 10.1817
      vertex -0.66883 -19.4 9.90222
    endloop
  endfacet
  facet normal 0 1 0
    outer loop
      vertex -1.21353 -19.4 10.1817
      vertex -0.728115 -19.4 9.82901
      vertex -1.29904 -19.4 10.05
    endloop
  endfacet
  facet normal 0 1 -0
    outer loop
      vertex -0.779423 -19.4 9.75
      vertex -1.29904 -19.4 10.05
      vertex -0.728115 -19.4 9.82901
    endloop
  endfacet
  facet normal 0 1 0
    outer loop
      vertex -1.29904 -19.4 10.05
      vertex -0.779423 -19.4 9.75
      vertex -1.37032 -19.4 9.9101
    endloop
  endfacet
  facet normal 0 1 -0
    outer loop
      vertex -0.822191 -19.4 9.66606
      vertex -1.37032 -19.4 9.9101
      vertex -0.779423 -19.4 9.75
    endloop
  endfacet
  facet normal 0 1 0
    outer loop
      vertex -1.37032 -19.4 9.9101
      vertex -0.822191 -19.4 9.66606
      vertex -1.42658 -19.4 9.76353
    endloop
  endfacet
  facet normal 0 1 -0
    outer loop
      vertex -0.855951 -19.4 9.57812
      vertex -1.42658 -19.4 9.76353
      vertex -0.822191 -19.4 9.66606
    endloop
  endfacet
  facet normal 0 1 0
    outer loop
      vertex -1.42658 -19.4 9.76353
      vertex -0.855951 -19.4 9.57812
      vertex -1.46722 -19.4 9.61187
    endloop
  endfacet
  facet normal 0 1 -0
    outer loop
      vertex -0.880333 -19.4 9.48712
      vertex -1.46722 -19.4 9.61187
      vertex -0.855951 -19.4 9.57812
    endloop
  endfacet
  facet normal 0 1 0
    outer loop
      vertex -0.880333 -19.4 9.48712
      vertex -1.49178 -19.4 9.45679
      vertex -1.46722 -19.4 9.61187
    endloop
  endfacet
  facet normal 0 1 -0
    outer loop
      vertex -0.89507 -19.4 9.39408
      vertex -1.49178 -19.4 9.45679
      vertex -0.880333 -19.4 9.48712
    endloop
  endfacet
  facet normal 0 1 -0
    outer loop
      vertex -0.9 -19.4 9.3
      vertex -1.49178 -19.4 9.45679
      vertex -0.89507 -19.4 9.39408
    endloop
  endfacet
  facet normal 0 1 0
    outer loop
      vertex -0.9 -19.4 9.3
      vertex -1.5 -19.4 9.3
      vertex -1.49178 -19.4 9.45679
    endloop
  endfacet
  facet normal 0 1 0
    outer loop
      vertex -0.89507 -19.4 9.20592
      vertex -1.5 -19.4 9.3
      vertex -0.9 -19.4 9.3
    endloop
  endfacet
  facet normal 0 1 0
    outer loop
      vertex -0.89507 -19.4 9.20592
      vertex -1.49178 -19.4 9.14321
      vertex -1.5 -19.4 9.3
    endloop
  endfacet
  facet normal 0 1 0
    outer loop
      vertex -0.880333 -19.4 9.11288
      vertex -1.49178 -19.4 9.14321
      vertex -0.89507 -19.4 9.20592
    endloop
  endfacet
  facet normal 0 1 0
    outer loop
      vertex -1.46722 -19.4 8.98813
      vertex -0.880333 -19.4 9.11288
      vertex -0.855951 -19.4 9.02188
    endloop
  endfacet
  facet normal 0 1 0
    outer loop
      vertex -0.880333 -19.4 9.11288
      vertex -1.46722 -19.4 8.98813
      vertex -1.49178 -19.4 9.14321
    endloop
  endfacet
  facet normal 0 1 0
    outer loop
      vertex -1.42658 -19.4 8.83647
      vertex -0.855951 -19.4 9.02188
      vertex -0.822191 -19.4 8.93394
    endloop
  endfacet
  facet normal 0 1 0
    outer loop
      vertex -1.37032 -19.4 8.68989
      vertex -0.822191 -19.4 8.93394
      vertex -0.779423 -19.4 8.85
    endloop
  endfacet
  facet normal 0 1 0
    outer loop
      vertex -0.855951 -19.4 9.02188
      vertex -1.42658 -19.4 8.83647
      vertex -1.46722 -19.4 8.98813
    endloop
  endfacet
  facet normal 0 1 0
    outer loop
      vertex -1.29904 -19.4 8.55
      vertex -0.779423 -19.4 8.85
      vertex -0.728115 -19.4 8.77099
    endloop
  endfacet
  facet normal 0 1 0
    outer loop
      vertex -1.17322 -19.4 8.36856
      vertex -0.728115 -19.4 8.77099
      vertex -0.66883 -19.4 8.69778
    endloop
  endfacet
  facet normal 0 1 0
    outer loop
      vertex -0.822191 -19.4 8.93394
      vertex -1.37032 -19.4 8.68989
      vertex -1.42658 -19.4 8.83647
    endloop
  endfacet
  facet normal 0 1 0
    outer loop
      vertex -1.17322 -19.4 8.36856
      vertex -0.66883 -19.4 8.69778
      vertex -0.602217 -19.4 8.63117
    endloop
  endfacet
  facet normal 0 1 0
    outer loop
      vertex -1.17322 -19.4 8.36856
      vertex -0.602217 -19.4 8.63117
      vertex -0.529007 -19.4 8.57189
    endloop
  endfacet
  facet normal 0 1 0
    outer loop
      vertex -0.779423 -19.4 8.85
      vertex -1.29904 -19.4 8.55
      vertex -1.37032 -19.4 8.68989
    endloop
  endfacet
  facet normal 0 1 0
    outer loop
      vertex -1.17322 -19.4 8.36856
      vertex -0.529007 -19.4 8.57189
      vertex -0.45 -19.4 8.52058
    endloop
  endfacet
  facet normal 0 1 0
    outer loop
      vertex -1.17322 -19.4 8.36856
      vertex -0.45 -19.4 8.52058
      vertex -0.366063 -19.4 8.47781
    endloop
  endfacet
  facet normal 0 1 0
    outer loop
      vertex -1.17322 -19.4 8.36856
      vertex -0.366063 -19.4 8.47781
      vertex -0.278115 -19.4 8.44405
    endloop
  endfacet
  facet normal 0 1 0
    outer loop
      vertex -1.17322 -19.4 8.36856
      vertex -0.278115 -19.4 8.44405
      vertex -0.18712 -19.4 8.41967
    endloop
  endfacet
  facet normal 0 1 0
    outer loop
      vertex -0.728115 -19.4 8.77099
      vertex -1.21353 -19.4 8.41832
      vertex -1.29904 -19.4 8.55
    endloop
  endfacet
  facet normal 0 1 0
    outer loop
      vertex -1.17322 -19.4 8.36856
      vertex -0.18712 -19.4 8.41967
      vertex -0.0940756 -19.4 8.40493
    endloop
  endfacet
  facet normal 0 1 0
    outer loop
      vertex -1.17322 -19.4 8.36856
      vertex -0.0940756 -19.4 8.40493
      vertex 0 -19.4 8.4
    endloop
  endfacet
  facet normal 0 1 0
    outer loop
      vertex -1.17322 -19.4 8.36856
      vertex 0 -19.4 8.4
      vertex 1.17322 -19.4 8.36856
    endloop
  endfacet
  facet normal 0 1 0
    outer loop
      vertex -0.728115 -19.4 8.77099
      vertex -1.17322 -19.4 8.36856
      vertex -1.21353 -19.4 8.41832
    endloop
  endfacet
  facet normal -0.998629 0 0.0523549
    outer loop
      vertex -1.5 -20.6 9.3
      vertex -1.49178 -19.4 9.45679
      vertex -1.5 -19.4 9.3
    endloop
  endfacet
  facet normal -0.998629 0 0.0523549
    outer loop
      vertex -1.49178 -19.4 9.45679
      vertex -1.5 -20.6 9.3
      vertex -1.49178 -20.6 9.45679
    endloop
  endfacet
  facet normal -0.987687 0 0.156444
    outer loop
      vertex 0.880333 -20.6 9.11288
      vertex 0.89507 -19.4 9.20592
      vertex 0.880333 -19.4 9.11288
    endloop
  endfacet
  facet normal -0.987687 0 0.156444
    outer loop
      vertex 0.89507 -19.4 9.20592
      vertex 0.880333 -20.6 9.11288
      vertex 0.89507 -20.6 9.20592
    endloop
  endfacet
  facet normal -0.987687 0 -0.156444
    outer loop
      vertex 0.89507 -20.6 9.39408
      vertex 0.880333 -19.4 9.48712
      vertex 0.89507 -19.4 9.39408
    endloop
  endfacet
  facet normal -0.987687 -0 -0.156444
    outer loop
      vertex 0.880333 -19.4 9.48712
      vertex 0.89507 -20.6 9.39408
      vertex 0.880333 -20.6 9.48712
    endloop
  endfacet
  facet normal -0.99863 0 -0.0523304
    outer loop
      vertex 0.9 -20.6 9.3
      vertex 0.89507 -19.4 9.39408
      vertex 0.9 -19.4 9.3
    endloop
  endfacet
  facet normal -0.99863 -0 -0.0523304
    outer loop
      vertex 0.89507 -19.4 9.39408
      vertex 0.9 -20.6 9.3
      vertex 0.89507 -20.6 9.39408
    endloop
  endfacet
  facet normal -0.965929 0 -0.258805
    outer loop
      vertex 0.880333 -20.6 9.48712
      vertex 0.855951 -19.4 9.57812
      vertex 0.880333 -19.4 9.48712
    endloop
  endfacet
  facet normal -0.965929 -0 -0.258805
    outer loop
      vertex 0.855951 -19.4 9.57812
      vertex 0.880333 -20.6 9.48712
      vertex 0.855951 -20.6 9.57812
    endloop
  endfacet
  facet normal -0.838679 0 -0.544626
    outer loop
      vertex 0.779423 -20.6 9.75
      vertex 0.728115 -19.4 9.82901
      vertex 0.779423 -19.4 9.75
    endloop
  endfacet
  facet normal -0.838679 -0 -0.544626
    outer loop
      vertex 0.728115 -19.4 9.82901
      vertex 0.779423 -20.6 9.75
      vertex 0.728115 -20.6 9.82901
    endloop
  endfacet
  facet normal 0.0520153 0 -0.998646
    outer loop
      vertex -0.0940756 -20.6 10.1951
      vertex 0 -19.4 10.2
      vertex 0 -20.6 10.2
    endloop
  endfacet
  facet normal 0.0520153 0 -0.998646
    outer loop
      vertex 0 -19.4 10.2
      vertex -0.0940756 -20.6 10.1951
      vertex -0.0940756 -19.4 10.1951
    endloop
  endfacet
  facet normal -0.99863 0 0.0523304
    outer loop
      vertex 0.89507 -20.6 9.20592
      vertex 0.9 -19.4 9.3
      vertex 0.89507 -19.4 9.20592
    endloop
  endfacet
  facet normal -0.99863 0 0.0523304
    outer loop
      vertex 0.9 -19.4 9.3
      vertex 0.89507 -20.6 9.20592
      vertex 0.9 -20.6 9.3
    endloop
  endfacet
  facet normal -0.777142 0 -0.629325
    outer loop
      vertex 0.728115 -20.6 9.82901
      vertex 0.66883 -19.4 9.90222
      vertex 0.728115 -19.4 9.82901
    endloop
  endfacet
  facet normal -0.777142 -0 -0.629325
    outer loop
      vertex 0.66883 -19.4 9.90222
      vertex 0.728115 -20.6 9.82901
      vertex 0.66883 -20.6 9.90222
    endloop
  endfacet
  facet normal 0.987687 -0 0.156444
    outer loop
      vertex -0.89507 -20.6 9.20592
      vertex -0.880333 -19.4 9.11288
      vertex -0.89507 -19.4 9.20592
    endloop
  endfacet
  facet normal 0.987687 0 0.156444
    outer loop
      vertex -0.880333 -19.4 9.11288
      vertex -0.89507 -20.6 9.20592
      vertex -0.880333 -20.6 9.11288
    endloop
  endfacet
  facet normal 0.891013 0 -0.453977
    outer loop
      vertex -0.779423 -20.6 9.75
      vertex -0.822191 -19.4 9.66606
      vertex -0.779423 -19.4 9.75
    endloop
  endfacet
  facet normal 0.891013 0 -0.453977
    outer loop
      vertex -0.822191 -19.4 9.66606
      vertex -0.779423 -20.6 9.75
      vertex -0.822191 -20.6 9.66606
    endloop
  endfacet
  facet normal -0.258006 0 -0.966143
    outer loop
      vertex 0.18712 -20.6 10.1803
      vertex 0.278115 -19.4 10.156
      vertex 0.278115 -20.6 10.156
    endloop
  endfacet
  facet normal -0.258006 0 -0.966143
    outer loop
      vertex 0.278115 -19.4 10.156
      vertex 0.18712 -20.6 10.1803
      vertex 0.18712 -19.4 10.1803
    endloop
  endfacet
  facet normal -0.358737 0 -0.933439
    outer loop
      vertex 0.278115 -20.6 10.156
      vertex 0.366063 -19.4 10.1222
      vertex 0.366063 -20.6 10.1222
    endloop
  endfacet
  facet normal -0.358737 0 -0.933439
    outer loop
      vertex 0.366063 -19.4 10.1222
      vertex 0.278115 -20.6 10.156
      vertex 0.278115 -19.4 10.156
    endloop
  endfacet
  facet normal 0.965929 -0 0.258805
    outer loop
      vertex -0.880333 -20.6 9.11288
      vertex -0.855951 -19.4 9.02188
      vertex -0.880333 -19.4 9.11288
    endloop
  endfacet
  facet normal 0.965929 0 0.258805
    outer loop
      vertex -0.855951 -19.4 9.02188
      vertex -0.880333 -20.6 9.11288
      vertex -0.855951 -20.6 9.02188
    endloop
  endfacet
  facet normal -0.629229 0 -0.77722
    outer loop
      vertex 0.529007 -20.6 10.0281
      vertex 0.602217 -19.4 9.96883
      vertex 0.602217 -20.6 9.96883
    endloop
  endfacet
  facet normal -0.629229 0 -0.77722
    outer loop
      vertex 0.602217 -19.4 9.96883
      vertex 0.529007 -20.6 10.0281
      vertex 0.529007 -19.4 10.0281
    endloop
  endfacet
  facet normal -0.358367 0 0.933581
    outer loop
      vertex 0.278115 -19.4 8.44405
      vertex 0.366063 -20.6 8.47781
      vertex 0.366063 -19.4 8.47781
    endloop
  endfacet
  facet normal -0.358367 0 0.933581
    outer loop
      vertex 0.366063 -20.6 8.47781
      vertex 0.278115 -19.4 8.44405
      vertex 0.278115 -20.6 8.44405
    endloop
  endfacet
  facet normal 0.777142 0 -0.629325
    outer loop
      vertex -0.66883 -20.6 9.90222
      vertex -0.728115 -19.4 9.82901
      vertex -0.66883 -19.4 9.90222
    endloop
  endfacet
  facet normal 0.777142 0 -0.629325
    outer loop
      vertex -0.728115 -19.4 9.82901
      vertex -0.66883 -20.6 9.90222
      vertex -0.728115 -20.6 9.82901
    endloop
  endfacet
  facet normal 0.258006 0 -0.966143
    outer loop
      vertex -0.278115 -20.6 10.156
      vertex -0.18712 -19.4 10.1803
      vertex -0.18712 -20.6 10.1803
    endloop
  endfacet
  facet normal 0.258006 0 -0.966143
    outer loop
      vertex -0.18712 -19.4 10.1803
      vertex -0.278115 -20.6 10.156
      vertex -0.278115 -19.4 10.156
    endloop
  endfacet
  facet normal 0.707091 0 -0.707123
    outer loop
      vertex -0.602217 -20.6 9.96883
      vertex -0.66883 -19.4 9.90222
      vertex -0.602217 -19.4 9.96883
    endloop
  endfacet
  facet normal 0.707091 0 -0.707123
    outer loop
      vertex -0.66883 -19.4 9.90222
      vertex -0.602217 -20.6 9.96883
      vertex -0.66883 -20.6 9.90222
    endloop
  endfacet
  facet normal 0.544581 0 -0.838708
    outer loop
      vertex -0.529007 -20.6 10.0281
      vertex -0.45 -19.4 10.0794
      vertex -0.45 -20.6 10.0794
    endloop
  endfacet
  facet normal 0.544581 0 -0.838708
    outer loop
      vertex -0.45 -19.4 10.0794
      vertex -0.529007 -20.6 10.0281
      vertex -0.529007 -19.4 10.0281
    endloop
  endfacet
  facet normal -0.965929 0 0.258805
    outer loop
      vertex 0.855951 -20.6 9.02188
      vertex 0.880333 -19.4 9.11288
      vertex 0.855951 -19.4 9.02188
    endloop
  endfacet
  facet normal -0.965929 0 0.258805
    outer loop
      vertex 0.880333 -19.4 9.11288
      vertex 0.855951 -20.6 9.02188
      vertex 0.880333 -20.6 9.11288
    endloop
  endfacet
  facet normal -0.0523329 0 0.99863
    outer loop
      vertex 0 -20 8.4
      vertex 0.0940756 -19.4 8.40493
      vertex 0 -19.4 8.4
    endloop
  endfacet
  facet normal -0.0523329 0 0.99863
    outer loop
      vertex 0.0940756 -19.4 8.40493
      vertex 0 -20 8.4
      vertex 0.0940756 -20.6 8.40493
    endloop
  endfacet
  facet normal -0.0523329 0 0.99863
    outer loop
      vertex 0.0940756 -20.6 8.40493
      vertex 0 -20 8.4
      vertex 0 -20.6 8.4
    endloop
  endfacet
  facet normal -0.544581 0 -0.838708
    outer loop
      vertex 0.45 -20.6 10.0794
      vertex 0.529007 -19.4 10.0281
      vertex 0.529007 -20.6 10.0281
    endloop
  endfacet
  facet normal -0.544581 0 -0.838708
    outer loop
      vertex 0.529007 -19.4 10.0281
      vertex 0.45 -20.6 10.0794
      vertex 0.45 -19.4 10.0794
    endloop
  endfacet
  facet normal 0.838679 -0 0.544626
    outer loop
      vertex -0.779423 -20.6 8.85
      vertex -0.728115 -19.4 8.77099
      vertex -0.779423 -19.4 8.85
    endloop
  endfacet
  facet normal 0.838679 0 0.544626
    outer loop
      vertex -0.728115 -19.4 8.77099
      vertex -0.779423 -20.6 8.85
      vertex -0.728115 -20.6 8.77099
    endloop
  endfacet
  facet normal -0.156468 0 0.987683
    outer loop
      vertex 0.0940756 -19.4 8.40493
      vertex 0.18712 -20.6 8.41967
      vertex 0.18712 -19.4 8.41967
    endloop
  endfacet
  facet normal -0.156468 0 0.987683
    outer loop
      vertex 0.18712 -20.6 8.41967
      vertex 0.0940756 -19.4 8.40493
      vertex 0.0940756 -20.6 8.40493
    endloop
  endfacet
  facet normal 0.156468 0 0.987683
    outer loop
      vertex -0.18712 -19.4 8.41967
      vertex -0.0940756 -20.6 8.40493
      vertex -0.0940756 -19.4 8.40493
    endloop
  endfacet
  facet normal 0.156468 0 0.987683
    outer loop
      vertex -0.0940756 -20.6 8.40493
      vertex -0.18712 -19.4 8.41967
      vertex -0.18712 -20.6 8.41967
    endloop
  endfacet
  facet normal 0.454007 0 0.890998
    outer loop
      vertex -0.45 -19.4 8.52058
      vertex -0.366063 -20.6 8.47781
      vertex -0.366063 -19.4 8.47781
    endloop
  endfacet
  facet normal 0.454007 0 0.890998
    outer loop
      vertex -0.366063 -20.6 8.47781
      vertex -0.45 -19.4 8.52058
      vertex -0.45 -20.6 8.52058
    endloop
  endfacet
  facet normal 0.358737 0 -0.933439
    outer loop
      vertex -0.366063 -20.6 10.1222
      vertex -0.278115 -19.4 10.156
      vertex -0.278115 -20.6 10.156
    endloop
  endfacet
  facet normal 0.358737 0 -0.933439
    outer loop
      vertex -0.278115 -19.4 10.156
      vertex -0.366063 -20.6 10.1222
      vertex -0.366063 -19.4 10.1222
    endloop
  endfacet
  facet normal -0.45426 0 -0.890869
    outer loop
      vertex 0.366063 -20.6 10.1222
      vertex 0.45 -19.4 10.0794
      vertex 0.45 -20.6 10.0794
    endloop
  endfacet
  facet normal -0.45426 0 -0.890869
    outer loop
      vertex 0.45 -19.4 10.0794
      vertex 0.366063 -20.6 10.1222
      vertex 0.366063 -19.4 10.1222
    endloop
  endfacet
  facet normal -0.891013 0 0.453977
    outer loop
      vertex 0.779423 -20.6 8.85
      vertex 0.822191 -19.4 8.93394
      vertex 0.779423 -19.4 8.85
    endloop
  endfacet
  facet normal -0.891013 0 0.453977
    outer loop
      vertex 0.822191 -19.4 8.93394
      vertex 0.779423 -20.6 8.85
      vertex 0.822191 -20.6 8.93394
    endloop
  endfacet
  facet normal -0.707091 0 -0.707123
    outer loop
      vertex 0.66883 -20.6 9.90222
      vertex 0.602217 -19.4 9.96883
      vertex 0.66883 -19.4 9.90222
    endloop
  endfacet
  facet normal -0.707091 -0 -0.707123
    outer loop
      vertex 0.602217 -19.4 9.96883
      vertex 0.66883 -20.6 9.90222
      vertex 0.602217 -20.6 9.96883
    endloop
  endfacet
  facet normal 0.629293 0 0.777168
    outer loop
      vertex -0.602217 -19.4 8.63117
      vertex -0.529007 -20.6 8.57189
      vertex -0.529007 -19.4 8.57189
    endloop
  endfacet
  facet normal 0.629293 0 0.777168
    outer loop
      vertex -0.529007 -20.6 8.57189
      vertex -0.602217 -19.4 8.63117
      vertex -0.602217 -20.6 8.63117
    endloop
  endfacet
  facet normal -0.838679 0 0.544626
    outer loop
      vertex 0.728115 -20.6 8.77099
      vertex 0.779423 -19.4 8.85
      vertex 0.728115 -19.4 8.77099
    endloop
  endfacet
  facet normal -0.838679 0 0.544626
    outer loop
      vertex 0.779423 -19.4 8.85
      vertex 0.728115 -20.6 8.77099
      vertex 0.779423 -20.6 8.85
    endloop
  endfacet
  facet normal -0.454007 0 0.890998
    outer loop
      vertex 0.366063 -19.4 8.47781
      vertex 0.45 -20.6 8.52058
      vertex 0.45 -19.4 8.52058
    endloop
  endfacet
  facet normal -0.454007 0 0.890998
    outer loop
      vertex 0.45 -20.6 8.52058
      vertex 0.366063 -19.4 8.47781
      vertex 0.366063 -20.6 8.47781
    endloop
  endfacet
  facet normal 0.157089 0 -0.987584
    outer loop
      vertex -0.18712 -20.6 10.1803
      vertex -0.0940756 -19.4 10.1951
      vertex -0.0940756 -20.6 10.1951
    endloop
  endfacet
  facet normal 0.157089 0 -0.987584
    outer loop
      vertex -0.0940756 -19.4 10.1951
      vertex -0.18712 -20.6 10.1803
      vertex -0.18712 -19.4 10.1803
    endloop
  endfacet
  facet normal -0.93357 0 -0.358396
    outer loop
      vertex 0.855951 -20.6 9.57812
      vertex 0.822191 -19.4 9.66606
      vertex 0.855951 -19.4 9.57812
    endloop
  endfacet
  facet normal -0.93357 -0 -0.358396
    outer loop
      vertex 0.822191 -19.4 9.66606
      vertex 0.855951 -20.6 9.57812
      vertex 0.822191 -20.6 9.66606
    endloop
  endfacet
  facet normal -0.777142 0 0.629325
    outer loop
      vertex 0.66883 -20.6 8.69778
      vertex 0.728115 -19.4 8.77099
      vertex 0.66883 -19.4 8.69778
    endloop
  endfacet
  facet normal -0.777142 0 0.629325
    outer loop
      vertex 0.728115 -19.4 8.77099
      vertex 0.66883 -20.6 8.69778
      vertex 0.728115 -20.6 8.77099
    endloop
  endfacet
  facet normal -0.93357 0 0.358396
    outer loop
      vertex 0.822191 -20.6 8.93394
      vertex 0.855951 -19.4 9.02188
      vertex 0.822191 -19.4 8.93394
    endloop
  endfacet
  facet normal -0.93357 0 0.358396
    outer loop
      vertex 0.855951 -19.4 9.02188
      vertex 0.822191 -20.6 8.93394
      vertex 0.855951 -20.6 9.02188
    endloop
  endfacet
  facet normal 0.93357 -0 0.358396
    outer loop
      vertex -0.855951 -20.6 9.02188
      vertex -0.822191 -19.4 8.93394
      vertex -0.855951 -19.4 9.02188
    endloop
  endfacet
  facet normal 0.93357 0 0.358396
    outer loop
      vertex -0.822191 -19.4 8.93394
      vertex -0.855951 -20.6 9.02188
      vertex -0.822191 -20.6 8.93394
    endloop
  endfacet
  facet normal 0.987687 0 -0.156444
    outer loop
      vertex -0.880333 -20.6 9.48712
      vertex -0.89507 -19.4 9.39408
      vertex -0.880333 -19.4 9.48712
    endloop
  endfacet
  facet normal 0.987687 0 -0.156444
    outer loop
      vertex -0.89507 -19.4 9.39408
      vertex -0.880333 -20.6 9.48712
      vertex -0.89507 -20.6 9.39408
    endloop
  endfacet
  facet normal -0.0520153 0 -0.998646
    outer loop
      vertex 0 -20.6 10.2
      vertex 0.0940756 -19.4 10.1951
      vertex 0.0940756 -20.6 10.1951
    endloop
  endfacet
  facet normal -0.0520153 0 -0.998646
    outer loop
      vertex 0.0940756 -19.4 10.1951
      vertex 0 -20.6 10.2
      vertex 0 -19.4 10.2
    endloop
  endfacet
  facet normal -0.891013 0 -0.453977
    outer loop
      vertex 0.822191 -20.6 9.66606
      vertex 0.779423 -19.4 9.75
      vertex 0.822191 -19.4 9.66606
    endloop
  endfacet
  facet normal -0.891013 -0 -0.453977
    outer loop
      vertex 0.779423 -19.4 9.75
      vertex 0.822191 -20.6 9.66606
      vertex 0.779423 -20.6 9.75
    endloop
  endfacet
  facet normal 0.838679 0 -0.544626
    outer loop
      vertex -0.728115 -20.6 9.82901
      vertex -0.779423 -19.4 9.75
      vertex -0.728115 -19.4 9.82901
    endloop
  endfacet
  facet normal 0.838679 0 -0.544626
    outer loop
      vertex -0.779423 -19.4 9.75
      vertex -0.728115 -20.6 9.82901
      vertex -0.779423 -20.6 9.75
    endloop
  endfacet
  facet normal 0.629229 0 -0.77722
    outer loop
      vertex -0.602217 -20.6 9.96883
      vertex -0.529007 -19.4 10.0281
      vertex -0.529007 -20.6 10.0281
    endloop
  endfacet
  facet normal 0.629229 0 -0.77722
    outer loop
      vertex -0.529007 -19.4 10.0281
      vertex -0.602217 -20.6 9.96883
      vertex -0.602217 -19.4 9.96883
    endloop
  endfacet
  facet normal 0.93357 0 -0.358396
    outer loop
      vertex -0.822191 -20.6 9.66606
      vertex -0.855951 -19.4 9.57812
      vertex -0.822191 -19.4 9.66606
    endloop
  endfacet
  facet normal 0.93357 0 -0.358396
    outer loop
      vertex -0.855951 -19.4 9.57812
      vertex -0.822191 -20.6 9.66606
      vertex -0.855951 -20.6 9.57812
    endloop
  endfacet
  facet normal 0.891013 -0 0.453977
    outer loop
      vertex -0.822191 -20.6 8.93394
      vertex -0.779423 -19.4 8.85
      vertex -0.822191 -19.4 8.93394
    endloop
  endfacet
  facet normal 0.891013 0 0.453977
    outer loop
      vertex -0.779423 -19.4 8.85
      vertex -0.822191 -20.6 8.93394
      vertex -0.779423 -20.6 8.85
    endloop
  endfacet
  facet normal -0.258799 0 0.965931
    outer loop
      vertex 0.18712 -19.4 8.41967
      vertex 0.278115 -20.6 8.44405
      vertex 0.278115 -19.4 8.44405
    endloop
  endfacet
  facet normal -0.258799 0 0.965931
    outer loop
      vertex 0.278115 -20.6 8.44405
      vertex 0.18712 -19.4 8.41967
      vertex 0.18712 -20.6 8.41967
    endloop
  endfacet
  facet normal -0.629293 0 0.777168
    outer loop
      vertex 0.529007 -19.4 8.57189
      vertex 0.602217 -20.6 8.63117
      vertex 0.602217 -19.4 8.63117
    endloop
  endfacet
  facet normal -0.629293 0 0.777168
    outer loop
      vertex 0.602217 -20.6 8.63117
      vertex 0.529007 -19.4 8.57189
      vertex 0.529007 -20.6 8.57189
    endloop
  endfacet
  facet normal 0.258799 0 0.965931
    outer loop
      vertex -0.278115 -19.4 8.44405
      vertex -0.18712 -20.6 8.41967
      vertex -0.18712 -19.4 8.41967
    endloop
  endfacet
  facet normal 0.258799 0 0.965931
    outer loop
      vertex -0.18712 -20.6 8.41967
      vertex -0.278115 -19.4 8.44405
      vertex -0.278115 -20.6 8.44405
    endloop
  endfacet
  facet normal 0.99863 -0 0.0523304
    outer loop
      vertex -0.9 -20.6 9.3
      vertex -0.89507 -19.4 9.20592
      vertex -0.9 -19.4 9.3
    endloop
  endfacet
  facet normal 0.99863 0 0.0523304
    outer loop
      vertex -0.89507 -19.4 9.20592
      vertex -0.9 -20.6 9.3
      vertex -0.89507 -20.6 9.20592
    endloop
  endfacet
  facet normal -0.157089 0 -0.987584
    outer loop
      vertex 0.0940756 -20.6 10.1951
      vertex 0.18712 -19.4 10.1803
      vertex 0.18712 -20.6 10.1803
    endloop
  endfacet
  facet normal -0.157089 0 -0.987584
    outer loop
      vertex 0.18712 -19.4 10.1803
      vertex 0.0940756 -20.6 10.1951
      vertex 0.0940756 -19.4 10.1951
    endloop
  endfacet
  facet normal 0.777142 -0 0.629325
    outer loop
      vertex -0.728115 -20.6 8.77099
      vertex -0.66883 -19.4 8.69778
      vertex -0.728115 -19.4 8.77099
    endloop
  endfacet
  facet normal 0.777142 0 0.629325
    outer loop
      vertex -0.66883 -19.4 8.69778
      vertex -0.728115 -20.6 8.77099
      vertex -0.66883 -20.6 8.69778
    endloop
  endfacet
  facet normal 0.45426 0 -0.890869
    outer loop
      vertex -0.45 -20.6 10.0794
      vertex -0.366063 -19.4 10.1222
      vertex -0.366063 -20.6 10.1222
    endloop
  endfacet
  facet normal 0.45426 0 -0.890869
    outer loop
      vertex -0.366063 -19.4 10.1222
      vertex -0.45 -20.6 10.0794
      vertex -0.45 -19.4 10.0794
    endloop
  endfacet
  facet normal 0.965929 0 -0.258805
    outer loop
      vertex -0.855951 -20.6 9.57812
      vertex -0.880333 -19.4 9.48712
      vertex -0.855951 -19.4 9.57812
    endloop
  endfacet
  facet normal 0.965929 0 -0.258805
    outer loop
      vertex -0.880333 -19.4 9.48712
      vertex -0.855951 -20.6 9.57812
      vertex -0.880333 -20.6 9.48712
    endloop
  endfacet
  facet normal 0.707091 -0 0.707123
    outer loop
      vertex -0.66883 -20.6 8.69778
      vertex -0.602217 -19.4 8.63117
      vertex -0.66883 -19.4 8.69778
    endloop
  endfacet
  facet normal 0.707091 0 0.707123
    outer loop
      vertex -0.602217 -19.4 8.63117
      vertex -0.66883 -20.6 8.69778
      vertex -0.602217 -20.6 8.63117
    endloop
  endfacet
  facet normal -0.544656 0 0.83866
    outer loop
      vertex 0.45 -19.4 8.52058
      vertex 0.529007 -20.6 8.57189
      vertex 0.529007 -19.4 8.57189
    endloop
  endfacet
  facet normal -0.544656 0 0.83866
    outer loop
      vertex 0.529007 -20.6 8.57189
      vertex 0.45 -19.4 8.52058
      vertex 0.45 -20.6 8.52058
    endloop
  endfacet
  facet normal 0.358367 0 0.933581
    outer loop
      vertex -0.366063 -19.4 8.47781
      vertex -0.278115 -20.6 8.44405
      vertex -0.278115 -19.4 8.44405
    endloop
  endfacet
  facet normal 0.358367 0 0.933581
    outer loop
      vertex -0.278115 -20.6 8.44405
      vertex -0.366063 -19.4 8.47781
      vertex -0.366063 -20.6 8.47781
    endloop
  endfacet
  facet normal 0.0523329 0 0.99863
    outer loop
      vertex -0.0940756 -19.4 8.40493
      vertex 0 -20 8.4
      vertex 0 -19.4 8.4
    endloop
  endfacet
  facet normal 0.0523329 -0 0.99863
    outer loop
      vertex -0.0940756 -20.6 8.40493
      vertex 0 -20 8.4
      vertex -0.0940756 -19.4 8.40493
    endloop
  endfacet
  facet normal 0.0523329 0 0.99863
    outer loop
      vertex 0 -20 8.4
      vertex -0.0940756 -20.6 8.40493
      vertex 0 -20.6 8.4
    endloop
  endfacet
  facet normal 0.99863 0 -0.0523304
    outer loop
      vertex -0.89507 -20.6 9.39408
      vertex -0.9 -19.4 9.3
      vertex -0.89507 -19.4 9.39408
    endloop
  endfacet
  facet normal 0.99863 0 -0.0523304
    outer loop
      vertex -0.9 -19.4 9.3
      vertex -0.89507 -20.6 9.39408
      vertex -0.9 -20.6 9.3
    endloop
  endfacet
  facet normal 0.544656 0 0.83866
    outer loop
      vertex -0.529007 -19.4 8.57189
      vertex -0.45 -20.6 8.52058
      vertex -0.45 -19.4 8.52058
    endloop
  endfacet
  facet normal 0.544656 0 0.83866
    outer loop
      vertex -0.45 -20.6 8.52058
      vertex -0.529007 -19.4 8.57189
      vertex -0.529007 -20.6 8.57189
    endloop
  endfacet
  facet normal -0.707091 0 0.707123
    outer loop
      vertex 0.602217 -20.6 8.63117
      vertex 0.66883 -19.4 8.69778
      vertex 0.602217 -19.4 8.63117
    endloop
  endfacet
  facet normal -0.707091 0 0.707123
    outer loop
      vertex 0.66883 -19.4 8.69778
      vertex 0.602217 -20.6 8.63117
      vertex 0.66883 -20.6 8.69778
    endloop
  endfacet
  facet normal -1 0 0
    outer loop
      vertex 10.65 -27.65 0
      vertex 10.65 -12.35 0.0299998
      vertex 10.65 -12.35 0
    endloop
  endfacet
  facet normal -1 -0 0
    outer loop
      vertex 10.65 -12.35 0.0299998
      vertex 10.65 -27.65 0
      vertex 10.65 -27.65 0.0299998
    endloop
  endfacet
  facet normal 0 0 -1
    outer loop
      vertex 10.65 -27.65 0.0299998
      vertex 9.9 -26.9 0.0299998
      vertex 10.65 -12.35 0.0299998
    endloop
  endfacet
  facet normal 0 0 -1
    outer loop
      vertex 10.65 -27.65 0.0299998
      vertex -9.9 -26.9 0.0299998
      vertex 9.9 -26.9 0.0299998
    endloop
  endfacet
  facet normal -0 0 -1
    outer loop
      vertex -9.9 -26.9 0.0299998
      vertex -10.65 -27.65 0.0299998
      vertex -9.9 -13.1 0.0299998
    endloop
  endfacet
  facet normal 0 0 -1
    outer loop
      vertex -10.65 -27.65 0.0299998
      vertex -9.9 -26.9 0.0299998
      vertex 10.65 -27.65 0.0299998
    endloop
  endfacet
  facet normal 0 0 -1
    outer loop
      vertex 9.9 -13.1 0.0299998
      vertex 10.65 -12.35 0.0299998
      vertex 9.9 -26.9 0.0299998
    endloop
  endfacet
  facet normal 0 0 -1
    outer loop
      vertex -9.9 -13.1 0.0299998
      vertex 10.65 -12.35 0.0299998
      vertex 9.9 -13.1 0.0299998
    endloop
  endfacet
  facet normal 0 0 -1
    outer loop
      vertex -9.9 -13.1 0.0299998
      vertex -10.65 -12.35 0.0299998
      vertex 10.65 -12.35 0.0299998
    endloop
  endfacet
  facet normal 0 0 -1
    outer loop
      vertex -10.65 -12.35 0.0299998
      vertex -9.9 -13.1 0.0299998
      vertex -10.65 -27.65 0.0299998
    endloop
  endfacet
  facet normal 1 -0 0
    outer loop
      vertex -10.65 -27.65 0.0299998
      vertex -10.65 -12.35 0
      vertex -10.65 -12.35 0.0299998
    endloop
  endfacet
  facet normal 1 0 0
    outer loop
      vertex -10.65 -12.35 0
      vertex -10.65 -27.65 0.0299998
      vertex -10.65 -27.65 0
    endloop
  endfacet
  facet normal 0 -1 0
    outer loop
      vertex -10.65 -12.35 0
      vertex 10.65 -12.35 0.0299998
      vertex -10.65 -12.35 0.0299998
    endloop
  endfacet
  facet normal 0 -1 -0
    outer loop
      vertex 10.65 -12.35 0.0299998
      vertex -10.65 -12.35 0
      vertex 10.65 -12.35 0
    endloop
  endfacet
  facet normal 0 1 -0
    outer loop
      vertex 10.65 -27.65 0
      vertex -10.65 -27.65 0.0299998
      vertex 10.65 -27.65 0.0299998
    endloop
  endfacet
  facet normal 0 1 0
    outer loop
      vertex -10.65 -27.65 0.0299998
      vertex 10.65 -27.65 0
      vertex -10.65 -27.65 0
    endloop
  endfacet
  facet normal 1 -0 0
    outer loop
      vertex 9.9 -26.9 0.0299998
      vertex 9.9 -13.1 0
      vertex 9.9 -13.1 0.0299998
    endloop
  endfacet
  facet normal 1 0 0
    outer loop
      vertex 9.9 -13.1 0
      vertex 9.9 -26.9 0.0299998
      vertex 9.9 -26.9 0
    endloop
  endfacet
  facet normal -1 0 0
    outer loop
      vertex -9.9 -26.9 0
      vertex -9.9 -13.1 0.0299998
      vertex -9.9 -13.1 0
    endloop
  endfacet
  facet normal -1 -0 0
    outer loop
      vertex -9.9 -13.1 0.0299998
      vertex -9.9 -26.9 0
      vertex -9.9 -26.9 0.0299998
    endloop
  endfacet
  facet normal 0 1 -0
    outer loop
      vertex 9.9 -13.1 0
      vertex -9.9 -13.1 0.0299998
      vertex 9.9 -13.1 0.0299998
    endloop
  endfacet
  facet normal 0 1 0
    outer loop
      vertex -9.9 -13.1 0.0299998
      vertex 9.9 -13.1 0
      vertex -9.9 -13.1 0
    endloop
  endfacet
  facet normal 0 -1 0
    outer loop
      vertex -9.9 -26.9 0
      vertex 9.9 -26.9 0.0299998
      vertex -9.9 -26.9 0.0299998
    endloop
  endfacet
  facet normal 0 -1 -0
    outer loop
      vertex 9.9 -26.9 0.0299998
      vertex -9.9 -26.9 0
      vertex 9.9 -26.9 0
    endloop
  endfacet
  facet normal 0 0.838653 -0.544666
    outer loop
      vertex 41.7 -13.6897 5.61527
      vertex 18.3 -13.245 6.3
      vertex 41.7 -13.245 6.3
    endloop
  endfacet
  facet normal 0 0.838653 -0.544666
    outer loop
      vertex 18.3 -13.245 6.3
      vertex 41.7 -13.6897 5.61527
      vertex 18.3 -13.6897 5.61527
    endloop
  endfacet
  facet normal 0 -0.544657 -0.838659
    outer loop
      vertex 18.3 -24.5847 3.88967
      vertex 41.7 -23.9 3.445
      vertex 41.7 -24.5847 3.88967
    endloop
  endfacet
  facet normal -0 -0.544657 -0.838659
    outer loop
      vertex 41.7 -23.9 3.445
      vertex 18.3 -24.5847 3.88967
      vertex 18.3 -23.9 3.445
    endloop
  endfacet
  facet normal 0 0.890984 -0.454035
    outer loop
      vertex 41.7 -13.245 6.3
      vertex 18.3 -12.8743 7.02745
      vertex 41.7 -12.8743 7.02745
    endloop
  endfacet
  facet normal 0 0.890984 -0.454035
    outer loop
      vertex 18.3 -12.8743 7.02745
      vertex 41.7 -13.245 6.3
      vertex 18.3 -13.245 6.3
    endloop
  endfacet
  facet normal 0 -0.156433 -0.987689
    outer loop
      vertex 18.3 -21.6217 2.57045
      vertex 41.7 -20.8153 2.44273
      vertex 41.7 -21.6217 2.57045
    endloop
  endfacet
  facet normal -0 -0.156433 -0.987689
    outer loop
      vertex 41.7 -20.8153 2.44273
      vertex 18.3 -21.6217 2.57045
      vertex 18.3 -20.8153 2.44273
    endloop
  endfacet
  facet normal 0 -0.707113 -0.707101
    outer loop
      vertex 18.3 -25.2192 4.40347
      vertex 41.7 -25.7965 4.98078
      vertex 18.3 -25.7965 4.98078
    endloop
  endfacet
  facet normal 0 -0.707113 -0.707101
    outer loop
      vertex 41.7 -25.7965 4.98078
      vertex 18.3 -25.2192 4.40347
      vertex 41.7 -25.2192 4.40347
    endloop
  endfacet
  facet normal 0 -0.987692 -0.156411
    outer loop
      vertex 18.3 -27.6296 8.57829
      vertex 41.7 -27.7573 9.38468
      vertex 18.3 -27.7573 9.38468
    endloop
  endfacet
  facet normal 0 -0.987692 -0.156411
    outer loop
      vertex 41.7 -27.7573 9.38468
      vertex 18.3 -27.6296 8.57829
      vertex 41.7 -27.6296 8.57829
    endloop
  endfacet
  facet normal 0 0.629314 -0.777151
    outer loop
      vertex 18.3 -15.4153 3.88967
      vertex 41.7 -14.7808 4.40347
      vertex 41.7 -15.4153 3.88967
    endloop
  endfacet
  facet normal 0 0.629314 -0.777151
    outer loop
      vertex 41.7 -14.7808 4.40347
      vertex 18.3 -15.4153 3.88967
      vertex 18.3 -14.7808 4.40347
    endloop
  endfacet
  facet normal 0 0.777146 -0.62932
    outer loop
      vertex 41.7 -14.2035 4.98078
      vertex 18.3 -13.6897 5.61527
      vertex 41.7 -13.6897 5.61527
    endloop
  endfacet
  facet normal 0 0.777146 -0.62932
    outer loop
      vertex 18.3 -13.6897 5.61527
      vertex 41.7 -14.2035 4.98078
      vertex 18.3 -14.2035 4.98078
    endloop
  endfacet
  facet normal 0 0.933617 -0.358273
    outer loop
      vertex 41.7 -12.8743 7.02745
      vertex 18.3 -12.5818 7.78967
      vertex 41.7 -12.5818 7.78967
    endloop
  endfacet
  facet normal 0 0.933617 -0.358273
    outer loop
      vertex 18.3 -12.5818 7.78967
      vertex 41.7 -12.8743 7.02745
      vertex 18.3 -12.8743 7.02745
    endloop
  endfacet
  facet normal 0 -0.838653 -0.544666
    outer loop
      vertex 18.3 -26.3103 5.61527
      vertex 41.7 -26.755 6.3
      vertex 18.3 -26.755 6.3
    endloop
  endfacet
  facet normal 0 -0.838653 -0.544666
    outer loop
      vertex 41.7 -26.755 6.3
      vertex 18.3 -26.3103 5.61527
      vertex 41.7 -26.3103 5.61527
    endloop
  endfacet
  facet normal 0 0.987692 -0.156411
    outer loop
      vertex 41.7 -12.3704 8.57829
      vertex 18.3 -12.2427 9.38468
      vertex 41.7 -12.2427 9.38468
    endloop
  endfacet
  facet normal 0 0.987692 -0.156411
    outer loop
      vertex 18.3 -12.2427 9.38468
      vertex 41.7 -12.3704 8.57829
      vertex 18.3 -12.3704 8.57829
    endloop
  endfacet
  facet normal 0 -0.777146 -0.62932
    outer loop
      vertex 18.3 -25.7965 4.98078
      vertex 41.7 -26.3103 5.61527
      vertex 18.3 -26.3103 5.61527
    endloop
  endfacet
  facet normal 0 -0.777146 -0.62932
    outer loop
      vertex 41.7 -26.3103 5.61527
      vertex 18.3 -25.7965 4.98078
      vertex 41.7 -25.7965 4.98078
    endloop
  endfacet
  facet normal 0 0.156433 -0.987689
    outer loop
      vertex 18.3 -19.1847 2.44273
      vertex 41.7 -18.3783 2.57045
      vertex 41.7 -19.1847 2.44273
    endloop
  endfacet
  facet normal 0 0.156433 -0.987689
    outer loop
      vertex 41.7 -18.3783 2.57045
      vertex 18.3 -19.1847 2.44273
      vertex 18.3 -18.3783 2.57045
    endloop
  endfacet
  facet normal 0 -0.258825 -0.965924
    outer loop
      vertex 18.3 -22.4103 2.78176
      vertex 41.7 -21.6217 2.57045
      vertex 41.7 -22.4103 2.78176
    endloop
  endfacet
  facet normal -0 -0.258825 -0.965924
    outer loop
      vertex 41.7 -21.6217 2.57045
      vertex 18.3 -22.4103 2.78176
      vertex 18.3 -21.6217 2.57045
    endloop
  endfacet
  facet normal 0 -0.890984 -0.454035
    outer loop
      vertex 18.3 -26.755 6.3
      vertex 41.7 -27.1257 7.02745
      vertex 18.3 -27.1257 7.02745
    endloop
  endfacet
  facet normal 0 -0.890984 -0.454035
    outer loop
      vertex 41.7 -27.1257 7.02745
      vertex 18.3 -26.755 6.3
      vertex 41.7 -26.755 6.3
    endloop
  endfacet
  facet normal 0 -0.453962 -0.891021
    outer loop
      vertex 18.3 -23.9 3.445
      vertex 41.7 -23.1725 3.07435
      vertex 41.7 -23.9 3.445
    endloop
  endfacet
  facet normal -0 -0.453962 -0.891021
    outer loop
      vertex 41.7 -23.1725 3.07435
      vertex 18.3 -23.9 3.445
      vertex 18.3 -23.1725 3.07435
    endloop
  endfacet
  facet normal 0 -0.965898 -0.258922
    outer loop
      vertex 18.3 -27.4182 7.78967
      vertex 41.7 -27.6296 8.57829
      vertex 18.3 -27.6296 8.57829
    endloop
  endfacet
  facet normal 0 -0.965898 -0.258922
    outer loop
      vertex 41.7 -27.6296 8.57829
      vertex 18.3 -27.4182 7.78967
      vertex 41.7 -27.4182 7.78967
    endloop
  endfacet
  facet normal 0 0.965898 -0.258922
    outer loop
      vertex 41.7 -12.5818 7.78967
      vertex 18.3 -12.3704 8.57829
      vertex 41.7 -12.3704 8.57829
    endloop
  endfacet
  facet normal 0 0.965898 -0.258922
    outer loop
      vertex 18.3 -12.3704 8.57829
      vertex 41.7 -12.5818 7.78967
      vertex 18.3 -12.5818 7.78967
    endloop
  endfacet
  facet normal 0 0.544657 -0.838659
    outer loop
      vertex 18.3 -16.1 3.445
      vertex 41.7 -15.4153 3.88967
      vertex 41.7 -16.1 3.445
    endloop
  endfacet
  facet normal 0 0.544657 -0.838659
    outer loop
      vertex 41.7 -15.4153 3.88967
      vertex 18.3 -16.1 3.445
      vertex 18.3 -15.4153 3.88967
    endloop
  endfacet
  facet normal 0 -0.358377 -0.933577
    outer loop
      vertex 18.3 -23.1725 3.07435
      vertex 41.7 -22.4103 2.78176
      vertex 41.7 -23.1725 3.07435
    endloop
  endfacet
  facet normal -0 -0.358377 -0.933577
    outer loop
      vertex 41.7 -22.4103 2.78176
      vertex 18.3 -23.1725 3.07435
      vertex 18.3 -22.4103 2.78176
    endloop
  endfacet
  facet normal 0 0.707113 -0.707101
    outer loop
      vertex 18.3 -14.7808 4.40347
      vertex 41.7 -14.2035 4.98078
      vertex 41.7 -14.7808 4.40347
    endloop
  endfacet
  facet normal 0 0.707113 -0.707101
    outer loop
      vertex 41.7 -14.2035 4.98078
      vertex 18.3 -14.7808 4.40347
      vertex 18.3 -14.2035 4.98078
    endloop
  endfacet
  facet normal 0 -0.998631 -0.0523004
    outer loop
      vertex 18.3 -27.7573 9.38468
      vertex 18.6 -27.8 10.2
      vertex 18.3 -27.8 10.2
    endloop
  endfacet
  facet normal 0 -0.998631 -0.0523004
    outer loop
      vertex 18.6 -27.8 10.2
      vertex 18.3 -27.7573 9.38468
      vertex 41.4 -27.8 10.2
    endloop
  endfacet
  facet normal -0 -0.998631 -0.0523004
    outer loop
      vertex 41.7 -27.7573 9.38468
      vertex 41.4 -27.8 10.2
      vertex 18.3 -27.7573 9.38468
    endloop
  endfacet
  facet normal 0 -0.998631 -0.0523004
    outer loop
      vertex 41.4 -27.8 10.2
      vertex 41.7 -27.7573 9.38468
      vertex 41.7 -27.8 10.2
    endloop
  endfacet
  facet normal 0 0.998631 -0.0523004
    outer loop
      vertex 41.7 -12.2427 9.38468
      vertex 41.4 -12.2 10.2
      vertex 41.7 -12.2 10.2
    endloop
  endfacet
  facet normal 0 0.998631 -0.0523004
    outer loop
      vertex 41.4 -12.2 10.2
      vertex 41.7 -12.2427 9.38468
      vertex 18.6 -12.2 10.2
    endloop
  endfacet
  facet normal 0 0.998631 -0.0523004
    outer loop
      vertex 18.3 -12.2427 9.38468
      vertex 18.6 -12.2 10.2
      vertex 41.7 -12.2427 9.38468
    endloop
  endfacet
  facet normal 0 0.998631 -0.0523004
    outer loop
      vertex 18.6 -12.2 10.2
      vertex 18.3 -12.2427 9.38468
      vertex 18.3 -12.2 10.2
    endloop
  endfacet
  facet normal 0 -0.0523383 -0.998629
    outer loop
      vertex 41.7 -20.8153 2.44273
      vertex 31.1987 -20 2.4
      vertex 41.7 -20 2.4
    endloop
  endfacet
  facet normal 7.84804e-07 -0.0523282 -0.99863
    outer loop
      vertex 41.7 -20.8153 2.44273
      vertex 31.1732 -20.6 2.43144
      vertex 31.1987 -20 2.4
    endloop
  endfacet
  facet normal 0 -0.0523665 -0.998628
    outer loop
      vertex 41.7 -20.8153 2.44273
      vertex 28.8268 -20.6 2.43144
      vertex 31.1732 -20.6 2.43144
    endloop
  endfacet
  facet normal 0 -0.0523665 -0.998628
    outer loop
      vertex 18.3 -20.8153 2.44273
      vertex 28.8268 -20.6 2.43144
      vertex 41.7 -20.8153 2.44273
    endloop
  endfacet
  facet normal -7.84804e-07 -0.0523282 -0.99863
    outer loop
      vertex 18.3 -20.8153 2.44273
      vertex 28.8013 -20 2.4
      vertex 28.8268 -20.6 2.43144
    endloop
  endfacet
  facet normal -0 -0.0523383 -0.998629
    outer loop
      vertex 28.8013 -20 2.4
      vertex 18.3 -20.8153 2.44273
      vertex 18.3 -20 2.4
    endloop
  endfacet
  facet normal 0 0.258825 -0.965924
    outer loop
      vertex 18.3 -18.3783 2.57045
      vertex 41.7 -17.5897 2.78176
      vertex 41.7 -18.3783 2.57045
    endloop
  endfacet
  facet normal 0 0.258825 -0.965924
    outer loop
      vertex 41.7 -17.5897 2.78176
      vertex 18.3 -18.3783 2.57045
      vertex 18.3 -17.5897 2.78176
    endloop
  endfacet
  facet normal 0 -0.629314 -0.777151
    outer loop
      vertex 18.3 -25.2192 4.40347
      vertex 41.7 -24.5847 3.88967
      vertex 41.7 -25.2192 4.40347
    endloop
  endfacet
  facet normal -0 -0.629314 -0.777151
    outer loop
      vertex 41.7 -24.5847 3.88967
      vertex 18.3 -25.2192 4.40347
      vertex 18.3 -24.5847 3.88967
    endloop
  endfacet
  facet normal 0 0.358377 -0.933577
    outer loop
      vertex 18.3 -17.5897 2.78176
      vertex 41.7 -16.8275 3.07435
      vertex 41.7 -17.5897 2.78176
    endloop
  endfacet
  facet normal 0 0.358377 -0.933577
    outer loop
      vertex 41.7 -16.8275 3.07435
      vertex 18.3 -17.5897 2.78176
      vertex 18.3 -16.8275 3.07435
    endloop
  endfacet
  facet normal -1 0 0
    outer loop
      vertex 18.3 -12.3704 8.57829
      vertex 18.3 -12.2 10.2
      vertex 18.3 -12.2427 9.38468
    endloop
  endfacet
  facet normal -1 0 0
    outer loop
      vertex 18.3 -12.5818 7.78967
      vertex 18.3 -12.2 10.2
      vertex 18.3 -12.3704 8.57829
    endloop
  endfacet
  facet normal -1 0 0
    outer loop
      vertex 18.3 -12.8743 7.02745
      vertex 18.3 -12.2 10.2
      vertex 18.3 -12.5818 7.78967
    endloop
  endfacet
  facet normal -1 0 0
    outer loop
      vertex 18.3 -13.245 6.3
      vertex 18.3 -12.2 10.2
      vertex 18.3 -12.8743 7.02745
    endloop
  endfacet
  facet normal -1 0 0
    outer loop
      vertex 18.3 -13.6897 5.61527
      vertex 18.3 -12.2 10.2
      vertex 18.3 -13.245 6.3
    endloop
  endfacet
  facet normal -1 0 0
    outer loop
      vertex 18.3 -14.2035 4.98078
      vertex 18.3 -12.2 10.2
      vertex 18.3 -13.6897 5.61527
    endloop
  endfacet
  facet normal -1 0 0
    outer loop
      vertex 18.3 -14.7808 4.40347
      vertex 18.3 -12.2 10.2
      vertex 18.3 -14.2035 4.98078
    endloop
  endfacet
  facet normal -1 0 0
    outer loop
      vertex 18.3 -15.4153 3.88967
      vertex 18.3 -12.2 10.2
      vertex 18.3 -14.7808 4.40347
    endloop
  endfacet
  facet normal -1 0 0
    outer loop
      vertex 18.3 -16.1 3.445
      vertex 18.3 -12.2 10.2
      vertex 18.3 -15.4153 3.88967
    endloop
  endfacet
  facet normal -1 0 0
    outer loop
      vertex 18.3 -16.8275 3.07435
      vertex 18.3 -12.2 10.2
      vertex 18.3 -16.1 3.445
    endloop
  endfacet
  facet normal -1 0 0
    outer loop
      vertex 18.3 -17.5897 2.78176
      vertex 18.3 -12.2 10.2
      vertex 18.3 -16.8275 3.07435
    endloop
  endfacet
  facet normal -1 0 0
    outer loop
      vertex 18.3 -18.3783 2.57045
      vertex 18.3 -12.2 10.2
      vertex 18.3 -17.5897 2.78176
    endloop
  endfacet
  facet normal -1 0 0
    outer loop
      vertex 18.3 -19.1847 2.44273
      vertex 18.3 -12.2 10.2
      vertex 18.3 -18.3783 2.57045
    endloop
  endfacet
  facet normal -1 0 0
    outer loop
      vertex 18.3 -20 2.4
      vertex 18.3 -12.2 10.2
      vertex 18.3 -19.1847 2.44273
    endloop
  endfacet
  facet normal -1 0 0
    outer loop
      vertex 18.3 -20.8153 2.44273
      vertex 18.3 -12.2 10.2
      vertex 18.3 -20 2.4
    endloop
  endfacet
  facet normal -1 0 0
    outer loop
      vertex 18.3 -21.6217 2.57045
      vertex 18.3 -12.2 10.2
      vertex 18.3 -20.8153 2.44273
    endloop
  endfacet
  facet normal -1 0 0
    outer loop
      vertex 18.3 -22.4103 2.78176
      vertex 18.3 -12.2 10.2
      vertex 18.3 -21.6217 2.57045
    endloop
  endfacet
  facet normal -1 0 0
    outer loop
      vertex 18.3 -23.1725 3.07435
      vertex 18.3 -12.2 10.2
      vertex 18.3 -22.4103 2.78176
    endloop
  endfacet
  facet normal -1 0 0
    outer loop
      vertex 18.3 -23.9 3.445
      vertex 18.3 -12.2 10.2
      vertex 18.3 -23.1725 3.07435
    endloop
  endfacet
  facet normal -1 0 0
    outer loop
      vertex 18.3 -24.5847 3.88967
      vertex 18.3 -12.2 10.2
      vertex 18.3 -23.9 3.445
    endloop
  endfacet
  facet normal -1 0 0
    outer loop
      vertex 18.3 -25.2192 4.40347
      vertex 18.3 -12.2 10.2
      vertex 18.3 -24.5847 3.88967
    endloop
  endfacet
  facet normal -1 0 0
    outer loop
      vertex 18.3 -25.7965 4.98078
      vertex 18.3 -12.2 10.2
      vertex 18.3 -25.2192 4.40347
    endloop
  endfacet
  facet normal -1 0 0
    outer loop
      vertex 18.3 -26.3103 5.61527
      vertex 18.3 -12.2 10.2
      vertex 18.3 -25.7965 4.98078
    endloop
  endfacet
  facet normal -1 0 0
    outer loop
      vertex 18.3 -26.755 6.3
      vertex 18.3 -12.2 10.2
      vertex 18.3 -26.3103 5.61527
    endloop
  endfacet
  facet normal -1 0 0
    outer loop
      vertex 18.3 -27.1257 7.02745
      vertex 18.3 -12.2 10.2
      vertex 18.3 -26.755 6.3
    endloop
  endfacet
  facet normal -1 0 0
    outer loop
      vertex 18.3 -27.4182 7.78967
      vertex 18.3 -12.2 10.2
      vertex 18.3 -27.1257 7.02745
    endloop
  endfacet
  facet normal -1 0 0
    outer loop
      vertex 18.3 -27.6296 8.57829
      vertex 18.3 -12.2 10.2
      vertex 18.3 -27.4182 7.78967
    endloop
  endfacet
  facet normal -1 0 0
    outer loop
      vertex 18.3 -27.7573 9.38468
      vertex 18.3 -12.2 10.2
      vertex 18.3 -27.6296 8.57829
    endloop
  endfacet
  facet normal -1 -0 0
    outer loop
      vertex 18.3 -12.2 10.2
      vertex 18.3 -27.7573 9.38468
      vertex 18.3 -27.8 10.2
    endloop
  endfacet
  facet normal 0 -0.933617 -0.358273
    outer loop
      vertex 18.3 -27.1257 7.02745
      vertex 41.7 -27.4182 7.78967
      vertex 18.3 -27.4182 7.78967
    endloop
  endfacet
  facet normal 0 -0.933617 -0.358273
    outer loop
      vertex 41.7 -27.4182 7.78967
      vertex 18.3 -27.1257 7.02745
      vertex 41.7 -27.1257 7.02745
    endloop
  endfacet
  facet normal 0 0.0523383 -0.998629
    outer loop
      vertex 31.1987 -20 2.4
      vertex 41.7 -19.1847 2.44273
      vertex 41.7 -20 2.4
    endloop
  endfacet
  facet normal 7.84804e-07 0.0523282 -0.99863
    outer loop
      vertex 31.1732 -19.4 2.43144
      vertex 41.7 -19.1847 2.44273
      vertex 31.1987 -20 2.4
    endloop
  endfacet
  facet normal 0 0.0523665 -0.998628
    outer loop
      vertex 28.8268 -19.4 2.43144
      vertex 41.7 -19.1847 2.44273
      vertex 31.1732 -19.4 2.43144
    endloop
  endfacet
  facet normal 0 0.0523383 -0.998629
    outer loop
      vertex 18.3 -19.1847 2.44273
      vertex 28.8013 -20 2.4
      vertex 18.3 -20 2.4
    endloop
  endfacet
  facet normal 0 0.0523665 -0.998628
    outer loop
      vertex 28.8268 -19.4 2.43144
      vertex 18.3 -19.1847 2.44273
      vertex 41.7 -19.1847 2.44273
    endloop
  endfacet
  facet normal -7.84804e-07 0.0523282 -0.99863
    outer loop
      vertex 28.8013 -20 2.4
      vertex 18.3 -19.1847 2.44273
      vertex 28.8268 -19.4 2.43144
    endloop
  endfacet
  facet normal 0 0.453962 -0.891021
    outer loop
      vertex 18.3 -16.8275 3.07435
      vertex 41.7 -16.1 3.445
      vertex 41.7 -16.8275 3.07435
    endloop
  endfacet
  facet normal 0 0.453962 -0.891021
    outer loop
      vertex 41.7 -16.1 3.445
      vertex 18.3 -16.8275 3.07435
      vertex 18.3 -16.1 3.445
    endloop
  endfacet
  facet normal 1 0 0
    outer loop
      vertex 41.7 -12.2 10.2
      vertex 41.7 -12.3704 8.57829
      vertex 41.7 -12.2427 9.38468
    endloop
  endfacet
  facet normal 1 0 0
    outer loop
      vertex 41.7 -12.2 10.2
      vertex 41.7 -12.5818 7.78967
      vertex 41.7 -12.3704 8.57829
    endloop
  endfacet
  facet normal 1 0 0
    outer loop
      vertex 41.7 -12.2 10.2
      vertex 41.7 -12.8743 7.02745
      vertex 41.7 -12.5818 7.78967
    endloop
  endfacet
  facet normal 1 0 0
    outer loop
      vertex 41.7 -12.2 10.2
      vertex 41.7 -13.245 6.3
      vertex 41.7 -12.8743 7.02745
    endloop
  endfacet
  facet normal 1 0 0
    outer loop
      vertex 41.7 -12.2 10.2
      vertex 41.7 -13.6897 5.61527
      vertex 41.7 -13.245 6.3
    endloop
  endfacet
  facet normal 1 0 0
    outer loop
      vertex 41.7 -12.2 10.2
      vertex 41.7 -14.2035 4.98078
      vertex 41.7 -13.6897 5.61527
    endloop
  endfacet
  facet normal 1 0 0
    outer loop
      vertex 41.7 -12.2 10.2
      vertex 41.7 -14.7808 4.40347
      vertex 41.7 -14.2035 4.98078
    endloop
  endfacet
  facet normal 1 0 0
    outer loop
      vertex 41.7 -12.2 10.2
      vertex 41.7 -15.4153 3.88967
      vertex 41.7 -14.7808 4.40347
    endloop
  endfacet
  facet normal 1 0 0
    outer loop
      vertex 41.7 -12.2 10.2
      vertex 41.7 -16.1 3.445
      vertex 41.7 -15.4153 3.88967
    endloop
  endfacet
  facet normal 1 0 0
    outer loop
      vertex 41.7 -12.2 10.2
      vertex 41.7 -16.8275 3.07435
      vertex 41.7 -16.1 3.445
    endloop
  endfacet
  facet normal 1 0 0
    outer loop
      vertex 41.7 -12.2 10.2
      vertex 41.7 -17.5897 2.78176
      vertex 41.7 -16.8275 3.07435
    endloop
  endfacet
  facet normal 1 0 0
    outer loop
      vertex 41.7 -12.2 10.2
      vertex 41.7 -18.3783 2.57045
      vertex 41.7 -17.5897 2.78176
    endloop
  endfacet
  facet normal 1 0 0
    outer loop
      vertex 41.7 -12.2 10.2
      vertex 41.7 -19.1847 2.44273
      vertex 41.7 -18.3783 2.57045
    endloop
  endfacet
  facet normal 1 0 0
    outer loop
      vertex 41.7 -12.2 10.2
      vertex 41.7 -20 2.4
      vertex 41.7 -19.1847 2.44273
    endloop
  endfacet
  facet normal 1 0 0
    outer loop
      vertex 41.7 -12.2 10.2
      vertex 41.7 -20.8153 2.44273
      vertex 41.7 -20 2.4
    endloop
  endfacet
  facet normal 1 0 0
    outer loop
      vertex 41.7 -12.2 10.2
      vertex 41.7 -21.6217 2.57045
      vertex 41.7 -20.8153 2.44273
    endloop
  endfacet
  facet normal 1 0 0
    outer loop
      vertex 41.7 -12.2 10.2
      vertex 41.7 -22.4103 2.78176
      vertex 41.7 -21.6217 2.57045
    endloop
  endfacet
  facet normal 1 0 0
    outer loop
      vertex 41.7 -12.2 10.2
      vertex 41.7 -23.1725 3.07435
      vertex 41.7 -22.4103 2.78176
    endloop
  endfacet
  facet normal 1 0 0
    outer loop
      vertex 41.7 -12.2 10.2
      vertex 41.7 -23.9 3.445
      vertex 41.7 -23.1725 3.07435
    endloop
  endfacet
  facet normal 1 0 0
    outer loop
      vertex 41.7 -12.2 10.2
      vertex 41.7 -24.5847 3.88967
      vertex 41.7 -23.9 3.445
    endloop
  endfacet
  facet normal 1 0 0
    outer loop
      vertex 41.7 -12.2 10.2
      vertex 41.7 -25.2192 4.40347
      vertex 41.7 -24.5847 3.88967
    endloop
  endfacet
  facet normal 1 0 0
    outer loop
      vertex 41.7 -12.2 10.2
      vertex 41.7 -25.7965 4.98078
      vertex 41.7 -25.2192 4.40347
    endloop
  endfacet
  facet normal 1 0 0
    outer loop
      vertex 41.7 -12.2 10.2
      vertex 41.7 -26.3103 5.61527
      vertex 41.7 -25.7965 4.98078
    endloop
  endfacet
  facet normal 1 0 0
    outer loop
      vertex 41.7 -12.2 10.2
      vertex 41.7 -26.755 6.3
      vertex 41.7 -26.3103 5.61527
    endloop
  endfacet
  facet normal 1 0 0
    outer loop
      vertex 41.7 -12.2 10.2
      vertex 41.7 -27.1257 7.02745
      vertex 41.7 -26.755 6.3
    endloop
  endfacet
  facet normal 1 0 0
    outer loop
      vertex 41.7 -12.2 10.2
      vertex 41.7 -27.4182 7.78967
      vertex 41.7 -27.1257 7.02745
    endloop
  endfacet
  facet normal 1 0 0
    outer loop
      vertex 41.7 -12.2 10.2
      vertex 41.7 -27.6296 8.57829
      vertex 41.7 -27.4182 7.78967
    endloop
  endfacet
  facet normal 1 0 0
    outer loop
      vertex 41.7 -12.2 10.2
      vertex 41.7 -27.7573 9.38468
      vertex 41.7 -27.6296 8.57829
    endloop
  endfacet
  facet normal 1 0 -0
    outer loop
      vertex 41.7 -27.7573 9.38468
      vertex 41.7 -12.2 10.2
      vertex 41.7 -27.8 10.2
    endloop
  endfacet
  facet normal 0 -0.891031 0.453942
    outer loop
      vertex 19.35 -13.7646 6.6
      vertex 40.65 -13.4225 7.2715
      vertex 19.35 -13.4225 7.2715
    endloop
  endfacet
  facet normal 0 -0.891031 0.453942
    outer loop
      vertex 40.65 -13.4225 7.2715
      vertex 19.35 -13.7646 6.6
      vertex 40.65 -13.7646 6.6
    endloop
  endfacet
  facet normal -0 0.35836 0.933583
    outer loop
      vertex 19.35 -22.2249 3.35239
      vertex 40.65 -22.9285 3.62247
      vertex 40.65 -22.2249 3.35239
    endloop
  endfacet
  facet normal 0 0.35836 0.933583
    outer loop
      vertex 40.65 -22.9285 3.62247
      vertex 19.35 -22.2249 3.35239
      vertex 19.35 -22.9285 3.62247
    endloop
  endfacet
  facet normal 0 0.987687 0.156441
    outer loop
      vertex 40.65 -27.0427 8.70304
      vertex 19.35 -27.1606 9.4474
      vertex 40.65 -27.1606 9.4474
    endloop
  endfacet
  facet normal 0 0.987687 0.156441
    outer loop
      vertex 19.35 -27.1606 9.4474
      vertex 40.65 -27.0427 8.70304
      vertex 19.35 -27.0427 8.70304
    endloop
  endfacet
  facet normal 0 0.838645 0.544678
    outer loop
      vertex 40.65 -25.8249 5.96795
      vertex 19.35 -26.2354 6.6
      vertex 40.65 -26.2354 6.6
    endloop
  endfacet
  facet normal 0 0.838645 0.544678
    outer loop
      vertex 19.35 -26.2354 6.6
      vertex 40.65 -25.8249 5.96795
      vertex 19.35 -25.8249 5.96795
    endloop
  endfacet
  facet normal -0 0.544611 0.838689
    outer loop
      vertex 19.35 -23.6 3.96462
      vertex 40.65 -24.2321 4.37508
      vertex 40.65 -23.6 3.96462
    endloop
  endfacet
  facet normal 0 0.544611 0.838689
    outer loop
      vertex 40.65 -24.2321 4.37508
      vertex 19.35 -23.6 3.96462
      vertex 19.35 -24.2321 4.37508
    endloop
  endfacet
  facet normal -0 0.629377 0.7771
    outer loop
      vertex 19.35 -24.2321 4.37508
      vertex 40.65 -24.8177 4.84936
      vertex 40.65 -24.2321 4.37508
    endloop
  endfacet
  facet normal 0 0.629377 0.7771
    outer loop
      vertex 40.65 -24.8177 4.84936
      vertex 19.35 -24.2321 4.37508
      vertex 19.35 -24.8177 4.84936
    endloop
  endfacet
  facet normal 0 -0.933571 0.358392
    outer loop
      vertex 19.35 -13.4225 7.2715
      vertex 40.65 -13.1524 7.97508
      vertex 19.35 -13.1524 7.97508
    endloop
  endfacet
  facet normal 0 -0.933571 0.358392
    outer loop
      vertex 40.65 -13.1524 7.97508
      vertex 19.35 -13.4225 7.2715
      vertex 40.65 -13.4225 7.2715
    endloop
  endfacet
  facet normal -0 0.156433 0.987689
    outer loop
      vertex 19.35 -20.7526 3.03944
      vertex 40.65 -21.497 3.15734
      vertex 40.65 -20.7526 3.03944
    endloop
  endfacet
  facet normal 0 0.156433 0.987689
    outer loop
      vertex 40.65 -21.497 3.15734
      vertex 19.35 -20.7526 3.03944
      vertex 19.35 -21.497 3.15734
    endloop
  endfacet
  facet normal 0 -0.777135 0.629334
    outer loop
      vertex 19.35 -14.6494 5.38226
      vertex 40.65 -14.1751 5.96795
      vertex 19.35 -14.1751 5.96795
    endloop
  endfacet
  facet normal 0 -0.777135 0.629334
    outer loop
      vertex 40.65 -14.1751 5.96795
      vertex 19.35 -14.6494 5.38226
      vertex 40.65 -14.6494 5.38226
    endloop
  endfacet
  facet normal 0 0.891031 0.453942
    outer loop
      vertex 40.65 -26.2354 6.6
      vertex 19.35 -26.5775 7.2715
      vertex 40.65 -26.5775 7.2715
    endloop
  endfacet
  facet normal 0 0.891031 0.453942
    outer loop
      vertex 19.35 -26.5775 7.2715
      vertex 40.65 -26.2354 6.6
      vertex 19.35 -26.2354 6.6
    endloop
  endfacet
  facet normal 0 -0.965911 0.258873
    outer loop
      vertex 19.35 -13.1524 7.97508
      vertex 40.65 -12.9573 8.70304
      vertex 19.35 -12.9573 8.70304
    endloop
  endfacet
  facet normal 0 -0.965911 0.258873
    outer loop
      vertex 40.65 -12.9573 8.70304
      vertex 19.35 -13.1524 7.97508
      vertex 40.65 -13.1524 7.97508
    endloop
  endfacet
  facet normal 0 -0.707107 0.707107
    outer loop
      vertex 19.35 -15.1823 4.84936
      vertex 40.65 -14.6494 5.38226
      vertex 19.35 -14.6494 5.38226
    endloop
  endfacet
  facet normal 0 -0.707107 0.707107
    outer loop
      vertex 40.65 -14.6494 5.38226
      vertex 19.35 -15.1823 4.84936
      vertex 40.65 -15.1823 4.84936
    endloop
  endfacet
  facet normal 0 0.777135 0.629334
    outer loop
      vertex 40.65 -25.3506 5.38226
      vertex 19.35 -25.8249 5.96795
      vertex 40.65 -25.8249 5.96795
    endloop
  endfacet
  facet normal 0 0.777135 0.629334
    outer loop
      vertex 19.35 -25.8249 5.96795
      vertex 40.65 -25.3506 5.38226
      vertex 19.35 -25.3506 5.38226
    endloop
  endfacet
  facet normal 0 -0.987687 0.156441
    outer loop
      vertex 19.35 -12.9573 8.70304
      vertex 40.65 -12.8394 9.4474
      vertex 19.35 -12.8394 9.4474
    endloop
  endfacet
  facet normal 0 -0.987687 0.156441
    outer loop
      vertex 40.65 -12.8394 9.4474
      vertex 19.35 -12.9573 8.70304
      vertex 40.65 -12.9573 8.70304
    endloop
  endfacet
  facet normal 0 -0.998632 0.0522803
    outer loop
      vertex 19.35 -12.8394 9.4474
      vertex 40.65 -12.8 10.2
      vertex 19.35 -12.8 10.2
    endloop
  endfacet
  facet normal 0 -0.998632 0.0522803
    outer loop
      vertex 40.65 -12.8 10.2
      vertex 19.35 -12.8394 9.4474
      vertex 40.65 -12.8394 9.4474
    endloop
  endfacet
  facet normal 0 0.965911 0.258873
    outer loop
      vertex 40.65 -26.8476 7.97508
      vertex 19.35 -27.0427 8.70304
      vertex 40.65 -27.0427 8.70304
    endloop
  endfacet
  facet normal 0 0.965911 0.258873
    outer loop
      vertex 19.35 -27.0427 8.70304
      vertex 40.65 -26.8476 7.97508
      vertex 19.35 -26.8476 7.97508
    endloop
  endfacet
  facet normal -0 0.707107 0.707107
    outer loop
      vertex 19.35 -24.8177 4.84936
      vertex 40.65 -25.3506 5.38226
      vertex 40.65 -24.8177 4.84936
    endloop
  endfacet
  facet normal 0 0.707107 0.707107
    outer loop
      vertex 40.65 -25.3506 5.38226
      vertex 19.35 -24.8177 4.84936
      vertex 19.35 -25.3506 5.38226
    endloop
  endfacet
  facet normal 0 -0.629377 0.7771
    outer loop
      vertex 19.35 -15.1823 4.84936
      vertex 40.65 -15.7679 4.37508
      vertex 40.65 -15.1823 4.84936
    endloop
  endfacet
  facet normal 0 -0.629377 0.7771
    outer loop
      vertex 40.65 -15.7679 4.37508
      vertex 19.35 -15.1823 4.84936
      vertex 19.35 -15.7679 4.37508
    endloop
  endfacet
  facet normal 0 -0.544611 0.838689
    outer loop
      vertex 19.35 -15.7679 4.37508
      vertex 40.65 -16.4 3.96462
      vertex 40.65 -15.7679 4.37508
    endloop
  endfacet
  facet normal 0 -0.544611 0.838689
    outer loop
      vertex 40.65 -16.4 3.96462
      vertex 19.35 -15.7679 4.37508
      vertex 19.35 -16.4 3.96462
    endloop
  endfacet
  facet normal 0 -0.156433 0.987689
    outer loop
      vertex 19.35 -18.503 3.15734
      vertex 40.65 -19.2474 3.03944
      vertex 40.65 -18.503 3.15734
    endloop
  endfacet
  facet normal 0 -0.156433 0.987689
    outer loop
      vertex 40.65 -19.2474 3.03944
      vertex 19.35 -18.503 3.15734
      vertex 19.35 -19.2474 3.03944
    endloop
  endfacet
  facet normal -0 0.453994 0.891005
    outer loop
      vertex 19.35 -22.9285 3.62247
      vertex 40.65 -23.6 3.96462
      vertex 40.65 -22.9285 3.62247
    endloop
  endfacet
  facet normal 0 0.453994 0.891005
    outer loop
      vertex 40.65 -23.6 3.96462
      vertex 19.35 -22.9285 3.62247
      vertex 19.35 -23.6 3.96462
    endloop
  endfacet
  facet normal 0 -0.35836 0.933583
    outer loop
      vertex 19.35 -17.0715 3.62247
      vertex 40.65 -17.7751 3.35239
      vertex 40.65 -17.0715 3.62247
    endloop
  endfacet
  facet normal 0 -0.35836 0.933583
    outer loop
      vertex 40.65 -17.7751 3.35239
      vertex 19.35 -17.0715 3.62247
      vertex 19.35 -17.7751 3.35239
    endloop
  endfacet
  facet normal 0 -0.453994 0.891005
    outer loop
      vertex 19.35 -16.4 3.96462
      vertex 40.65 -17.0715 3.62247
      vertex 40.65 -16.4 3.96462
    endloop
  endfacet
  facet normal 0 -0.453994 0.891005
    outer loop
      vertex 40.65 -17.0715 3.62247
      vertex 19.35 -16.4 3.96462
      vertex 19.35 -17.0715 3.62247
    endloop
  endfacet
  facet normal -0 0.258831 0.965923
    outer loop
      vertex 19.35 -21.497 3.15734
      vertex 40.65 -22.2249 3.35239
      vertex 40.65 -21.497 3.15734
    endloop
  endfacet
  facet normal 0 0.258831 0.965923
    outer loop
      vertex 40.65 -22.2249 3.35239
      vertex 19.35 -21.497 3.15734
      vertex 19.35 -22.2249 3.35239
    endloop
  endfacet
  facet normal -0 0.0523332 0.99863
    outer loop
      vertex 30 -20 3
      vertex 40.65 -20.7526 3.03944
      vertex 40.65 -20 3
    endloop
  endfacet
  facet normal 0 0.0523332 0.99863
    outer loop
      vertex 19.35 -20.7526 3.03944
      vertex 30 -20 3
      vertex 19.35 -20 3
    endloop
  endfacet
  facet normal 0 0.0523332 0.99863
    outer loop
      vertex 30 -20 3
      vertex 19.35 -20.7526 3.03944
      vertex 40.65 -20.7526 3.03944
    endloop
  endfacet
  facet normal 0 -0.258831 0.965923
    outer loop
      vertex 19.35 -17.7751 3.35239
      vertex 40.65 -18.503 3.15734
      vertex 40.65 -17.7751 3.35239
    endloop
  endfacet
  facet normal 0 -0.258831 0.965923
    outer loop
      vertex 40.65 -18.503 3.15734
      vertex 19.35 -17.7751 3.35239
      vertex 19.35 -18.503 3.15734
    endloop
  endfacet
  facet normal 1 0 0
    outer loop
      vertex 19.35 -12.8 10.2
      vertex 19.35 -12.9573 8.70304
      vertex 19.35 -12.8394 9.4474
    endloop
  endfacet
  facet normal 1 0 0
    outer loop
      vertex 19.35 -12.8 10.2
      vertex 19.35 -13.1524 7.97508
      vertex 19.35 -12.9573 8.70304
    endloop
  endfacet
  facet normal 1 0 0
    outer loop
      vertex 19.35 -12.8 10.2
      vertex 19.35 -13.4225 7.2715
      vertex 19.35 -13.1524 7.97508
    endloop
  endfacet
  facet normal 1 0 0
    outer loop
      vertex 19.35 -12.8 10.2
      vertex 19.35 -13.7646 6.6
      vertex 19.35 -13.4225 7.2715
    endloop
  endfacet
  facet normal 1 0 0
    outer loop
      vertex 19.35 -12.8 10.2
      vertex 19.35 -14.1751 5.96795
      vertex 19.35 -13.7646 6.6
    endloop
  endfacet
  facet normal 1 0 0
    outer loop
      vertex 19.35 -12.8 10.2
      vertex 19.35 -14.6494 5.38226
      vertex 19.35 -14.1751 5.96795
    endloop
  endfacet
  facet normal 1 0 0
    outer loop
      vertex 19.35 -12.8 10.2
      vertex 19.35 -15.1823 4.84936
      vertex 19.35 -14.6494 5.38226
    endloop
  endfacet
  facet normal 1 0 0
    outer loop
      vertex 19.35 -12.8 10.2
      vertex 19.35 -15.7679 4.37508
      vertex 19.35 -15.1823 4.84936
    endloop
  endfacet
  facet normal 1 0 0
    outer loop
      vertex 19.35 -12.8 10.2
      vertex 19.35 -16.4 3.96462
      vertex 19.35 -15.7679 4.37508
    endloop
  endfacet
  facet normal 1 0 0
    outer loop
      vertex 19.35 -12.8 10.2
      vertex 19.35 -17.0715 3.62247
      vertex 19.35 -16.4 3.96462
    endloop
  endfacet
  facet normal 1 0 0
    outer loop
      vertex 19.35 -12.8 10.2
      vertex 19.35 -17.7751 3.35239
      vertex 19.35 -17.0715 3.62247
    endloop
  endfacet
  facet normal 1 0 0
    outer loop
      vertex 19.35 -12.8 10.2
      vertex 19.35 -18.503 3.15734
      vertex 19.35 -17.7751 3.35239
    endloop
  endfacet
  facet normal 1 0 0
    outer loop
      vertex 19.35 -12.8 10.2
      vertex 19.35 -19.2474 3.03944
      vertex 19.35 -18.503 3.15734
    endloop
  endfacet
  facet normal 1 0 0
    outer loop
      vertex 19.35 -12.8 10.2
      vertex 19.35 -20 3
      vertex 19.35 -19.2474 3.03944
    endloop
  endfacet
  facet normal 1 0 0
    outer loop
      vertex 19.35 -12.8 10.2
      vertex 19.35 -20.7526 3.03944
      vertex 19.35 -20 3
    endloop
  endfacet
  facet normal 1 0 0
    outer loop
      vertex 19.35 -12.8 10.2
      vertex 19.35 -21.497 3.15734
      vertex 19.35 -20.7526 3.03944
    endloop
  endfacet
  facet normal 1 0 0
    outer loop
      vertex 19.35 -12.8 10.2
      vertex 19.35 -22.2249 3.35239
      vertex 19.35 -21.497 3.15734
    endloop
  endfacet
  facet normal 1 0 0
    outer loop
      vertex 19.35 -12.8 10.2
      vertex 19.35 -22.9285 3.62247
      vertex 19.35 -22.2249 3.35239
    endloop
  endfacet
  facet normal 1 0 0
    outer loop
      vertex 19.35 -12.8 10.2
      vertex 19.35 -23.6 3.96462
      vertex 19.35 -22.9285 3.62247
    endloop
  endfacet
  facet normal 1 0 0
    outer loop
      vertex 19.35 -12.8 10.2
      vertex 19.35 -24.2321 4.37508
      vertex 19.35 -23.6 3.96462
    endloop
  endfacet
  facet normal 1 0 0
    outer loop
      vertex 19.35 -12.8 10.2
      vertex 19.35 -24.8177 4.84936
      vertex 19.35 -24.2321 4.37508
    endloop
  endfacet
  facet normal 1 0 0
    outer loop
      vertex 19.35 -12.8 10.2
      vertex 19.35 -25.3506 5.38226
      vertex 19.35 -24.8177 4.84936
    endloop
  endfacet
  facet normal 1 0 0
    outer loop
      vertex 19.35 -12.8 10.2
      vertex 19.35 -25.8249 5.96795
      vertex 19.35 -25.3506 5.38226
    endloop
  endfacet
  facet normal 1 0 0
    outer loop
      vertex 19.35 -12.8 10.2
      vertex 19.35 -26.2354 6.6
      vertex 19.35 -25.8249 5.96795
    endloop
  endfacet
  facet normal 1 0 0
    outer loop
      vertex 19.35 -12.8 10.2
      vertex 19.35 -26.5775 7.2715
      vertex 19.35 -26.2354 6.6
    endloop
  endfacet
  facet normal 1 0 0
    outer loop
      vertex 19.35 -12.8 10.2
      vertex 19.35 -26.8476 7.97508
      vertex 19.35 -26.5775 7.2715
    endloop
  endfacet
  facet normal 1 0 0
    outer loop
      vertex 19.35 -12.8 10.2
      vertex 19.35 -27.0427 8.70304
      vertex 19.35 -26.8476 7.97508
    endloop
  endfacet
  facet normal 1 0 0
    outer loop
      vertex 19.35 -12.8 10.2
      vertex 19.35 -27.1606 9.4474
      vertex 19.35 -27.0427 8.70304
    endloop
  endfacet
  facet normal 1 0 -0
    outer loop
      vertex 19.35 -27.1606 9.4474
      vertex 19.35 -12.8 10.2
      vertex 19.35 -27.2 10.2
    endloop
  endfacet
  facet normal -1 0 0
    outer loop
      vertex 40.65 -12.9573 8.70304
      vertex 40.65 -12.8 10.2
      vertex 40.65 -12.8394 9.4474
    endloop
  endfacet
  facet normal -1 0 0
    outer loop
      vertex 40.65 -13.1524 7.97508
      vertex 40.65 -12.8 10.2
      vertex 40.65 -12.9573 8.70304
    endloop
  endfacet
  facet normal -1 0 0
    outer loop
      vertex 40.65 -13.4225 7.2715
      vertex 40.65 -12.8 10.2
      vertex 40.65 -13.1524 7.97508
    endloop
  endfacet
  facet normal -1 0 0
    outer loop
      vertex 40.65 -13.7646 6.6
      vertex 40.65 -12.8 10.2
      vertex 40.65 -13.4225 7.2715
    endloop
  endfacet
  facet normal -1 0 0
    outer loop
      vertex 40.65 -14.1751 5.96795
      vertex 40.65 -12.8 10.2
      vertex 40.65 -13.7646 6.6
    endloop
  endfacet
  facet normal -1 0 0
    outer loop
      vertex 40.65 -14.6494 5.38226
      vertex 40.65 -12.8 10.2
      vertex 40.65 -14.1751 5.96795
    endloop
  endfacet
  facet normal -1 0 0
    outer loop
      vertex 40.65 -15.1823 4.84936
      vertex 40.65 -12.8 10.2
      vertex 40.65 -14.6494 5.38226
    endloop
  endfacet
  facet normal -1 0 0
    outer loop
      vertex 40.65 -15.7679 4.37508
      vertex 40.65 -12.8 10.2
      vertex 40.65 -15.1823 4.84936
    endloop
  endfacet
  facet normal -1 0 0
    outer loop
      vertex 40.65 -16.4 3.96462
      vertex 40.65 -12.8 10.2
      vertex 40.65 -15.7679 4.37508
    endloop
  endfacet
  facet normal -1 0 0
    outer loop
      vertex 40.65 -17.0715 3.62247
      vertex 40.65 -12.8 10.2
      vertex 40.65 -16.4 3.96462
    endloop
  endfacet
  facet normal -1 0 0
    outer loop
      vertex 40.65 -17.7751 3.35239
      vertex 40.65 -12.8 10.2
      vertex 40.65 -17.0715 3.62247
    endloop
  endfacet
  facet normal -1 0 0
    outer loop
      vertex 40.65 -18.503 3.15734
      vertex 40.65 -12.8 10.2
      vertex 40.65 -17.7751 3.35239
    endloop
  endfacet
  facet normal -1 0 0
    outer loop
      vertex 40.65 -19.2474 3.03944
      vertex 40.65 -12.8 10.2
      vertex 40.65 -18.503 3.15734
    endloop
  endfacet
  facet normal -1 0 0
    outer loop
      vertex 40.65 -20 3
      vertex 40.65 -12.8 10.2
      vertex 40.65 -19.2474 3.03944
    endloop
  endfacet
  facet normal -1 0 0
    outer loop
      vertex 40.65 -20.7526 3.03944
      vertex 40.65 -12.8 10.2
      vertex 40.65 -20 3
    endloop
  endfacet
  facet normal -1 0 0
    outer loop
      vertex 40.65 -21.497 3.15734
      vertex 40.65 -12.8 10.2
      vertex 40.65 -20.7526 3.03944
    endloop
  endfacet
  facet normal -1 0 0
    outer loop
      vertex 40.65 -22.2249 3.35239
      vertex 40.65 -12.8 10.2
      vertex 40.65 -21.497 3.15734
    endloop
  endfacet
  facet normal -1 0 0
    outer loop
      vertex 40.65 -22.9285 3.62247
      vertex 40.65 -12.8 10.2
      vertex 40.65 -22.2249 3.35239
    endloop
  endfacet
  facet normal -1 0 0
    outer loop
      vertex 40.65 -23.6 3.96462
      vertex 40.65 -12.8 10.2
      vertex 40.65 -22.9285 3.62247
    endloop
  endfacet
  facet normal -1 0 0
    outer loop
      vertex 40.65 -24.2321 4.37508
      vertex 40.65 -12.8 10.2
      vertex 40.65 -23.6 3.96462
    endloop
  endfacet
  facet normal -1 0 0
    outer loop
      vertex 40.65 -24.8177 4.84936
      vertex 40.65 -12.8 10.2
      vertex 40.65 -24.2321 4.37508
    endloop
  endfacet
  facet normal -1 0 0
    outer loop
      vertex 40.65 -25.3506 5.38226
      vertex 40.65 -12.8 10.2
      vertex 40.65 -24.8177 4.84936
    endloop
  endfacet
  facet normal -1 0 0
    outer loop
      vertex 40.65 -25.8249 5.96795
      vertex 40.65 -12.8 10.2
      vertex 40.65 -25.3506 5.38226
    endloop
  endfacet
  facet normal -1 0 0
    outer loop
      vertex 40.65 -26.2354 6.6
      vertex 40.65 -12.8 10.2
      vertex 40.65 -25.8249 5.96795
    endloop
  endfacet
  facet normal -1 0 0
    outer loop
      vertex 40.65 -26.5775 7.2715
      vertex 40.65 -12.8 10.2
      vertex 40.65 -26.2354 6.6
    endloop
  endfacet
  facet normal -1 0 0
    outer loop
      vertex 40.65 -26.8476 7.97508
      vertex 40.65 -12.8 10.2
      vertex 40.65 -26.5775 7.2715
    endloop
  endfacet
  facet normal -1 0 0
    outer loop
      vertex 40.65 -27.0427 8.70304
      vertex 40.65 -12.8 10.2
      vertex 40.65 -26.8476 7.97508
    endloop
  endfacet
  facet normal -1 0 0
    outer loop
      vertex 40.65 -27.1606 9.4474
      vertex 40.65 -12.8 10.2
      vertex 40.65 -27.0427 8.70304
    endloop
  endfacet
  facet normal -1 -0 0
    outer loop
      vertex 40.65 -12.8 10.2
      vertex 40.65 -27.1606 9.4474
      vertex 40.65 -27.2 10.2
    endloop
  endfacet
  facet normal 0 0.998632 0.0522803
    outer loop
      vertex 40.65 -27.1606 9.4474
      vertex 19.35 -27.2 10.2
      vertex 40.65 -27.2 10.2
    endloop
  endfacet
  facet normal 0 0.998632 0.0522803
    outer loop
      vertex 19.35 -27.2 10.2
      vertex 40.65 -27.1606 9.4474
      vertex 19.35 -27.1606 9.4474
    endloop
  endfacet
  facet normal 0 -0.838645 0.544678
    outer loop
      vertex 19.35 -14.1751 5.96795
      vertex 40.65 -13.7646 6.6
      vertex 19.35 -13.7646 6.6
    endloop
  endfacet
  facet normal 0 -0.838645 0.544678
    outer loop
      vertex 40.65 -13.7646 6.6
      vertex 19.35 -14.1751 5.96795
      vertex 40.65 -14.1751 5.96795
    endloop
  endfacet
  facet normal 0 -0.0523332 0.99863
    outer loop
      vertex 40.65 -19.2474 3.03944
      vertex 30 -20 3
      vertex 40.65 -20 3
    endloop
  endfacet
  facet normal 0 -0.0523332 0.99863
    outer loop
      vertex 19.35 -19.2474 3.03944
      vertex 30 -20 3
      vertex 40.65 -19.2474 3.03944
    endloop
  endfacet
  facet normal 0 -0.0523332 0.99863
    outer loop
      vertex 30 -20 3
      vertex 19.35 -19.2474 3.03944
      vertex 19.35 -20 3
    endloop
  endfacet
  facet normal 0 0.933571 0.358392
    outer loop
      vertex 40.65 -26.5775 7.2715
      vertex 19.35 -26.8476 7.97508
      vertex 40.65 -26.8476 7.97508
    endloop
  endfacet
  facet normal 0 0.933571 0.358392
    outer loop
      vertex 19.35 -26.8476 7.97508
      vertex 40.65 -26.5775 7.2715
      vertex 19.35 -26.5775 7.2715
    endloop
  endfacet
  facet normal 0 0 -1
    outer loop
      vertex 18.6 -12.2 10.2
      vertex 41.4 -11.6 10.2
      vertex 41.4 -12.2 10.2
    endloop
  endfacet
  facet normal -0 0 -1
    outer loop
      vertex 41.4 -11.6 10.2
      vertex 18.6 -12.2 10.2
      vertex 18.6 -11.6 10.2
    endloop
  endfacet
  facet normal 0 0 -1
    outer loop
      vertex 18.6 -28.4 10.2
      vertex 41.4 -27.8 10.2
      vertex 41.4 -28.4 10.2
    endloop
  endfacet
  facet normal -0 0 -1
    outer loop
      vertex 41.4 -27.8 10.2
      vertex 18.6 -28.4 10.2
      vertex 18.6 -27.8 10.2
    endloop
  endfacet
  facet normal -0 0 1
    outer loop
      vertex 18.3 -12.2 10.2
      vertex 18.6 -27.8 10.2
      vertex 18.6 -12.2 10.2
    endloop
  endfacet
  facet normal 0 0 1
    outer loop
      vertex 18.6 -27.8 10.2
      vertex 18.3 -12.2 10.2
      vertex 18.3 -27.8 10.2
    endloop
  endfacet
  facet normal -0 0 1
    outer loop
      vertex 41.4 -12.2 10.2
      vertex 41.7 -27.8 10.2
      vertex 41.7 -12.2 10.2
    endloop
  endfacet
  facet normal 0 0 1
    outer loop
      vertex 41.7 -27.8 10.2
      vertex 41.4 -12.2 10.2
      vertex 41.4 -27.8 10.2
    endloop
  endfacet
  facet normal 0 0 -1
    outer loop
      vertex 19.35 -27.2 10.2
      vertex 40.65 -12.8 10.2
      vertex 40.65 -27.2 10.2
    endloop
  endfacet
  facet normal -0 0 -1
    outer loop
      vertex 40.65 -12.8 10.2
      vertex 19.35 -27.2 10.2
      vertex 19.35 -12.8 10.2
    endloop
  endfacet
  facet normal 1 0 0
    outer loop
      vertex 41.4 -8.6 10.8
      vertex 41.4 -11.6 10.2
      vertex 41.4 -8.6 10.05
    endloop
  endfacet
  facet normal 1 0 0
    outer loop
      vertex 41.4 -8.6 10.8
      vertex 41.4 -12.2 10.2
      vertex 41.4 -11.6 10.2
    endloop
  endfacet
  facet normal 1 0 0
    outer loop
      vertex 41.4 -8.6 10.8
      vertex 41.4 -27.8 10.2
      vertex 41.4 -12.2 10.2
    endloop
  endfacet
  facet normal 1 -0 0
    outer loop
      vertex 41.4 -31.4 10.8
      vertex 41.4 -27.8 10.2
      vertex 41.4 -8.6 10.8
    endloop
  endfacet
  facet normal 1 0 0
    outer loop
      vertex 41.4 -27.8 10.2
      vertex 41.4 -31.4 10.8
      vertex 41.4 -28.4 10.2
    endloop
  endfacet
  facet normal 1 0 0
    outer loop
      vertex 41.4 -31.4 10.05
      vertex 41.4 -28.4 10.2
      vertex 41.4 -31.4 10.8
    endloop
  endfacet
  facet normal 1 0 0
    outer loop
      vertex 41.4 -28.4 10.2
      vertex 41.4 -31.4 10.05
      vertex 41.4 -28.4 10.05
    endloop
  endfacet
  facet normal 1 0 0
    outer loop
      vertex 41.4 -8.6 10.05
      vertex 41.4 -11.6 10.2
      vertex 41.4 -11.6 10.05
    endloop
  endfacet
  facet normal 0 0 -1
    outer loop
      vertex 18.6 -31.4 10.05
      vertex 41.4 -28.4 10.05
      vertex 41.4 -31.4 10.05
    endloop
  endfacet
  facet normal -0 0 -1
    outer loop
      vertex 41.4 -28.4 10.05
      vertex 18.6 -31.4 10.05
      vertex 18.6 -28.4 10.05
    endloop
  endfacet
  facet normal 0 0 1
    outer loop
      vertex 41.4 -8.6 10.8
      vertex 40.65 -12.35 10.8
      vertex 41.4 -31.4 10.8
    endloop
  endfacet
  facet normal 0 0 1
    outer loop
      vertex 41.4 -8.6 10.8
      vertex 19.35 -12.35 10.8
      vertex 40.65 -12.35 10.8
    endloop
  endfacet
  facet normal 0 0 1
    outer loop
      vertex 19.35 -12.35 10.8
      vertex 18.6 -8.6 10.8
      vertex 19.35 -27.65 10.8
    endloop
  endfacet
  facet normal -0 0 1
    outer loop
      vertex 18.6 -8.6 10.8
      vertex 19.35 -12.35 10.8
      vertex 41.4 -8.6 10.8
    endloop
  endfacet
  facet normal -0 0 1
    outer loop
      vertex 40.65 -27.65 10.8
      vertex 41.4 -31.4 10.8
      vertex 40.65 -12.35 10.8
    endloop
  endfacet
  facet normal -0 0 1
    outer loop
      vertex 19.35 -27.65 10.8
      vertex 41.4 -31.4 10.8
      vertex 40.65 -27.65 10.8
    endloop
  endfacet
  facet normal 0 0 1
    outer loop
      vertex 19.35 -27.65 10.8
      vertex 18.6 -31.4 10.8
      vertex 41.4 -31.4 10.8
    endloop
  endfacet
  facet normal 0 0 1
    outer loop
      vertex 18.6 -31.4 10.8
      vertex 19.35 -27.65 10.8
      vertex 18.6 -8.6 10.8
    endloop
  endfacet
  facet normal -0 0 1
    outer loop
      vertex 20.1 -13.1 10.8
      vertex 39.9 -26.9 10.8
      vertex 39.9 -13.1 10.8
    endloop
  endfacet
  facet normal 0 0 1
    outer loop
      vertex 39.9 -26.9 10.8
      vertex 20.1 -13.1 10.8
      vertex 20.1 -26.9 10.8
    endloop
  endfacet
  facet normal -1 0 0
    outer loop
      vertex 18.6 -28.4 10.05
      vertex 18.6 -31.4 10.05
      vertex 18.6 -28.4 10.2
    endloop
  endfacet
  facet normal -1 0 0
    outer loop
      vertex 18.6 -11.6 10.2
      vertex 18.6 -8.6 10.05
      vertex 18.6 -11.6 10.05
    endloop
  endfacet
  facet normal -1 0 0
    outer loop
      vertex 18.6 -8.6 10.05
      vertex 18.6 -11.6 10.2
      vertex 18.6 -8.6 10.8
    endloop
  endfacet
  facet normal -1 0 0
    outer loop
      vertex 18.6 -12.2 10.2
      vertex 18.6 -8.6 10.8
      vertex 18.6 -11.6 10.2
    endloop
  endfacet
  facet normal -1 0 0
    outer loop
      vertex 18.6 -27.8 10.2
      vertex 18.6 -8.6 10.8
      vertex 18.6 -12.2 10.2
    endloop
  endfacet
  facet normal -1 0 0
    outer loop
      vertex 18.6 -31.4 10.8
      vertex 18.6 -27.8 10.2
      vertex 18.6 -28.4 10.2
    endloop
  endfacet
  facet normal -1 0 0
    outer loop
      vertex 18.6 -27.8 10.2
      vertex 18.6 -31.4 10.8
      vertex 18.6 -8.6 10.8
    endloop
  endfacet
  facet normal -1 0 0
    outer loop
      vertex 18.6 -31.4 10.8
      vertex 18.6 -28.4 10.2
      vertex 18.6 -31.4 10.05
    endloop
  endfacet
  facet normal 0 1 -0
    outer loop
      vertex 41.4 -28.4 10.05
      vertex 18.6 -28.4 10.2
      vertex 41.4 -28.4 10.2
    endloop
  endfacet
  facet normal 0 1 0
    outer loop
      vertex 18.6 -28.4 10.2
      vertex 41.4 -28.4 10.05
      vertex 18.6 -28.4 10.05
    endloop
  endfacet
  facet normal 0 -1 0
    outer loop
      vertex 18.6 -31.4 10.05
      vertex 41.4 -31.4 10.8
      vertex 18.6 -31.4 10.8
    endloop
  endfacet
  facet normal 0 -1 -0
    outer loop
      vertex 41.4 -31.4 10.8
      vertex 18.6 -31.4 10.05
      vertex 41.4 -31.4 10.05
    endloop
  endfacet
  facet normal 0 0 -1
    outer loop
      vertex 18.6 -11.6 10.05
      vertex 41.4 -8.6 10.05
      vertex 41.4 -11.6 10.05
    endloop
  endfacet
  facet normal -0 0 -1
    outer loop
      vertex 41.4 -8.6 10.05
      vertex 18.6 -11.6 10.05
      vertex 18.6 -8.6 10.05
    endloop
  endfacet
  facet normal 0 1 -0
    outer loop
      vertex 41.4 -8.6 10.05
      vertex 18.6 -8.6 10.8
      vertex 41.4 -8.6 10.8
    endloop
  endfacet
  facet normal 0 1 0
    outer loop
      vertex 18.6 -8.6 10.8
      vertex 41.4 -8.6 10.05
      vertex 18.6 -8.6 10.05
    endloop
  endfacet
  facet normal 0 -1 0
    outer loop
      vertex 18.6 -11.6 10.05
      vertex 41.4 -11.6 10.2
      vertex 18.6 -11.6 10.2
    endloop
  endfacet
  facet normal 0 -1 -0
    outer loop
      vertex 41.4 -11.6 10.2
      vertex 18.6 -11.6 10.05
      vertex 41.4 -11.6 10.05
    endloop
  endfacet
  facet normal 0.156409 0 -0.987692
    outer loop
      vertex 30.1568 -20.6 0.00821743
      vertex 30.3119 -19.4 0.0327787
      vertex 30.3119 -20.6 0.0327787
    endloop
  endfacet
  facet normal 0.156409 0 -0.987692
    outer loop
      vertex 30.3119 -19.4 0.0327787
      vertex 30.1568 -20.6 0.00821743
      vertex 30.1568 -19.4 0.00821743
    endloop
  endfacet
  facet normal 0.987651 0 -0.156669
    outer loop
      vertex 31.4918 -20.6 1.34321
      vertex 31.4672 -19.4 1.18813
      vertex 31.4918 -19.4 1.34321
    endloop
  endfacet
  facet normal 0.987651 0 -0.156669
    outer loop
      vertex 31.4672 -19.4 1.18813
      vertex 31.4918 -20.6 1.34321
      vertex 31.4672 -20.6 1.18813
    endloop
  endfacet
  facet normal 0.998635 0 -0.0522279
    outer loop
      vertex 31.5 -20.6 1.5
      vertex 31.4918 -19.4 1.34321
      vertex 31.5 -19.4 1.5
    endloop
  endfacet
  facet normal 0.998635 0 -0.0522279
    outer loop
      vertex 31.4918 -19.4 1.34321
      vertex 31.5 -20.6 1.5
      vertex 31.4918 -20.6 1.34321
    endloop
  endfacet
  facet normal 0.965985 0 -0.258598
    outer loop
      vertex 31.4672 -20.6 1.18813
      vertex 31.4266 -19.4 1.03647
      vertex 31.4672 -19.4 1.18813
    endloop
  endfacet
  facet normal 0.965985 0 -0.258598
    outer loop
      vertex 31.4266 -19.4 1.03647
      vertex 31.4672 -20.6 1.18813
      vertex 31.4266 -20.6 1.03647
    endloop
  endfacet
  facet normal -0.0523353 0 -0.99863
    outer loop
      vertex 29.8432 -20.6 0.00821743
      vertex 30 -19.4 0
      vertex 30 -20.6 0
    endloop
  endfacet
  facet normal -0.0523353 0 -0.99863
    outer loop
      vertex 30 -19.4 0
      vertex 29.8432 -20.6 0.00821743
      vertex 29.8432 -19.4 0.00821743
    endloop
  endfacet
  facet normal -0.987651 0 0.156669
    outer loop
      vertex 28.5082 -20.6 1.65679
      vertex 28.5328 -19.4 1.81187
      vertex 28.5082 -19.4 1.65679
    endloop
  endfacet
  facet normal -0.987651 0 0.156669
    outer loop
      vertex 28.5328 -19.4 1.81187
      vertex 28.5082 -20.6 1.65679
      vertex 28.5328 -20.6 1.81187
    endloop
  endfacet
  facet normal -0.890955 0 -0.454091
    outer loop
      vertex 28.701 -20.6 0.75
      vertex 28.6297 -19.4 0.889895
      vertex 28.701 -19.4 0.75
    endloop
  endfacet
  facet normal -0.890955 -0 -0.454091
    outer loop
      vertex 28.6297 -19.4 0.889895
      vertex 28.701 -20.6 0.75
      vertex 28.6297 -20.6 0.889895
    endloop
  endfacet
  facet normal -0.707174 0 -0.70704
    outer loop
      vertex 28.9963 -20.6 0.385283
      vertex 28.8853 -19.4 0.496304
      vertex 28.9963 -19.4 0.385283
    endloop
  endfacet
  facet normal -0.707174 -0 -0.70704
    outer loop
      vertex 28.8853 -19.4 0.496304
      vertex 28.9963 -20.6 0.385283
      vertex 28.8853 -20.6 0.496304
    endloop
  endfacet
  facet normal 0.707174 0 -0.70704
    outer loop
      vertex 31.1147 -20.6 0.496304
      vertex 31.0037 -19.4 0.385283
      vertex 31.1147 -19.4 0.496304
    endloop
  endfacet
  facet normal 0.707174 0 -0.70704
    outer loop
      vertex 31.0037 -19.4 0.385283
      vertex 31.1147 -20.6 0.496304
      vertex 31.0037 -20.6 0.385283
    endloop
  endfacet
  facet normal 0.358325 0 -0.933597
    outer loop
      vertex 30.4635 -20.6 0.0734153
      vertex 30.6101 -19.4 0.129682
      vertex 30.6101 -20.6 0.129682
    endloop
  endfacet
  facet normal 0.358325 0 -0.933597
    outer loop
      vertex 30.6101 -19.4 0.129682
      vertex 30.4635 -20.6 0.0734153
      vertex 30.4635 -19.4 0.0734153
    endloop
  endfacet
  facet normal -0.965985 0 0.258598
    outer loop
      vertex 28.5328 -20.6 1.81187
      vertex 28.5734 -19.4 1.96353
      vertex 28.5328 -19.4 1.81187
    endloop
  endfacet
  facet normal -0.965985 0 0.258598
    outer loop
      vertex 28.5734 -19.4 1.96353
      vertex 28.5328 -20.6 1.81187
      vertex 28.5734 -20.6 1.96353
    endloop
  endfacet
  facet normal 0.987651 -0 0.156669
    outer loop
      vertex 31.4672 -20.6 1.81187
      vertex 31.4918 -19.4 1.65679
      vertex 31.4672 -19.4 1.81187
    endloop
  endfacet
  facet normal 0.987651 0 0.156669
    outer loop
      vertex 31.4918 -19.4 1.65679
      vertex 31.4672 -20.6 1.81187
      vertex 31.4918 -20.6 1.65679
    endloop
  endfacet
  facet normal 0.629376 0 -0.777101
    outer loop
      vertex 30.8817 -20.6 0.286475
      vertex 31.0037 -19.4 0.385283
      vertex 31.0037 -20.6 0.385283
    endloop
  endfacet
  facet normal 0.629376 0 -0.777101
    outer loop
      vertex 31.0037 -19.4 0.385283
      vertex 30.8817 -20.6 0.286475
      vertex 30.8817 -19.4 0.286475
    endloop
  endfacet
  facet normal 0.838707 0 -0.544582
    outer loop
      vertex 31.299 -20.6 0.75
      vertex 31.2135 -19.4 0.618322
      vertex 31.299 -19.4 0.75
    endloop
  endfacet
  facet normal 0.838707 0 -0.544582
    outer loop
      vertex 31.2135 -19.4 0.618322
      vertex 31.299 -20.6 0.75
      vertex 31.2135 -20.6 0.618322
    endloop
  endfacet
  facet normal -0.258911 0 -0.965901
    outer loop
      vertex 29.5365 -20.6 0.0734153
      vertex 29.6881 -19.4 0.0327787
      vertex 29.6881 -20.6 0.0327787
    endloop
  endfacet
  facet normal -0.258911 0 -0.965901
    outer loop
      vertex 29.6881 -19.4 0.0327787
      vertex 29.5365 -20.6 0.0734153
      vertex 29.5365 -19.4 0.0734153
    endloop
  endfacet
  facet normal 0.998635 -0 0.0522279
    outer loop
      vertex 31.4918 -20.6 1.65679
      vertex 31.5 -19.4 1.5
      vertex 31.4918 -19.4 1.65679
    endloop
  endfacet
  facet normal 0.998635 0 0.0522279
    outer loop
      vertex 31.5 -19.4 1.5
      vertex 31.4918 -20.6 1.65679
      vertex 31.5 -20.6 1.5
    endloop
  endfacet
  facet normal 0.933501 -0 0.358574
    outer loop
      vertex 31.3703 -20.6 2.1101
      vertex 31.4266 -19.4 1.96353
      vertex 31.3703 -19.4 2.1101
    endloop
  endfacet
  facet normal 0.933501 0 0.358574
    outer loop
      vertex 31.4266 -19.4 1.96353
      vertex 31.3703 -20.6 2.1101
      vertex 31.4266 -20.6 1.96353
    endloop
  endfacet
  facet normal 0.838711 -0 0.544576
    outer loop
      vertex 31.2135 -20.6 2.38168
      vertex 31.299 -19.4 2.25
      vertex 31.2135 -19.4 2.38168
    endloop
  endfacet
  facet normal 0.838711 0 0.544576
    outer loop
      vertex 31.299 -19.4 2.25
      vertex 31.2135 -20.6 2.38168
      vertex 31.299 -20.6 2.25
    endloop
  endfacet
  facet normal -0.544576 0 -0.838711
    outer loop
      vertex 29.1183 -20.6 0.286475
      vertex 29.25 -19.4 0.200962
      vertex 29.25 -20.6 0.200962
    endloop
  endfacet
  facet normal -0.544576 0 -0.838711
    outer loop
      vertex 29.25 -19.4 0.200962
      vertex 29.1183 -20.6 0.286475
      vertex 29.1183 -19.4 0.286475
    endloop
  endfacet
  facet normal 0.965985 -0 0.258598
    outer loop
      vertex 31.4266 -20.6 1.96353
      vertex 31.4672 -19.4 1.81187
      vertex 31.4266 -19.4 1.96353
    endloop
  endfacet
  facet normal 0.965985 0 0.258598
    outer loop
      vertex 31.4672 -19.4 1.81187
      vertex 31.4266 -20.6 1.96353
      vertex 31.4672 -20.6 1.81187
    endloop
  endfacet
  facet normal -0.933506 0 -0.358563
    outer loop
      vertex 28.6297 -20.6 0.889895
      vertex 28.5734 -19.4 1.03647
      vertex 28.6297 -19.4 0.889895
    endloop
  endfacet
  facet normal -0.933506 -0 -0.358563
    outer loop
      vertex 28.5734 -19.4 1.03647
      vertex 28.6297 -20.6 0.889895
      vertex 28.5734 -20.6 1.03647
    endloop
  endfacet
  facet normal -0.629376 0 -0.777101
    outer loop
      vertex 28.9963 -20.6 0.385283
      vertex 29.1183 -19.4 0.286475
      vertex 29.1183 -20.6 0.286475
    endloop
  endfacet
  facet normal -0.629376 0 -0.777101
    outer loop
      vertex 29.1183 -19.4 0.286475
      vertex 28.9963 -20.6 0.385283
      vertex 28.9963 -19.4 0.385283
    endloop
  endfacet
  facet normal -0.838711 0 0.544576
    outer loop
      vertex 28.701 -20.6 2.25
      vertex 28.7865 -19.4 2.38168
      vertex 28.701 -19.4 2.25
    endloop
  endfacet
  facet normal -0.838711 0 0.544576
    outer loop
      vertex 28.7865 -19.4 2.38168
      vertex 28.701 -20.6 2.25
      vertex 28.7865 -20.6 2.38168
    endloop
  endfacet
  facet normal 0 -1 0
    outer loop
      vertex 28.8268 -20.6 2.43144
      vertex 30 -20.6 2.4
      vertex 31.1732 -20.6 2.43144
    endloop
  endfacet
  facet normal 0 -1 0
    outer loop
      vertex 28.8268 -20.6 2.43144
      vertex 29.9059 -20.6 2.39507
      vertex 30 -20.6 2.4
    endloop
  endfacet
  facet normal 0 -1 0
    outer loop
      vertex 29.2719 -20.6 2.02901
      vertex 28.8268 -20.6 2.43144
      vertex 28.7865 -20.6 2.38168
    endloop
  endfacet
  facet normal 0 -1 0
    outer loop
      vertex 28.8268 -20.6 2.43144
      vertex 29.8129 -20.6 2.38033
      vertex 29.9059 -20.6 2.39507
    endloop
  endfacet
  facet normal 0 -1 0
    outer loop
      vertex 28.8268 -20.6 2.43144
      vertex 29.7219 -20.6 2.35595
      vertex 29.8129 -20.6 2.38033
    endloop
  endfacet
  facet normal 0 -1 0
    outer loop
      vertex 28.8268 -20.6 2.43144
      vertex 29.6339 -20.6 2.32219
      vertex 29.7219 -20.6 2.35595
    endloop
  endfacet
  facet normal 0 -1 0
    outer loop
      vertex 28.8268 -20.6 2.43144
      vertex 29.55 -20.6 2.27942
      vertex 29.6339 -20.6 2.32219
    endloop
  endfacet
  facet normal 0 -1 0
    outer loop
      vertex 29.2719 -20.6 2.02901
      vertex 28.7865 -20.6 2.38168
      vertex 28.701 -20.6 2.25
    endloop
  endfacet
  facet normal 0 -1 0
    outer loop
      vertex 28.8268 -20.6 2.43144
      vertex 29.471 -20.6 2.22812
      vertex 29.55 -20.6 2.27942
    endloop
  endfacet
  facet normal 0 -1 0
    outer loop
      vertex 28.8268 -20.6 2.43144
      vertex 29.3978 -20.6 2.16883
      vertex 29.471 -20.6 2.22812
    endloop
  endfacet
  facet normal 0 -1 0
    outer loop
      vertex 29.2206 -20.6 1.95
      vertex 28.701 -20.6 2.25
      vertex 28.6297 -20.6 2.1101
    endloop
  endfacet
  facet normal 0 -1 0
    outer loop
      vertex 28.8268 -20.6 2.43144
      vertex 29.3312 -20.6 2.10222
      vertex 29.3978 -20.6 2.16883
    endloop
  endfacet
  facet normal 0 -1 0
    outer loop
      vertex 28.8268 -20.6 2.43144
      vertex 29.2719 -20.6 2.02901
      vertex 29.3312 -20.6 2.10222
    endloop
  endfacet
  facet normal 0 -1 0
    outer loop
      vertex 29.1778 -20.6 1.86606
      vertex 28.6297 -20.6 2.1101
      vertex 28.5734 -20.6 1.96353
    endloop
  endfacet
  facet normal 0 -1 0
    outer loop
      vertex 28.701 -20.6 2.25
      vertex 29.2206 -20.6 1.95
      vertex 29.2719 -20.6 2.02901
    endloop
  endfacet
  facet normal 0 -1 0
    outer loop
      vertex 28.6297 -20.6 2.1101
      vertex 29.1778 -20.6 1.86606
      vertex 29.2206 -20.6 1.95
    endloop
  endfacet
  facet normal 0 -1 0
    outer loop
      vertex 29.144 -20.6 1.77812
      vertex 28.5734 -20.6 1.96353
      vertex 28.5328 -20.6 1.81187
    endloop
  endfacet
  facet normal 0 -1 0
    outer loop
      vertex 28.5734 -20.6 1.96353
      vertex 29.144 -20.6 1.77812
      vertex 29.1778 -20.6 1.86606
    endloop
  endfacet
  facet normal 0 -1 0
    outer loop
      vertex 28.5328 -20.6 1.81187
      vertex 29.1197 -20.6 1.68712
      vertex 29.144 -20.6 1.77812
    endloop
  endfacet
  facet normal 0 -1 0
    outer loop
      vertex 28.5082 -20.6 1.65679
      vertex 29.1197 -20.6 1.68712
      vertex 28.5328 -20.6 1.81187
    endloop
  endfacet
  facet normal 0 -1 0
    outer loop
      vertex 28.5082 -20.6 1.65679
      vertex 29.1049 -20.6 1.59408
      vertex 29.1197 -20.6 1.68712
    endloop
  endfacet
  facet normal 0 -1 0
    outer loop
      vertex 28.5 -20.6 1.5
      vertex 29.1049 -20.6 1.59408
      vertex 28.5082 -20.6 1.65679
    endloop
  endfacet
  facet normal 0 -1 0
    outer loop
      vertex 28.5 -20.6 1.5
      vertex 29.1 -20.6 1.5
      vertex 29.1049 -20.6 1.59408
    endloop
  endfacet
  facet normal 0 -1 0
    outer loop
      vertex 28.5 -20.6 1.5
      vertex 29.1049 -20.6 1.40592
      vertex 29.1 -20.6 1.5
    endloop
  endfacet
  facet normal 0 -1 0
    outer loop
      vertex 28.5082 -20.6 1.34321
      vertex 29.1049 -20.6 1.40592
      vertex 28.5 -20.6 1.5
    endloop
  endfacet
  facet normal 0 -1 0
    outer loop
      vertex 28.5082 -20.6 1.34321
      vertex 29.1197 -20.6 1.31288
      vertex 29.1049 -20.6 1.40592
    endloop
  endfacet
  facet normal 0 -1 0
    outer loop
      vertex 28.5328 -20.6 1.18813
      vertex 29.1197 -20.6 1.31288
      vertex 28.5082 -20.6 1.34321
    endloop
  endfacet
  facet normal 0 -1 -0
    outer loop
      vertex 29.1197 -20.6 1.31288
      vertex 28.5328 -20.6 1.18813
      vertex 29.144 -20.6 1.22188
    endloop
  endfacet
  facet normal 0 -1 0
    outer loop
      vertex 28.5734 -20.6 1.03647
      vertex 29.144 -20.6 1.22188
      vertex 28.5328 -20.6 1.18813
    endloop
  endfacet
  facet normal 0 -1 -0
    outer loop
      vertex 29.144 -20.6 1.22188
      vertex 28.5734 -20.6 1.03647
      vertex 29.1778 -20.6 1.13394
    endloop
  endfacet
  facet normal 0 -1 0
    outer loop
      vertex 28.6297 -20.6 0.889895
      vertex 29.1778 -20.6 1.13394
      vertex 28.5734 -20.6 1.03647
    endloop
  endfacet
  facet normal 0 -1 -0
    outer loop
      vertex 29.1778 -20.6 1.13394
      vertex 28.6297 -20.6 0.889895
      vertex 29.2206 -20.6 1.05
    endloop
  endfacet
  facet normal 0 -1 0
    outer loop
      vertex 28.701 -20.6 0.75
      vertex 29.2206 -20.6 1.05
      vertex 28.6297 -20.6 0.889895
    endloop
  endfacet
  facet normal 0 -1 -0
    outer loop
      vertex 29.2206 -20.6 1.05
      vertex 28.701 -20.6 0.75
      vertex 29.2719 -20.6 0.970993
    endloop
  endfacet
  facet normal 0 -1 0
    outer loop
      vertex 28.7865 -20.6 0.618322
      vertex 29.2719 -20.6 0.970993
      vertex 28.701 -20.6 0.75
    endloop
  endfacet
  facet normal 0 -1 -0
    outer loop
      vertex 29.2719 -20.6 0.970993
      vertex 28.7865 -20.6 0.618322
      vertex 29.3312 -20.6 0.897783
    endloop
  endfacet
  facet normal 0 -1 0
    outer loop
      vertex 28.8853 -20.6 0.496304
      vertex 29.3312 -20.6 0.897783
      vertex 28.7865 -20.6 0.618322
    endloop
  endfacet
  facet normal 0 -1 -0
    outer loop
      vertex 29.3312 -20.6 0.897783
      vertex 28.8853 -20.6 0.496304
      vertex 29.3978 -20.6 0.83117
    endloop
  endfacet
  facet normal 0 -1 0
    outer loop
      vertex 28.9963 -20.6 0.385283
      vertex 29.3978 -20.6 0.83117
      vertex 28.8853 -20.6 0.496304
    endloop
  endfacet
  facet normal 0 -1 -0
    outer loop
      vertex 29.3978 -20.6 0.83117
      vertex 28.9963 -20.6 0.385283
      vertex 29.471 -20.6 0.771885
    endloop
  endfacet
  facet normal 0 -1 0
    outer loop
      vertex 29.1183 -20.6 0.286475
      vertex 29.471 -20.6 0.771885
      vertex 28.9963 -20.6 0.385283
    endloop
  endfacet
  facet normal 0 -1 -0
    outer loop
      vertex 29.471 -20.6 0.771885
      vertex 29.1183 -20.6 0.286475
      vertex 29.55 -20.6 0.720577
    endloop
  endfacet
  facet normal 0 -1 0
    outer loop
      vertex 29.25 -20.6 0.200962
      vertex 29.55 -20.6 0.720577
      vertex 29.1183 -20.6 0.286475
    endloop
  endfacet
  facet normal 0 -1 -0
    outer loop
      vertex 29.55 -20.6 0.720577
      vertex 29.25 -20.6 0.200962
      vertex 29.6339 -20.6 0.677809
    endloop
  endfacet
  facet normal 0 -1 0
    outer loop
      vertex 29.3899 -20.6 0.129682
      vertex 29.6339 -20.6 0.677809
      vertex 29.25 -20.6 0.200962
    endloop
  endfacet
  facet normal 0 -1 0
    outer loop
      vertex 30.0941 -20.6 2.39507
      vertex 31.1732 -20.6 2.43144
      vertex 30 -20.6 2.4
    endloop
  endfacet
  facet normal 0 -1 0
    outer loop
      vertex 30.1871 -20.6 2.38033
      vertex 31.1732 -20.6 2.43144
      vertex 30.0941 -20.6 2.39507
    endloop
  endfacet
  facet normal 0 -1 0
    outer loop
      vertex 30.2781 -20.6 2.35595
      vertex 31.1732 -20.6 2.43144
      vertex 30.1871 -20.6 2.38033
    endloop
  endfacet
  facet normal 0 -1 0
    outer loop
      vertex 30.3661 -20.6 2.32219
      vertex 31.1732 -20.6 2.43144
      vertex 30.2781 -20.6 2.35595
    endloop
  endfacet
  facet normal 0 -1 0
    outer loop
      vertex 30.45 -20.6 2.27942
      vertex 31.1732 -20.6 2.43144
      vertex 30.3661 -20.6 2.32219
    endloop
  endfacet
  facet normal 0 -1 0
    outer loop
      vertex 30.529 -20.6 2.22812
      vertex 31.1732 -20.6 2.43144
      vertex 30.45 -20.6 2.27942
    endloop
  endfacet
  facet normal 0 -1 0
    outer loop
      vertex 30.6022 -20.6 2.16883
      vertex 31.1732 -20.6 2.43144
      vertex 30.529 -20.6 2.22812
    endloop
  endfacet
  facet normal 0 -1 0
    outer loop
      vertex 30.6688 -20.6 2.10222
      vertex 31.1732 -20.6 2.43144
      vertex 30.6022 -20.6 2.16883
    endloop
  endfacet
  facet normal 0 -1 0
    outer loop
      vertex 30.7281 -20.6 2.02901
      vertex 31.1732 -20.6 2.43144
      vertex 30.6688 -20.6 2.10222
    endloop
  endfacet
  facet normal 0 -1 -0
    outer loop
      vertex 31.1732 -20.6 2.43144
      vertex 30.7281 -20.6 2.02901
      vertex 31.2135 -20.6 2.38168
    endloop
  endfacet
  facet normal 0 -1 -0
    outer loop
      vertex 31.2135 -20.6 2.38168
      vertex 30.7281 -20.6 2.02901
      vertex 31.299 -20.6 2.25
    endloop
  endfacet
  facet normal 0 -1 0
    outer loop
      vertex 30.7794 -20.6 1.95
      vertex 31.299 -20.6 2.25
      vertex 30.7281 -20.6 2.02901
    endloop
  endfacet
  facet normal 0 -1 -0
    outer loop
      vertex 31.299 -20.6 2.25
      vertex 30.7794 -20.6 1.95
      vertex 31.3703 -20.6 2.1101
    endloop
  endfacet
  facet normal 0 -1 0
    outer loop
      vertex 30.8222 -20.6 1.86606
      vertex 31.3703 -20.6 2.1101
      vertex 30.7794 -20.6 1.95
    endloop
  endfacet
  facet normal 0 -1 -0
    outer loop
      vertex 31.3703 -20.6 2.1101
      vertex 30.8222 -20.6 1.86606
      vertex 31.4266 -20.6 1.96353
    endloop
  endfacet
  facet normal 0 -1 0
    outer loop
      vertex 30.856 -20.6 1.77812
      vertex 31.4266 -20.6 1.96353
      vertex 30.8222 -20.6 1.86606
    endloop
  endfacet
  facet normal 0 -1 -0
    outer loop
      vertex 31.4266 -20.6 1.96353
      vertex 30.856 -20.6 1.77812
      vertex 31.4672 -20.6 1.81187
    endloop
  endfacet
  facet normal 0 -1 0
    outer loop
      vertex 30.8803 -20.6 1.68712
      vertex 31.4672 -20.6 1.81187
      vertex 30.856 -20.6 1.77812
    endloop
  endfacet
  facet normal 0 -1 0
    outer loop
      vertex 30.8803 -20.6 1.68712
      vertex 31.4918 -20.6 1.65679
      vertex 31.4672 -20.6 1.81187
    endloop
  endfacet
  facet normal 0 -1 0
    outer loop
      vertex 30.8951 -20.6 1.59408
      vertex 31.4918 -20.6 1.65679
      vertex 30.8803 -20.6 1.68712
    endloop
  endfacet
  facet normal 0 -1 0
    outer loop
      vertex 30.9 -20.6 1.5
      vertex 31.4918 -20.6 1.65679
      vertex 30.8951 -20.6 1.59408
    endloop
  endfacet
  facet normal 0 -1 0
    outer loop
      vertex 30.9 -20.6 1.5
      vertex 31.5 -20.6 1.5
      vertex 31.4918 -20.6 1.65679
    endloop
  endfacet
  facet normal 0 -1 0
    outer loop
      vertex 30.8951 -20.6 1.40592
      vertex 31.5 -20.6 1.5
      vertex 30.9 -20.6 1.5
    endloop
  endfacet
  facet normal 0 -1 0
    outer loop
      vertex 30.8951 -20.6 1.40592
      vertex 31.4918 -20.6 1.34321
      vertex 31.5 -20.6 1.5
    endloop
  endfacet
  facet normal 0 -1 0
    outer loop
      vertex 30.8803 -20.6 1.31288
      vertex 31.4918 -20.6 1.34321
      vertex 30.8951 -20.6 1.40592
    endloop
  endfacet
  facet normal 0 -1 0
    outer loop
      vertex 31.4672 -20.6 1.18813
      vertex 30.8803 -20.6 1.31288
      vertex 30.856 -20.6 1.22188
    endloop
  endfacet
  facet normal 0 -1 0
    outer loop
      vertex 30.8803 -20.6 1.31288
      vertex 31.4672 -20.6 1.18813
      vertex 31.4918 -20.6 1.34321
    endloop
  endfacet
  facet normal 0 -1 0
    outer loop
      vertex 31.4266 -20.6 1.03647
      vertex 30.856 -20.6 1.22188
      vertex 30.8222 -20.6 1.13394
    endloop
  endfacet
  facet normal 0 -1 0
    outer loop
      vertex 31.3703 -20.6 0.889895
      vertex 30.8222 -20.6 1.13394
      vertex 30.7794 -20.6 1.05
    endloop
  endfacet
  facet normal 0 -1 0
    outer loop
      vertex 30.856 -20.6 1.22188
      vertex 31.4266 -20.6 1.03647
      vertex 31.4672 -20.6 1.18813
    endloop
  endfacet
  facet normal 0 -1 0
    outer loop
      vertex 31.299 -20.6 0.75
      vertex 30.7794 -20.6 1.05
      vertex 30.7281 -20.6 0.970993
    endloop
  endfacet
  facet normal 0 -1 0
    outer loop
      vertex 31.2135 -20.6 0.618322
      vertex 30.7281 -20.6 0.970993
      vertex 30.6688 -20.6 0.897783
    endloop
  endfacet
  facet normal 0 -1 0
    outer loop
      vertex 30.8222 -20.6 1.13394
      vertex 31.3703 -20.6 0.889895
      vertex 31.4266 -20.6 1.03647
    endloop
  endfacet
  facet normal 0 -1 0
    outer loop
      vertex 31.1147 -20.6 0.496304
      vertex 30.6688 -20.6 0.897783
      vertex 30.6022 -20.6 0.83117
    endloop
  endfacet
  facet normal 0 -1 0
    outer loop
      vertex 31.0037 -20.6 0.385283
      vertex 30.6022 -20.6 0.83117
      vertex 30.529 -20.6 0.771885
    endloop
  endfacet
  facet normal 0 -1 0
    outer loop
      vertex 30.7794 -20.6 1.05
      vertex 31.299 -20.6 0.75
      vertex 31.3703 -20.6 0.889895
    endloop
  endfacet
  facet normal 0 -1 0
    outer loop
      vertex 30.8817 -20.6 0.286475
      vertex 30.529 -20.6 0.771885
      vertex 30.45 -20.6 0.720577
    endloop
  endfacet
  facet normal 0 -1 0
    outer loop
      vertex 30.75 -20.6 0.200962
      vertex 30.45 -20.6 0.720577
      vertex 30.3661 -20.6 0.677809
    endloop
  endfacet
  facet normal 0 -1 0
    outer loop
      vertex 30.6101 -20.6 0.129682
      vertex 30.3661 -20.6 0.677809
      vertex 30.2781 -20.6 0.644049
    endloop
  endfacet
  facet normal 0 -1 0
    outer loop
      vertex 30.4635 -20.6 0.0734153
      vertex 30.2781 -20.6 0.644049
      vertex 30.1871 -20.6 0.619667
    endloop
  endfacet
  facet normal 0 -1 0
    outer loop
      vertex 30.7281 -20.6 0.970993
      vertex 31.2135 -20.6 0.618322
      vertex 31.299 -20.6 0.75
    endloop
  endfacet
  facet normal 0 -1 0
    outer loop
      vertex 30.3119 -20.6 0.0327787
      vertex 30.1871 -20.6 0.619667
      vertex 30.0941 -20.6 0.60493
    endloop
  endfacet
  facet normal 0 -1 0
    outer loop
      vertex 30.1568 -20.6 0.00821743
      vertex 30.0941 -20.6 0.60493
      vertex 30 -20.6 0.6
    endloop
  endfacet
  facet normal 0 -1 -0
    outer loop
      vertex 29.6339 -20.6 0.677809
      vertex 29.3899 -20.6 0.129682
      vertex 29.7219 -20.6 0.644049
    endloop
  endfacet
  facet normal 0 -1 0
    outer loop
      vertex 30.6688 -20.6 0.897783
      vertex 31.1147 -20.6 0.496304
      vertex 31.2135 -20.6 0.618322
    endloop
  endfacet
  facet normal 0 -1 0
    outer loop
      vertex 29.5365 -20.6 0.0734153
      vertex 29.7219 -20.6 0.644049
      vertex 29.3899 -20.6 0.129682
    endloop
  endfacet
  facet normal 0 -1 0
    outer loop
      vertex 30.6022 -20.6 0.83117
      vertex 31.0037 -20.6 0.385283
      vertex 31.1147 -20.6 0.496304
    endloop
  endfacet
  facet normal 0 -1 -0
    outer loop
      vertex 29.7219 -20.6 0.644049
      vertex 29.5365 -20.6 0.0734153
      vertex 29.8129 -20.6 0.619667
    endloop
  endfacet
  facet normal 0 -1 0
    outer loop
      vertex 30.529 -20.6 0.771885
      vertex 30.8817 -20.6 0.286475
      vertex 31.0037 -20.6 0.385283
    endloop
  endfacet
  facet normal 0 -1 0
    outer loop
      vertex 29.6881 -20.6 0.0327787
      vertex 29.8129 -20.6 0.619667
      vertex 29.5365 -20.6 0.0734153
    endloop
  endfacet
  facet normal 0 -1 0
    outer loop
      vertex 30.45 -20.6 0.720577
      vertex 30.75 -20.6 0.200962
      vertex 30.8817 -20.6 0.286475
    endloop
  endfacet
  facet normal 0 -1 -0
    outer loop
      vertex 29.8129 -20.6 0.619667
      vertex 29.6881 -20.6 0.0327787
      vertex 29.9059 -20.6 0.60493
    endloop
  endfacet
  facet normal 0 -1 0
    outer loop
      vertex 30.3661 -20.6 0.677809
      vertex 30.6101 -20.6 0.129682
      vertex 30.75 -20.6 0.200962
    endloop
  endfacet
  facet normal 0 -1 0
    outer loop
      vertex 29.8432 -20.6 0.00821743
      vertex 29.9059 -20.6 0.60493
      vertex 29.6881 -20.6 0.0327787
    endloop
  endfacet
  facet normal 0 -1 0
    outer loop
      vertex 30.2781 -20.6 0.644049
      vertex 30.4635 -20.6 0.0734153
      vertex 30.6101 -20.6 0.129682
    endloop
  endfacet
  facet normal 0 -1 -0
    outer loop
      vertex 29.9059 -20.6 0.60493
      vertex 29.8432 -20.6 0.00821743
      vertex 30 -20.6 0.6
    endloop
  endfacet
  facet normal 0 -1 0
    outer loop
      vertex 30.1871 -20.6 0.619667
      vertex 30.3119 -20.6 0.0327787
      vertex 30.4635 -20.6 0.0734153
    endloop
  endfacet
  facet normal 0 -1 0
    outer loop
      vertex 30 -20.6 0
      vertex 30 -20.6 0.6
      vertex 29.8432 -20.6 0.00821743
    endloop
  endfacet
  facet normal 0 -1 0
    outer loop
      vertex 30.0941 -20.6 0.60493
      vertex 30.1568 -20.6 0.00821743
      vertex 30.3119 -20.6 0.0327787
    endloop
  endfacet
  facet normal 0 -1 0
    outer loop
      vertex 30 -20.6 0.6
      vertex 30 -20.6 0
      vertex 30.1568 -20.6 0.00821743
    endloop
  endfacet
  facet normal -0.838707 0 -0.544582
    outer loop
      vertex 28.7865 -20.6 0.618322
      vertex 28.701 -19.4 0.75
      vertex 28.7865 -19.4 0.618322
    endloop
  endfacet
  facet normal -0.838707 -0 -0.544582
    outer loop
      vertex 28.701 -19.4 0.75
      vertex 28.7865 -20.6 0.618322
      vertex 28.701 -20.6 0.75
    endloop
  endfacet
  facet normal 0.453977 0 -0.891013
    outer loop
      vertex 30.6101 -20.6 0.129682
      vertex 30.75 -19.4 0.200962
      vertex 30.75 -20.6 0.200962
    endloop
  endfacet
  facet normal 0.453977 0 -0.891013
    outer loop
      vertex 30.75 -19.4 0.200962
      vertex 30.6101 -20.6 0.129682
      vertex 30.6101 -19.4 0.129682
    endloop
  endfacet
  facet normal 0.890962 -0 0.454078
    outer loop
      vertex 31.299 -20.6 2.25
      vertex 31.3703 -19.4 2.1101
      vertex 31.299 -19.4 2.25
    endloop
  endfacet
  facet normal 0.890962 0 0.454078
    outer loop
      vertex 31.3703 -19.4 2.1101
      vertex 31.299 -20.6 2.25
      vertex 31.3703 -20.6 2.1101
    endloop
  endfacet
  facet normal 0.258911 0 -0.965901
    outer loop
      vertex 30.3119 -20.6 0.0327787
      vertex 30.4635 -19.4 0.0734153
      vertex 30.4635 -20.6 0.0734153
    endloop
  endfacet
  facet normal 0.258911 0 -0.965901
    outer loop
      vertex 30.4635 -19.4 0.0734153
      vertex 30.3119 -20.6 0.0327787
      vertex 30.3119 -19.4 0.0327787
    endloop
  endfacet
  facet normal 0.777107 4.81007e-05 0.629369
    outer loop
      vertex 31.1987 -20 2.4
      vertex 31.2135 -19.4 2.38168
      vertex 31.1732 -19.4 2.43144
    endloop
  endfacet
  facet normal 0.777877 0 0.628416
    outer loop
      vertex 31.1987 -20 2.4
      vertex 31.2135 -20.6 2.38168
      vertex 31.2135 -19.4 2.38168
    endloop
  endfacet
  facet normal 0.777107 -4.81007e-05 0.629369
    outer loop
      vertex 31.2135 -20.6 2.38168
      vertex 31.1987 -20 2.4
      vertex 31.1732 -20.6 2.43144
    endloop
  endfacet
  facet normal 0.777172 0 -0.629289
    outer loop
      vertex 31.2135 -20.6 0.618322
      vertex 31.1147 -19.4 0.496304
      vertex 31.2135 -19.4 0.618322
    endloop
  endfacet
  facet normal 0.777172 0 -0.629289
    outer loop
      vertex 31.1147 -19.4 0.496304
      vertex 31.2135 -20.6 0.618322
      vertex 31.1147 -20.6 0.496304
    endloop
  endfacet
  facet normal 0.544576 0 -0.838711
    outer loop
      vertex 30.75 -20.6 0.200962
      vertex 30.8817 -19.4 0.286475
      vertex 30.8817 -20.6 0.286475
    endloop
  endfacet
  facet normal 0.544576 0 -0.838711
    outer loop
      vertex 30.8817 -19.4 0.286475
      vertex 30.75 -20.6 0.200962
      vertex 30.75 -19.4 0.200962
    endloop
  endfacet
  facet normal -0.156409 0 -0.987692
    outer loop
      vertex 29.6881 -20.6 0.0327787
      vertex 29.8432 -19.4 0.00821743
      vertex 29.8432 -20.6 0.00821743
    endloop
  endfacet
  facet normal -0.156409 0 -0.987692
    outer loop
      vertex 29.8432 -19.4 0.00821743
      vertex 29.6881 -20.6 0.0327787
      vertex 29.6881 -19.4 0.0327787
    endloop
  endfacet
  facet normal 0.933506 0 -0.358563
    outer loop
      vertex 31.4266 -20.6 1.03647
      vertex 31.3703 -19.4 0.889895
      vertex 31.4266 -19.4 1.03647
    endloop
  endfacet
  facet normal 0.933506 0 -0.358563
    outer loop
      vertex 31.3703 -19.4 0.889895
      vertex 31.4266 -20.6 1.03647
      vertex 31.3703 -20.6 0.889895
    endloop
  endfacet
  facet normal 0.0523353 0 -0.99863
    outer loop
      vertex 30 -20.6 0
      vertex 30.1568 -19.4 0.00821743
      vertex 30.1568 -20.6 0.00821743
    endloop
  endfacet
  facet normal 0.0523353 0 -0.99863
    outer loop
      vertex 30.1568 -19.4 0.00821743
      vertex 30 -20.6 0
      vertex 30 -19.4 0
    endloop
  endfacet
  facet normal -0.987651 0 -0.156669
    outer loop
      vertex 28.5328 -20.6 1.18813
      vertex 28.5082 -19.4 1.34321
      vertex 28.5328 -19.4 1.18813
    endloop
  endfacet
  facet normal -0.987651 -0 -0.156669
    outer loop
      vertex 28.5082 -19.4 1.34321
      vertex 28.5328 -20.6 1.18813
      vertex 28.5082 -20.6 1.34321
    endloop
  endfacet
  facet normal 0.890955 0 -0.454091
    outer loop
      vertex 31.3703 -20.6 0.889895
      vertex 31.299 -19.4 0.75
      vertex 31.3703 -19.4 0.889895
    endloop
  endfacet
  facet normal 0.890955 0 -0.454091
    outer loop
      vertex 31.299 -19.4 0.75
      vertex 31.3703 -20.6 0.889895
      vertex 31.299 -20.6 0.75
    endloop
  endfacet
  facet normal -0.453977 0 -0.891013
    outer loop
      vertex 29.25 -20.6 0.200962
      vertex 29.3899 -19.4 0.129682
      vertex 29.3899 -20.6 0.129682
    endloop
  endfacet
  facet normal -0.453977 0 -0.891013
    outer loop
      vertex 29.3899 -19.4 0.129682
      vertex 29.25 -20.6 0.200962
      vertex 29.25 -19.4 0.200962
    endloop
  endfacet
  facet normal -0.777172 0 -0.629289
    outer loop
      vertex 28.8853 -20.6 0.496304
      vertex 28.7865 -19.4 0.618322
      vertex 28.8853 -19.4 0.496304
    endloop
  endfacet
  facet normal -0.777172 -0 -0.629289
    outer loop
      vertex 28.7865 -19.4 0.618322
      vertex 28.8853 -20.6 0.496304
      vertex 28.7865 -20.6 0.618322
    endloop
  endfacet
  facet normal -0.933501 0 0.358574
    outer loop
      vertex 28.5734 -20.6 1.96353
      vertex 28.6297 -19.4 2.1101
      vertex 28.5734 -19.4 1.96353
    endloop
  endfacet
  facet normal -0.933501 0 0.358574
    outer loop
      vertex 28.6297 -19.4 2.1101
      vertex 28.5734 -20.6 1.96353
      vertex 28.6297 -20.6 2.1101
    endloop
  endfacet
  facet normal -0.965985 0 -0.258598
    outer loop
      vertex 28.5734 -20.6 1.03647
      vertex 28.5328 -19.4 1.18813
      vertex 28.5734 -19.4 1.03647
    endloop
  endfacet
  facet normal -0.965985 -0 -0.258598
    outer loop
      vertex 28.5328 -19.4 1.18813
      vertex 28.5734 -20.6 1.03647
      vertex 28.5328 -20.6 1.18813
    endloop
  endfacet
  facet normal -0.890962 0 0.454078
    outer loop
      vertex 28.6297 -20.6 2.1101
      vertex 28.701 -19.4 2.25
      vertex 28.6297 -19.4 2.1101
    endloop
  endfacet
  facet normal -0.890962 0 0.454078
    outer loop
      vertex 28.701 -19.4 2.25
      vertex 28.6297 -20.6 2.1101
      vertex 28.701 -20.6 2.25
    endloop
  endfacet
  facet normal -0.998635 0 0.0522279
    outer loop
      vertex 28.5 -20.6 1.5
      vertex 28.5082 -19.4 1.65679
      vertex 28.5 -19.4 1.5
    endloop
  endfacet
  facet normal -0.998635 0 0.0522279
    outer loop
      vertex 28.5082 -19.4 1.65679
      vertex 28.5 -20.6 1.5
      vertex 28.5082 -20.6 1.65679
    endloop
  endfacet
  facet normal -0.358325 0 -0.933597
    outer loop
      vertex 29.3899 -20.6 0.129682
      vertex 29.5365 -19.4 0.0734153
      vertex 29.5365 -20.6 0.0734153
    endloop
  endfacet
  facet normal -0.358325 0 -0.933597
    outer loop
      vertex 29.5365 -19.4 0.0734153
      vertex 29.3899 -20.6 0.129682
      vertex 29.3899 -19.4 0.129682
    endloop
  endfacet
  facet normal -0.777107 4.81007e-05 0.629369
    outer loop
      vertex 28.7865 -19.4 2.38168
      vertex 28.8013 -20 2.4
      vertex 28.8268 -19.4 2.43144
    endloop
  endfacet
  facet normal -0.777877 0 0.628416
    outer loop
      vertex 28.7865 -20.6 2.38168
      vertex 28.8013 -20 2.4
      vertex 28.7865 -19.4 2.38168
    endloop
  endfacet
  facet normal -0.777107 -4.81007e-05 0.629369
    outer loop
      vertex 28.8013 -20 2.4
      vertex 28.7865 -20.6 2.38168
      vertex 28.8268 -20.6 2.43144
    endloop
  endfacet
  facet normal 0 1 0
    outer loop
      vertex 31.1732 -19.4 2.43144
      vertex 30 -19.4 2.4
      vertex 28.8268 -19.4 2.43144
    endloop
  endfacet
  facet normal 0 1 0
    outer loop
      vertex 31.1732 -19.4 2.43144
      vertex 30.0941 -19.4 2.39507
      vertex 30 -19.4 2.4
    endloop
  endfacet
  facet normal 0 1 0
    outer loop
      vertex 30.7281 -19.4 2.02901
      vertex 31.1732 -19.4 2.43144
      vertex 31.2135 -19.4 2.38168
    endloop
  endfacet
  facet normal 0 1 0
    outer loop
      vertex 31.1732 -19.4 2.43144
      vertex 30.1871 -19.4 2.38033
      vertex 30.0941 -19.4 2.39507
    endloop
  endfacet
  facet normal 0 1 0
    outer loop
      vertex 31.1732 -19.4 2.43144
      vertex 30.2781 -19.4 2.35595
      vertex 30.1871 -19.4 2.38033
    endloop
  endfacet
  facet normal 0 1 0
    outer loop
      vertex 31.1732 -19.4 2.43144
      vertex 30.3661 -19.4 2.32219
      vertex 30.2781 -19.4 2.35595
    endloop
  endfacet
  facet normal 0 1 0
    outer loop
      vertex 31.1732 -19.4 2.43144
      vertex 30.45 -19.4 2.27942
      vertex 30.3661 -19.4 2.32219
    endloop
  endfacet
  facet normal 0 1 0
    outer loop
      vertex 30.7281 -19.4 2.02901
      vertex 31.2135 -19.4 2.38168
      vertex 31.299 -19.4 2.25
    endloop
  endfacet
  facet normal 0 1 0
    outer loop
      vertex 31.1732 -19.4 2.43144
      vertex 30.529 -19.4 2.22812
      vertex 30.45 -19.4 2.27942
    endloop
  endfacet
  facet normal 0 1 0
    outer loop
      vertex 31.1732 -19.4 2.43144
      vertex 30.6022 -19.4 2.16883
      vertex 30.529 -19.4 2.22812
    endloop
  endfacet
  facet normal 0 1 0
    outer loop
      vertex 30.7794 -19.4 1.95
      vertex 31.299 -19.4 2.25
      vertex 31.3703 -19.4 2.1101
    endloop
  endfacet
  facet normal 0 1 0
    outer loop
      vertex 31.1732 -19.4 2.43144
      vertex 30.6688 -19.4 2.10222
      vertex 30.6022 -19.4 2.16883
    endloop
  endfacet
  facet normal 0 1 0
    outer loop
      vertex 31.1732 -19.4 2.43144
      vertex 30.7281 -19.4 2.02901
      vertex 30.6688 -19.4 2.10222
    endloop
  endfacet
  facet normal 0 1 0
    outer loop
      vertex 30.8222 -19.4 1.86606
      vertex 31.3703 -19.4 2.1101
      vertex 31.4266 -19.4 1.96353
    endloop
  endfacet
  facet normal 0 1 0
    outer loop
      vertex 31.299 -19.4 2.25
      vertex 30.7794 -19.4 1.95
      vertex 30.7281 -19.4 2.02901
    endloop
  endfacet
  facet normal 0 1 0
    outer loop
      vertex 31.3703 -19.4 2.1101
      vertex 30.8222 -19.4 1.86606
      vertex 30.7794 -19.4 1.95
    endloop
  endfacet
  facet normal 0 1 0
    outer loop
      vertex 30.856 -19.4 1.77812
      vertex 31.4266 -19.4 1.96353
      vertex 31.4672 -19.4 1.81187
    endloop
  endfacet
  facet normal 0 1 0
    outer loop
      vertex 31.4266 -19.4 1.96353
      vertex 30.856 -19.4 1.77812
      vertex 30.8222 -19.4 1.86606
    endloop
  endfacet
  facet normal 0 1 0
    outer loop
      vertex 31.4672 -19.4 1.81187
      vertex 30.8803 -19.4 1.68712
      vertex 30.856 -19.4 1.77812
    endloop
  endfacet
  facet normal 0 1 0
    outer loop
      vertex 31.4918 -19.4 1.65679
      vertex 30.8803 -19.4 1.68712
      vertex 31.4672 -19.4 1.81187
    endloop
  endfacet
  facet normal 0 1 0
    outer loop
      vertex 31.4918 -19.4 1.65679
      vertex 30.8951 -19.4 1.59408
      vertex 30.8803 -19.4 1.68712
    endloop
  endfacet
  facet normal 0 1 0
    outer loop
      vertex 31.5 -19.4 1.5
      vertex 30.8951 -19.4 1.59408
      vertex 31.4918 -19.4 1.65679
    endloop
  endfacet
  facet normal 0 1 0
    outer loop
      vertex 31.5 -19.4 1.5
      vertex 30.9 -19.4 1.5
      vertex 30.8951 -19.4 1.59408
    endloop
  endfacet
  facet normal 0 1 0
    outer loop
      vertex 31.5 -19.4 1.5
      vertex 30.8951 -19.4 1.40592
      vertex 30.9 -19.4 1.5
    endloop
  endfacet
  facet normal 0 1 -0
    outer loop
      vertex 31.4918 -19.4 1.34321
      vertex 30.8951 -19.4 1.40592
      vertex 31.5 -19.4 1.5
    endloop
  endfacet
  facet normal 0 1 0
    outer loop
      vertex 31.4918 -19.4 1.34321
      vertex 30.8803 -19.4 1.31288
      vertex 30.8951 -19.4 1.40592
    endloop
  endfacet
  facet normal 0 1 -0
    outer loop
      vertex 31.4672 -19.4 1.18813
      vertex 30.8803 -19.4 1.31288
      vertex 31.4918 -19.4 1.34321
    endloop
  endfacet
  facet normal 0 1 0
    outer loop
      vertex 30.8803 -19.4 1.31288
      vertex 31.4672 -19.4 1.18813
      vertex 30.856 -19.4 1.22188
    endloop
  endfacet
  facet normal 0 1 -0
    outer loop
      vertex 31.4266 -19.4 1.03647
      vertex 30.856 -19.4 1.22188
      vertex 31.4672 -19.4 1.18813
    endloop
  endfacet
  facet normal 0 1 0
    outer loop
      vertex 30.856 -19.4 1.22188
      vertex 31.4266 -19.4 1.03647
      vertex 30.8222 -19.4 1.13394
    endloop
  endfacet
  facet normal 0 1 -0
    outer loop
      vertex 31.3703 -19.4 0.889895
      vertex 30.8222 -19.4 1.13394
      vertex 31.4266 -19.4 1.03647
    endloop
  endfacet
  facet normal 0 1 0
    outer loop
      vertex 30.8222 -19.4 1.13394
      vertex 31.3703 -19.4 0.889895
      vertex 30.7794 -19.4 1.05
    endloop
  endfacet
  facet normal 0 1 -0
    outer loop
      vertex 31.299 -19.4 0.75
      vertex 30.7794 -19.4 1.05
      vertex 31.3703 -19.4 0.889895
    endloop
  endfacet
  facet normal 0 1 0
    outer loop
      vertex 30.7794 -19.4 1.05
      vertex 31.299 -19.4 0.75
      vertex 30.7281 -19.4 0.970993
    endloop
  endfacet
  facet normal 0 1 -0
    outer loop
      vertex 31.2135 -19.4 0.618322
      vertex 30.7281 -19.4 0.970993
      vertex 31.299 -19.4 0.75
    endloop
  endfacet
  facet normal 0 1 0
    outer loop
      vertex 30.7281 -19.4 0.970993
      vertex 31.2135 -19.4 0.618322
      vertex 30.6688 -19.4 0.897783
    endloop
  endfacet
  facet normal 0 1 -0
    outer loop
      vertex 31.1147 -19.4 0.496304
      vertex 30.6688 -19.4 0.897783
      vertex 31.2135 -19.4 0.618322
    endloop
  endfacet
  facet normal 0 1 0
    outer loop
      vertex 30.6688 -19.4 0.897783
      vertex 31.1147 -19.4 0.496304
      vertex 30.6022 -19.4 0.83117
    endloop
  endfacet
  facet normal 0 1 -0
    outer loop
      vertex 31.0037 -19.4 0.385283
      vertex 30.6022 -19.4 0.83117
      vertex 31.1147 -19.4 0.496304
    endloop
  endfacet
  facet normal 0 1 0
    outer loop
      vertex 30.6022 -19.4 0.83117
      vertex 31.0037 -19.4 0.385283
      vertex 30.529 -19.4 0.771885
    endloop
  endfacet
  facet normal 0 1 -0
    outer loop
      vertex 30.8817 -19.4 0.286475
      vertex 30.529 -19.4 0.771885
      vertex 31.0037 -19.4 0.385283
    endloop
  endfacet
  facet normal 0 1 0
    outer loop
      vertex 30.529 -19.4 0.771885
      vertex 30.8817 -19.4 0.286475
      vertex 30.45 -19.4 0.720577
    endloop
  endfacet
  facet normal 0 1 -0
    outer loop
      vertex 30.75 -19.4 0.200962
      vertex 30.45 -19.4 0.720577
      vertex 30.8817 -19.4 0.286475
    endloop
  endfacet
  facet normal 0 1 0
    outer loop
      vertex 30.45 -19.4 0.720577
      vertex 30.75 -19.4 0.200962
      vertex 30.3661 -19.4 0.677809
    endloop
  endfacet
  facet normal 0 1 -0
    outer loop
      vertex 30.6101 -19.4 0.129682
      vertex 30.3661 -19.4 0.677809
      vertex 30.75 -19.4 0.200962
    endloop
  endfacet
  facet normal 0 1 -0
    outer loop
      vertex 29.9059 -19.4 2.39507
      vertex 28.8268 -19.4 2.43144
      vertex 30 -19.4 2.4
    endloop
  endfacet
  facet normal 0 1 -0
    outer loop
      vertex 29.8129 -19.4 2.38033
      vertex 28.8268 -19.4 2.43144
      vertex 29.9059 -19.4 2.39507
    endloop
  endfacet
  facet normal 0 1 -0
    outer loop
      vertex 29.7219 -19.4 2.35595
      vertex 28.8268 -19.4 2.43144
      vertex 29.8129 -19.4 2.38033
    endloop
  endfacet
  facet normal 0 1 -0
    outer loop
      vertex 29.6339 -19.4 2.32219
      vertex 28.8268 -19.4 2.43144
      vertex 29.7219 -19.4 2.35595
    endloop
  endfacet
  facet normal 0 1 -0
    outer loop
      vertex 29.55 -19.4 2.27942
      vertex 28.8268 -19.4 2.43144
      vertex 29.6339 -19.4 2.32219
    endloop
  endfacet
  facet normal 0 1 -0
    outer loop
      vertex 29.471 -19.4 2.22812
      vertex 28.8268 -19.4 2.43144
      vertex 29.55 -19.4 2.27942
    endloop
  endfacet
  facet normal 0 1 -0
    outer loop
      vertex 29.3978 -19.4 2.16883
      vertex 28.8268 -19.4 2.43144
      vertex 29.471 -19.4 2.22812
    endloop
  endfacet
  facet normal 0 1 -0
    outer loop
      vertex 29.3312 -19.4 2.10222
      vertex 28.8268 -19.4 2.43144
      vertex 29.3978 -19.4 2.16883
    endloop
  endfacet
  facet normal 0 1 -0
    outer loop
      vertex 29.2719 -19.4 2.02901
      vertex 28.8268 -19.4 2.43144
      vertex 29.3312 -19.4 2.10222
    endloop
  endfacet
  facet normal 0 1 0
    outer loop
      vertex 28.8268 -19.4 2.43144
      vertex 29.2719 -19.4 2.02901
      vertex 28.7865 -19.4 2.38168
    endloop
  endfacet
  facet normal 0 1 0
    outer loop
      vertex 28.7865 -19.4 2.38168
      vertex 29.2719 -19.4 2.02901
      vertex 28.701 -19.4 2.25
    endloop
  endfacet
  facet normal 0 1 -0
    outer loop
      vertex 29.2206 -19.4 1.95
      vertex 28.701 -19.4 2.25
      vertex 29.2719 -19.4 2.02901
    endloop
  endfacet
  facet normal 0 1 0
    outer loop
      vertex 28.701 -19.4 2.25
      vertex 29.2206 -19.4 1.95
      vertex 28.6297 -19.4 2.1101
    endloop
  endfacet
  facet normal 0 1 -0
    outer loop
      vertex 29.1778 -19.4 1.86606
      vertex 28.6297 -19.4 2.1101
      vertex 29.2206 -19.4 1.95
    endloop
  endfacet
  facet normal 0 1 0
    outer loop
      vertex 28.6297 -19.4 2.1101
      vertex 29.1778 -19.4 1.86606
      vertex 28.5734 -19.4 1.96353
    endloop
  endfacet
  facet normal 0 1 -0
    outer loop
      vertex 29.144 -19.4 1.77812
      vertex 28.5734 -19.4 1.96353
      vertex 29.1778 -19.4 1.86606
    endloop
  endfacet
  facet normal 0 1 0
    outer loop
      vertex 28.5734 -19.4 1.96353
      vertex 29.144 -19.4 1.77812
      vertex 28.5328 -19.4 1.81187
    endloop
  endfacet
  facet normal 0 1 -0
    outer loop
      vertex 29.1197 -19.4 1.68712
      vertex 28.5328 -19.4 1.81187
      vertex 29.144 -19.4 1.77812
    endloop
  endfacet
  facet normal 0 1 0
    outer loop
      vertex 29.1197 -19.4 1.68712
      vertex 28.5082 -19.4 1.65679
      vertex 28.5328 -19.4 1.81187
    endloop
  endfacet
  facet normal 0 1 -0
    outer loop
      vertex 29.1049 -19.4 1.59408
      vertex 28.5082 -19.4 1.65679
      vertex 29.1197 -19.4 1.68712
    endloop
  endfacet
  facet normal 0 1 -0
    outer loop
      vertex 29.1 -19.4 1.5
      vertex 28.5082 -19.4 1.65679
      vertex 29.1049 -19.4 1.59408
    endloop
  endfacet
  facet normal 0 1 0
    outer loop
      vertex 29.1 -19.4 1.5
      vertex 28.5 -19.4 1.5
      vertex 28.5082 -19.4 1.65679
    endloop
  endfacet
  facet normal 0 1 0
    outer loop
      vertex 29.1049 -19.4 1.40592
      vertex 28.5 -19.4 1.5
      vertex 29.1 -19.4 1.5
    endloop
  endfacet
  facet normal 0 1 0
    outer loop
      vertex 29.1049 -19.4 1.40592
      vertex 28.5082 -19.4 1.34321
      vertex 28.5 -19.4 1.5
    endloop
  endfacet
  facet normal 0 1 0
    outer loop
      vertex 29.1197 -19.4 1.31288
      vertex 28.5082 -19.4 1.34321
      vertex 29.1049 -19.4 1.40592
    endloop
  endfacet
  facet normal 0 1 0
    outer loop
      vertex 28.5328 -19.4 1.18813
      vertex 29.1197 -19.4 1.31288
      vertex 29.144 -19.4 1.22188
    endloop
  endfacet
  facet normal 0 1 0
    outer loop
      vertex 29.1197 -19.4 1.31288
      vertex 28.5328 -19.4 1.18813
      vertex 28.5082 -19.4 1.34321
    endloop
  endfacet
  facet normal 0 1 0
    outer loop
      vertex 28.5734 -19.4 1.03647
      vertex 29.144 -19.4 1.22188
      vertex 29.1778 -19.4 1.13394
    endloop
  endfacet
  facet normal 0 1 0
    outer loop
      vertex 28.6297 -19.4 0.889895
      vertex 29.1778 -19.4 1.13394
      vertex 29.2206 -19.4 1.05
    endloop
  endfacet
  facet normal 0 1 0
    outer loop
      vertex 29.144 -19.4 1.22188
      vertex 28.5734 -19.4 1.03647
      vertex 28.5328 -19.4 1.18813
    endloop
  endfacet
  facet normal 0 1 0
    outer loop
      vertex 28.701 -19.4 0.75
      vertex 29.2206 -19.4 1.05
      vertex 29.2719 -19.4 0.970993
    endloop
  endfacet
  facet normal 0 1 0
    outer loop
      vertex 28.7865 -19.4 0.618322
      vertex 29.2719 -19.4 0.970993
      vertex 29.3312 -19.4 0.897783
    endloop
  endfacet
  facet normal 0 1 0
    outer loop
      vertex 29.1778 -19.4 1.13394
      vertex 28.6297 -19.4 0.889895
      vertex 28.5734 -19.4 1.03647
    endloop
  endfacet
  facet normal 0 1 0
    outer loop
      vertex 28.8853 -19.4 0.496304
      vertex 29.3312 -19.4 0.897783
      vertex 29.3978 -19.4 0.83117
    endloop
  endfacet
  facet normal 0 1 0
    outer loop
      vertex 28.9963 -19.4 0.385283
      vertex 29.3978 -19.4 0.83117
      vertex 29.471 -19.4 0.771885
    endloop
  endfacet
  facet normal 0 1 0
    outer loop
      vertex 29.2206 -19.4 1.05
      vertex 28.701 -19.4 0.75
      vertex 28.6297 -19.4 0.889895
    endloop
  endfacet
  facet normal 0 1 0
    outer loop
      vertex 29.1183 -19.4 0.286475
      vertex 29.471 -19.4 0.771885
      vertex 29.55 -19.4 0.720577
    endloop
  endfacet
  facet normal 0 1 0
    outer loop
      vertex 29.25 -19.4 0.200962
      vertex 29.55 -19.4 0.720577
      vertex 29.6339 -19.4 0.677809
    endloop
  endfacet
  facet normal 0 1 0
    outer loop
      vertex 29.3899 -19.4 0.129682
      vertex 29.6339 -19.4 0.677809
      vertex 29.7219 -19.4 0.644049
    endloop
  endfacet
  facet normal 0 1 0
    outer loop
      vertex 29.5365 -19.4 0.0734153
      vertex 29.7219 -19.4 0.644049
      vertex 29.8129 -19.4 0.619667
    endloop
  endfacet
  facet normal 0 1 0
    outer loop
      vertex 29.2719 -19.4 0.970993
      vertex 28.7865 -19.4 0.618322
      vertex 28.701 -19.4 0.75
    endloop
  endfacet
  facet normal 0 1 0
    outer loop
      vertex 29.6881 -19.4 0.0327787
      vertex 29.8129 -19.4 0.619667
      vertex 29.9059 -19.4 0.60493
    endloop
  endfacet
  facet normal 0 1 0
    outer loop
      vertex 29.8432 -19.4 0.00821743
      vertex 29.9059 -19.4 0.60493
      vertex 30 -19.4 0.6
    endloop
  endfacet
  facet normal 0 1 0
    outer loop
      vertex 30.3661 -19.4 0.677809
      vertex 30.6101 -19.4 0.129682
      vertex 30.2781 -19.4 0.644049
    endloop
  endfacet
  facet normal 0 1 0
    outer loop
      vertex 29.3312 -19.4 0.897783
      vertex 28.8853 -19.4 0.496304
      vertex 28.7865 -19.4 0.618322
    endloop
  endfacet
  facet normal 0 1 -0
    outer loop
      vertex 30.4635 -19.4 0.0734153
      vertex 30.2781 -19.4 0.644049
      vertex 30.6101 -19.4 0.129682
    endloop
  endfacet
  facet normal 0 1 0
    outer loop
      vertex 29.3978 -19.4 0.83117
      vertex 28.9963 -19.4 0.385283
      vertex 28.8853 -19.4 0.496304
    endloop
  endfacet
  facet normal 0 1 0
    outer loop
      vertex 30.2781 -19.4 0.644049
      vertex 30.4635 -19.4 0.0734153
      vertex 30.1871 -19.4 0.619667
    endloop
  endfacet
  facet normal 0 1 0
    outer loop
      vertex 29.471 -19.4 0.771885
      vertex 29.1183 -19.4 0.286475
      vertex 28.9963 -19.4 0.385283
    endloop
  endfacet
  facet normal 0 1 -0
    outer loop
      vertex 30.3119 -19.4 0.0327787
      vertex 30.1871 -19.4 0.619667
      vertex 30.4635 -19.4 0.0734153
    endloop
  endfacet
  facet normal 0 1 0
    outer loop
      vertex 29.55 -19.4 0.720577
      vertex 29.25 -19.4 0.200962
      vertex 29.1183 -19.4 0.286475
    endloop
  endfacet
  facet normal 0 1 0
    outer loop
      vertex 30.1871 -19.4 0.619667
      vertex 30.3119 -19.4 0.0327787
      vertex 30.0941 -19.4 0.60493
    endloop
  endfacet
  facet normal 0 1 0
    outer loop
      vertex 29.6339 -19.4 0.677809
      vertex 29.3899 -19.4 0.129682
      vertex 29.25 -19.4 0.200962
    endloop
  endfacet
  facet normal 0 1 -0
    outer loop
      vertex 30.1568 -19.4 0.00821743
      vertex 30.0941 -19.4 0.60493
      vertex 30.3119 -19.4 0.0327787
    endloop
  endfacet
  facet normal 0 1 0
    outer loop
      vertex 29.7219 -19.4 0.644049
      vertex 29.5365 -19.4 0.0734153
      vertex 29.3899 -19.4 0.129682
    endloop
  endfacet
  facet normal 0 1 0
    outer loop
      vertex 30.0941 -19.4 0.60493
      vertex 30.1568 -19.4 0.00821743
      vertex 30 -19.4 0.6
    endloop
  endfacet
  facet normal 0 1 0
    outer loop
      vertex 29.8129 -19.4 0.619667
      vertex 29.6881 -19.4 0.0327787
      vertex 29.5365 -19.4 0.0734153
    endloop
  endfacet
  facet normal 0 1 0
    outer loop
      vertex 30 -19.4 0
      vertex 30 -19.4 0.6
      vertex 30.1568 -19.4 0.00821743
    endloop
  endfacet
  facet normal 0 1 0
    outer loop
      vertex 29.9059 -19.4 0.60493
      vertex 29.8432 -19.4 0.00821743
      vertex 29.6881 -19.4 0.0327787
    endloop
  endfacet
  facet normal 0 1 0
    outer loop
      vertex 30 -19.4 0.6
      vertex 30 -19.4 0
      vertex 29.8432 -19.4 0.00821743
    endloop
  endfacet
  facet normal -0.998635 0 -0.0522279
    outer loop
      vertex 28.5082 -20.6 1.34321
      vertex 28.5 -19.4 1.5
      vertex 28.5082 -19.4 1.34321
    endloop
  endfacet
  facet normal -0.998635 -0 -0.0522279
    outer loop
      vertex 28.5 -19.4 1.5
      vertex 28.5082 -20.6 1.34321
      vertex 28.5 -20.6 1.5
    endloop
  endfacet
  facet normal -0.987583 0 -0.157096
    outer loop
      vertex 30.8951 -20.6 1.59408
      vertex 30.8803 -19.4 1.68712
      vertex 30.8951 -19.4 1.59408
    endloop
  endfacet
  facet normal -0.987583 -0 -0.157096
    outer loop
      vertex 30.8803 -19.4 1.68712
      vertex 30.8951 -20.6 1.59408
      vertex 30.8803 -20.6 1.68712
    endloop
  endfacet
  facet normal -0.987583 0 0.157096
    outer loop
      vertex 30.8803 -20.6 1.31288
      vertex 30.8951 -19.4 1.40592
      vertex 30.8803 -19.4 1.31288
    endloop
  endfacet
  facet normal -0.987583 0 0.157096
    outer loop
      vertex 30.8951 -19.4 1.40592
      vertex 30.8803 -20.6 1.31288
      vertex 30.8951 -20.6 1.40592
    endloop
  endfacet
  facet normal -0.998646 0 0.0520128
    outer loop
      vertex 30.8951 -20.6 1.40592
      vertex 30.9 -19.4 1.5
      vertex 30.8951 -19.4 1.40592
    endloop
  endfacet
  facet normal -0.998646 0 0.0520128
    outer loop
      vertex 30.9 -19.4 1.5
      vertex 30.8951 -20.6 1.40592
      vertex 30.9 -20.6 1.5
    endloop
  endfacet
  facet normal -0.966147 0 0.257993
    outer loop
      vertex 30.856 -20.6 1.22188
      vertex 30.8803 -19.4 1.31288
      vertex 30.856 -19.4 1.22188
    endloop
  endfacet
  facet normal -0.966147 0 0.257993
    outer loop
      vertex 30.8803 -19.4 1.31288
      vertex 30.856 -20.6 1.22188
      vertex 30.8803 -20.6 1.31288
    endloop
  endfacet
  facet normal -0.838708 0 0.544581
    outer loop
      vertex 30.7281 -20.6 0.970993
      vertex 30.7794 -19.4 1.05
      vertex 30.7281 -19.4 0.970993
    endloop
  endfacet
  facet normal -0.838708 0 0.544581
    outer loop
      vertex 30.7794 -19.4 1.05
      vertex 30.7281 -20.6 0.970993
      vertex 30.7794 -20.6 1.05
    endloop
  endfacet
  facet normal 0.0523193 0 0.99863
    outer loop
      vertex 29.9059 -19.4 0.60493
      vertex 30 -20.6 0.6
      vertex 30 -19.4 0.6
    endloop
  endfacet
  facet normal 0.0523193 0 0.99863
    outer loop
      vertex 30 -20.6 0.6
      vertex 29.9059 -19.4 0.60493
      vertex 29.9059 -20.6 0.60493
    endloop
  endfacet
  facet normal -0.998646 0 -0.0520128
    outer loop
      vertex 30.9 -20.6 1.5
      vertex 30.8951 -19.4 1.59408
      vertex 30.9 -19.4 1.5
    endloop
  endfacet
  facet normal -0.998646 -0 -0.0520128
    outer loop
      vertex 30.8951 -19.4 1.59408
      vertex 30.9 -20.6 1.5
      vertex 30.8951 -20.6 1.59408
    endloop
  endfacet
  facet normal -0.777064 0 0.629421
    outer loop
      vertex 30.6688 -20.6 0.897783
      vertex 30.7281 -19.4 0.970993
      vertex 30.6688 -19.4 0.897783
    endloop
  endfacet
  facet normal -0.777064 0 0.629421
    outer loop
      vertex 30.7281 -19.4 0.970993
      vertex 30.6688 -20.6 0.897783
      vertex 30.7281 -20.6 0.970993
    endloop
  endfacet
  facet normal 0.987583 0 -0.157096
    outer loop
      vertex 29.1197 -20.6 1.68712
      vertex 29.1049 -19.4 1.59408
      vertex 29.1197 -19.4 1.68712
    endloop
  endfacet
  facet normal 0.987583 0 -0.157096
    outer loop
      vertex 29.1049 -19.4 1.59408
      vertex 29.1197 -20.6 1.68712
      vertex 29.1049 -20.6 1.59408
    endloop
  endfacet
  facet normal 0.890876 -0 0.454247
    outer loop
      vertex 29.1778 -20.6 1.13394
      vertex 29.2206 -19.4 1.05
      vertex 29.1778 -19.4 1.13394
    endloop
  endfacet
  facet normal 0.890876 0 0.454247
    outer loop
      vertex 29.2206 -19.4 1.05
      vertex 29.1778 -20.6 1.13394
      vertex 29.2206 -20.6 1.05
    endloop
  endfacet
  facet normal -0.258805 0 0.965929
    outer loop
      vertex 30.1871 -19.4 0.619667
      vertex 30.2781 -20.6 0.644049
      vertex 30.2781 -19.4 0.644049
    endloop
  endfacet
  facet normal -0.258805 0 0.965929
    outer loop
      vertex 30.2781 -20.6 0.644049
      vertex 30.1871 -19.4 0.619667
      vertex 30.1871 -20.6 0.619667
    endloop
  endfacet
  facet normal -0.358183 0 0.933652
    outer loop
      vertex 30.2781 -19.4 0.644049
      vertex 30.3661 -20.6 0.677809
      vertex 30.3661 -19.4 0.677809
    endloop
  endfacet
  facet normal -0.358183 0 0.933652
    outer loop
      vertex 30.3661 -20.6 0.677809
      vertex 30.2781 -19.4 0.644049
      vertex 30.2781 -20.6 0.644049
    endloop
  endfacet
  facet normal 0.966147 0 -0.257993
    outer loop
      vertex 29.144 -20.6 1.77812
      vertex 29.1197 -19.4 1.68712
      vertex 29.144 -19.4 1.77812
    endloop
  endfacet
  facet normal 0.966147 0 -0.257993
    outer loop
      vertex 29.1197 -19.4 1.68712
      vertex 29.144 -20.6 1.77812
      vertex 29.1197 -20.6 1.68712
    endloop
  endfacet
  facet normal -0.629377 0 0.7771
    outer loop
      vertex 30.529 -19.4 0.771885
      vertex 30.6022 -20.6 0.83117
      vertex 30.6022 -19.4 0.83117
    endloop
  endfacet
  facet normal -0.629377 0 0.7771
    outer loop
      vertex 30.6022 -20.6 0.83117
      vertex 30.529 -19.4 0.771885
      vertex 30.529 -20.6 0.771885
    endloop
  endfacet
  facet normal -0.358183 0 -0.933652
    outer loop
      vertex 30.2781 -20.6 2.35595
      vertex 30.3661 -19.4 2.32219
      vertex 30.3661 -20.6 2.32219
    endloop
  endfacet
  facet normal -0.358183 0 -0.933652
    outer loop
      vertex 30.3661 -19.4 2.32219
      vertex 30.2781 -20.6 2.35595
      vertex 30.2781 -19.4 2.35595
    endloop
  endfacet
  facet normal 0.777064 -0 0.629421
    outer loop
      vertex 29.2719 -20.6 0.970993
      vertex 29.3312 -19.4 0.897783
      vertex 29.2719 -19.4 0.970993
    endloop
  endfacet
  facet normal 0.777064 0 0.629421
    outer loop
      vertex 29.3312 -19.4 0.897783
      vertex 29.2719 -20.6 0.970993
      vertex 29.3312 -20.6 0.897783
    endloop
  endfacet
  facet normal 0.258805 0 0.965929
    outer loop
      vertex 29.7219 -19.4 0.644049
      vertex 29.8129 -20.6 0.619667
      vertex 29.8129 -19.4 0.619667
    endloop
  endfacet
  facet normal 0.258805 0 0.965929
    outer loop
      vertex 29.8129 -20.6 0.619667
      vertex 29.7219 -19.4 0.644049
      vertex 29.7219 -20.6 0.644049
    endloop
  endfacet
  facet normal 0.707176 0 0.707038
    outer loop
      vertex 29.3312 -19.4 0.897783
      vertex 29.3978 -20.6 0.83117
      vertex 29.3978 -19.4 0.83117
    endloop
  endfacet
  facet normal 0.707176 0 0.707038
    outer loop
      vertex 29.3978 -20.6 0.83117
      vertex 29.3312 -19.4 0.897783
      vertex 29.3312 -20.6 0.897783
    endloop
  endfacet
  facet normal 0.544675 0 0.838647
    outer loop
      vertex 29.471 -19.4 0.771885
      vertex 29.55 -20.6 0.720577
      vertex 29.55 -19.4 0.720577
    endloop
  endfacet
  facet normal 0.544675 0 0.838647
    outer loop
      vertex 29.55 -20.6 0.720577
      vertex 29.471 -19.4 0.771885
      vertex 29.471 -20.6 0.771885
    endloop
  endfacet
  facet normal -0.966147 0 -0.257993
    outer loop
      vertex 30.8803 -20.6 1.68712
      vertex 30.856 -19.4 1.77812
      vertex 30.8803 -19.4 1.68712
    endloop
  endfacet
  facet normal -0.966147 -0 -0.257993
    outer loop
      vertex 30.856 -19.4 1.77812
      vertex 30.8803 -20.6 1.68712
      vertex 30.856 -20.6 1.77812
    endloop
  endfacet
  facet normal -0.0523193 -0 -0.99863
    outer loop
      vertex 30 -20 2.4
      vertex 30.0941 -20.6 2.39507
      vertex 30 -20.6 2.4
    endloop
  endfacet
  facet normal -0.0523193 0 -0.99863
    outer loop
      vertex 30.0941 -20.6 2.39507
      vertex 30 -20 2.4
      vertex 30.0941 -19.4 2.39507
    endloop
  endfacet
  facet normal -0.0523193 0 -0.99863
    outer loop
      vertex 30.0941 -19.4 2.39507
      vertex 30 -20 2.4
      vertex 30 -19.4 2.4
    endloop
  endfacet
  facet normal -0.544675 0 0.838647
    outer loop
      vertex 30.45 -19.4 0.720577
      vertex 30.529 -20.6 0.771885
      vertex 30.529 -19.4 0.771885
    endloop
  endfacet
  facet normal -0.544675 0 0.838647
    outer loop
      vertex 30.529 -20.6 0.771885
      vertex 30.45 -19.4 0.720577
      vertex 30.45 -20.6 0.720577
    endloop
  endfacet
  facet normal 0.838718 0 -0.544567
    outer loop
      vertex 29.2719 -20.6 2.02901
      vertex 29.2206 -19.4 1.95
      vertex 29.2719 -19.4 2.02901
    endloop
  endfacet
  facet normal 0.838718 0 -0.544567
    outer loop
      vertex 29.2206 -19.4 1.95
      vertex 29.2719 -20.6 2.02901
      vertex 29.2206 -20.6 1.95
    endloop
  endfacet
  facet normal -0.156541 0 -0.987672
    outer loop
      vertex 30.0941 -20.6 2.39507
      vertex 30.1871 -19.4 2.38033
      vertex 30.1871 -20.6 2.38033
    endloop
  endfacet
  facet normal -0.156541 0 -0.987672
    outer loop
      vertex 30.1871 -19.4 2.38033
      vertex 30.0941 -20.6 2.39507
      vertex 30.0941 -19.4 2.39507
    endloop
  endfacet
  facet normal 0.156541 0 -0.987672
    outer loop
      vertex 29.8129 -20.6 2.38033
      vertex 29.9059 -19.4 2.39507
      vertex 29.9059 -20.6 2.39507
    endloop
  endfacet
  facet normal 0.156541 0 -0.987672
    outer loop
      vertex 29.9059 -19.4 2.39507
      vertex 29.8129 -20.6 2.38033
      vertex 29.8129 -19.4 2.38033
    endloop
  endfacet
  facet normal 0.454166 0 -0.890917
    outer loop
      vertex 29.55 -20.6 2.27942
      vertex 29.6339 -19.4 2.32219
      vertex 29.6339 -20.6 2.32219
    endloop
  endfacet
  facet normal 0.454166 0 -0.890917
    outer loop
      vertex 29.6339 -19.4 2.32219
      vertex 29.55 -20.6 2.27942
      vertex 29.55 -19.4 2.27942
    endloop
  endfacet
  facet normal 0.358183 0 0.933652
    outer loop
      vertex 29.6339 -19.4 0.677809
      vertex 29.7219 -20.6 0.644049
      vertex 29.7219 -19.4 0.644049
    endloop
  endfacet
  facet normal 0.358183 0 0.933652
    outer loop
      vertex 29.7219 -20.6 0.644049
      vertex 29.6339 -19.4 0.677809
      vertex 29.6339 -20.6 0.677809
    endloop
  endfacet
  facet normal -0.454149 0 0.890926
    outer loop
      vertex 30.3661 -19.4 0.677809
      vertex 30.45 -20.6 0.720577
      vertex 30.45 -19.4 0.720577
    endloop
  endfacet
  facet normal -0.454149 0 0.890926
    outer loop
      vertex 30.45 -20.6 0.720577
      vertex 30.3661 -19.4 0.677809
      vertex 30.3661 -20.6 0.677809
    endloop
  endfacet
  facet normal -0.890876 0 -0.454247
    outer loop
      vertex 30.8222 -20.6 1.86606
      vertex 30.7794 -19.4 1.95
      vertex 30.8222 -19.4 1.86606
    endloop
  endfacet
  facet normal -0.890876 -0 -0.454247
    outer loop
      vertex 30.7794 -19.4 1.95
      vertex 30.8222 -20.6 1.86606
      vertex 30.7794 -20.6 1.95
    endloop
  endfacet
  facet normal -0.707176 0 0.707038
    outer loop
      vertex 30.6022 -19.4 0.83117
      vertex 30.6688 -20.6 0.897783
      vertex 30.6688 -19.4 0.897783
    endloop
  endfacet
  facet normal -0.707176 0 0.707038
    outer loop
      vertex 30.6688 -20.6 0.897783
      vertex 30.6022 -19.4 0.83117
      vertex 30.6022 -20.6 0.83117
    endloop
  endfacet
  facet normal 0.629409 0 -0.777074
    outer loop
      vertex 29.3978 -20.6 2.16883
      vertex 29.471 -19.4 2.22812
      vertex 29.471 -20.6 2.22812
    endloop
  endfacet
  facet normal 0.629409 0 -0.777074
    outer loop
      vertex 29.471 -19.4 2.22812
      vertex 29.3978 -20.6 2.16883
      vertex 29.3978 -19.4 2.16883
    endloop
  endfacet
  facet normal -0.838718 0 -0.544567
    outer loop
      vertex 30.7794 -20.6 1.95
      vertex 30.7281 -19.4 2.02901
      vertex 30.7794 -19.4 1.95
    endloop
  endfacet
  facet normal -0.838718 -0 -0.544567
    outer loop
      vertex 30.7281 -19.4 2.02901
      vertex 30.7794 -20.6 1.95
      vertex 30.7281 -20.6 2.02901
    endloop
  endfacet
  facet normal -0.454166 0 -0.890917
    outer loop
      vertex 30.3661 -20.6 2.32219
      vertex 30.45 -19.4 2.27942
      vertex 30.45 -20.6 2.27942
    endloop
  endfacet
  facet normal -0.454166 0 -0.890917
    outer loop
      vertex 30.45 -19.4 2.27942
      vertex 30.3661 -20.6 2.32219
      vertex 30.3661 -19.4 2.32219
    endloop
  endfacet
  facet normal 0.15651 0 0.987676
    outer loop
      vertex 29.8129 -19.4 0.619667
      vertex 29.9059 -20.6 0.60493
      vertex 29.9059 -19.4 0.60493
    endloop
  endfacet
  facet normal 0.15651 0 0.987676
    outer loop
      vertex 29.9059 -20.6 0.60493
      vertex 29.8129 -19.4 0.619667
      vertex 29.8129 -20.6 0.619667
    endloop
  endfacet
  facet normal -0.933428 0 0.358766
    outer loop
      vertex 30.8222 -20.6 1.13394
      vertex 30.856 -19.4 1.22188
      vertex 30.8222 -19.4 1.13394
    endloop
  endfacet
  facet normal -0.933428 0 0.358766
    outer loop
      vertex 30.856 -19.4 1.22188
      vertex 30.8222 -20.6 1.13394
      vertex 30.856 -20.6 1.22188
    endloop
  endfacet
  facet normal -0.777064 0 -0.629421
    outer loop
      vertex 30.7281 -20.6 2.02901
      vertex 30.6688 -19.4 2.10222
      vertex 30.7281 -19.4 2.02901
    endloop
  endfacet
  facet normal -0.777064 -0 -0.629421
    outer loop
      vertex 30.6688 -19.4 2.10222
      vertex 30.7281 -20.6 2.02901
      vertex 30.6688 -20.6 2.10222
    endloop
  endfacet
  facet normal -0.933428 0 -0.358766
    outer loop
      vertex 30.856 -20.6 1.77812
      vertex 30.8222 -19.4 1.86606
      vertex 30.856 -19.4 1.77812
    endloop
  endfacet
  facet normal -0.933428 -0 -0.358766
    outer loop
      vertex 30.8222 -19.4 1.86606
      vertex 30.856 -20.6 1.77812
      vertex 30.8222 -20.6 1.86606
    endloop
  endfacet
  facet normal 0.933428 0 -0.358766
    outer loop
      vertex 29.1778 -20.6 1.86606
      vertex 29.144 -19.4 1.77812
      vertex 29.1778 -19.4 1.86606
    endloop
  endfacet
  facet normal 0.933428 0 -0.358766
    outer loop
      vertex 29.144 -19.4 1.77812
      vertex 29.1778 -20.6 1.86606
      vertex 29.144 -20.6 1.77812
    endloop
  endfacet
  facet normal 0.987583 -0 0.157096
    outer loop
      vertex 29.1049 -20.6 1.40592
      vertex 29.1197 -19.4 1.31288
      vertex 29.1049 -19.4 1.40592
    endloop
  endfacet
  facet normal 0.987583 0 0.157096
    outer loop
      vertex 29.1197 -19.4 1.31288
      vertex 29.1049 -20.6 1.40592
      vertex 29.1197 -20.6 1.31288
    endloop
  endfacet
  facet normal -0.0523193 0 0.99863
    outer loop
      vertex 30 -19.4 0.6
      vertex 30.0941 -20.6 0.60493
      vertex 30.0941 -19.4 0.60493
    endloop
  endfacet
  facet normal -0.0523193 0 0.99863
    outer loop
      vertex 30.0941 -20.6 0.60493
      vertex 30 -19.4 0.6
      vertex 30 -20.6 0.6
    endloop
  endfacet
  facet normal -0.890876 0 0.454247
    outer loop
      vertex 30.7794 -20.6 1.05
      vertex 30.8222 -19.4 1.13394
      vertex 30.7794 -19.4 1.05
    endloop
  endfacet
  facet normal -0.890876 0 0.454247
    outer loop
      vertex 30.8222 -19.4 1.13394
      vertex 30.7794 -20.6 1.05
      vertex 30.8222 -20.6 1.13394
    endloop
  endfacet
  facet normal 0.838708 -0 0.544581
    outer loop
      vertex 29.2206 -20.6 1.05
      vertex 29.2719 -19.4 0.970993
      vertex 29.2206 -19.4 1.05
    endloop
  endfacet
  facet normal 0.838708 0 0.544581
    outer loop
      vertex 29.2719 -19.4 0.970993
      vertex 29.2206 -20.6 1.05
      vertex 29.2719 -20.6 0.970993
    endloop
  endfacet
  facet normal 0.629377 0 0.7771
    outer loop
      vertex 29.3978 -19.4 0.83117
      vertex 29.471 -20.6 0.771885
      vertex 29.471 -19.4 0.771885
    endloop
  endfacet
  facet normal 0.629377 0 0.7771
    outer loop
      vertex 29.471 -20.6 0.771885
      vertex 29.3978 -19.4 0.83117
      vertex 29.3978 -20.6 0.83117
    endloop
  endfacet
  facet normal 0.933428 -0 0.358766
    outer loop
      vertex 29.144 -20.6 1.22188
      vertex 29.1778 -19.4 1.13394
      vertex 29.144 -19.4 1.22188
    endloop
  endfacet
  facet normal 0.933428 0 0.358766
    outer loop
      vertex 29.1778 -19.4 1.13394
      vertex 29.144 -20.6 1.22188
      vertex 29.1778 -20.6 1.13394
    endloop
  endfacet
  facet normal 0.890876 0 -0.454247
    outer loop
      vertex 29.2206 -20.6 1.95
      vertex 29.1778 -19.4 1.86606
      vertex 29.2206 -19.4 1.95
    endloop
  endfacet
  facet normal 0.890876 0 -0.454247
    outer loop
      vertex 29.1778 -19.4 1.86606
      vertex 29.2206 -20.6 1.95
      vertex 29.1778 -20.6 1.86606
    endloop
  endfacet
  facet normal -0.258786 0 -0.965935
    outer loop
      vertex 30.1871 -20.6 2.38033
      vertex 30.2781 -19.4 2.35595
      vertex 30.2781 -20.6 2.35595
    endloop
  endfacet
  facet normal -0.258786 0 -0.965935
    outer loop
      vertex 30.2781 -19.4 2.35595
      vertex 30.1871 -20.6 2.38033
      vertex 30.1871 -19.4 2.38033
    endloop
  endfacet
  facet normal -0.629409 0 -0.777074
    outer loop
      vertex 30.529 -20.6 2.22812
      vertex 30.6022 -19.4 2.16883
      vertex 30.6022 -20.6 2.16883
    endloop
  endfacet
  facet normal -0.629409 0 -0.777074
    outer loop
      vertex 30.6022 -19.4 2.16883
      vertex 30.529 -20.6 2.22812
      vertex 30.529 -19.4 2.22812
    endloop
  endfacet
  facet normal 0.258786 0 -0.965935
    outer loop
      vertex 29.7219 -20.6 2.35595
      vertex 29.8129 -19.4 2.38033
      vertex 29.8129 -20.6 2.38033
    endloop
  endfacet
  facet normal 0.258786 0 -0.965935
    outer loop
      vertex 29.8129 -19.4 2.38033
      vertex 29.7219 -20.6 2.35595
      vertex 29.7219 -19.4 2.35595
    endloop
  endfacet
  facet normal 0.998646 0 -0.0520128
    outer loop
      vertex 29.1049 -20.6 1.59408
      vertex 29.1 -19.4 1.5
      vertex 29.1049 -19.4 1.59408
    endloop
  endfacet
  facet normal 0.998646 0 -0.0520128
    outer loop
      vertex 29.1 -19.4 1.5
      vertex 29.1049 -20.6 1.59408
      vertex 29.1 -20.6 1.5
    endloop
  endfacet
  facet normal -0.15651 0 0.987676
    outer loop
      vertex 30.0941 -19.4 0.60493
      vertex 30.1871 -20.6 0.619667
      vertex 30.1871 -19.4 0.619667
    endloop
  endfacet
  facet normal -0.15651 0 0.987676
    outer loop
      vertex 30.1871 -20.6 0.619667
      vertex 30.0941 -19.4 0.60493
      vertex 30.0941 -20.6 0.60493
    endloop
  endfacet
  facet normal 0.777064 0 -0.629421
    outer loop
      vertex 29.3312 -20.6 2.10222
      vertex 29.2719 -19.4 2.02901
      vertex 29.3312 -19.4 2.10222
    endloop
  endfacet
  facet normal 0.777064 0 -0.629421
    outer loop
      vertex 29.2719 -19.4 2.02901
      vertex 29.3312 -20.6 2.10222
      vertex 29.2719 -20.6 2.02901
    endloop
  endfacet
  facet normal 0.454149 0 0.890926
    outer loop
      vertex 29.55 -19.4 0.720577
      vertex 29.6339 -20.6 0.677809
      vertex 29.6339 -19.4 0.677809
    endloop
  endfacet
  facet normal 0.454149 0 0.890926
    outer loop
      vertex 29.6339 -20.6 0.677809
      vertex 29.55 -19.4 0.720577
      vertex 29.55 -20.6 0.720577
    endloop
  endfacet
  facet normal 0.966147 -0 0.257993
    outer loop
      vertex 29.1197 -20.6 1.31288
      vertex 29.144 -19.4 1.22188
      vertex 29.1197 -19.4 1.31288
    endloop
  endfacet
  facet normal 0.966147 0 0.257993
    outer loop
      vertex 29.144 -19.4 1.22188
      vertex 29.1197 -20.6 1.31288
      vertex 29.144 -20.6 1.22188
    endloop
  endfacet
  facet normal 0.70716 0 -0.707054
    outer loop
      vertex 29.3312 -20.6 2.10222
      vertex 29.3978 -19.4 2.16883
      vertex 29.3978 -20.6 2.16883
    endloop
  endfacet
  facet normal 0.70716 0 -0.707054
    outer loop
      vertex 29.3978 -19.4 2.16883
      vertex 29.3312 -20.6 2.10222
      vertex 29.3312 -19.4 2.10222
    endloop
  endfacet
  facet normal -0.544615 0 -0.838686
    outer loop
      vertex 30.45 -20.6 2.27942
      vertex 30.529 -19.4 2.22812
      vertex 30.529 -20.6 2.22812
    endloop
  endfacet
  facet normal -0.544615 0 -0.838686
    outer loop
      vertex 30.529 -19.4 2.22812
      vertex 30.45 -20.6 2.27942
      vertex 30.45 -19.4 2.27942
    endloop
  endfacet
  facet normal 0.358183 0 -0.933652
    outer loop
      vertex 29.6339 -20.6 2.32219
      vertex 29.7219 -19.4 2.35595
      vertex 29.7219 -20.6 2.35595
    endloop
  endfacet
  facet normal 0.358183 0 -0.933652
    outer loop
      vertex 29.7219 -19.4 2.35595
      vertex 29.6339 -20.6 2.32219
      vertex 29.6339 -19.4 2.32219
    endloop
  endfacet
  facet normal 0.0523193 0 -0.99863
    outer loop
      vertex 29.9059 -20.6 2.39507
      vertex 30 -20 2.4
      vertex 30 -20.6 2.4
    endloop
  endfacet
  facet normal 0.0523193 0 -0.99863
    outer loop
      vertex 29.9059 -19.4 2.39507
      vertex 30 -20 2.4
      vertex 29.9059 -20.6 2.39507
    endloop
  endfacet
  facet normal 0.0523193 0 -0.99863
    outer loop
      vertex 30 -20 2.4
      vertex 29.9059 -19.4 2.39507
      vertex 30 -19.4 2.4
    endloop
  endfacet
  facet normal 0.998646 -0 0.0520128
    outer loop
      vertex 29.1 -20.6 1.5
      vertex 29.1049 -19.4 1.40592
      vertex 29.1 -19.4 1.5
    endloop
  endfacet
  facet normal 0.998646 0 0.0520128
    outer loop
      vertex 29.1049 -19.4 1.40592
      vertex 29.1 -20.6 1.5
      vertex 29.1049 -20.6 1.40592
    endloop
  endfacet
  facet normal 0.544615 0 -0.838686
    outer loop
      vertex 29.471 -20.6 2.22812
      vertex 29.55 -19.4 2.27942
      vertex 29.55 -20.6 2.27942
    endloop
  endfacet
  facet normal 0.544615 0 -0.838686
    outer loop
      vertex 29.55 -19.4 2.27942
      vertex 29.471 -20.6 2.22812
      vertex 29.471 -19.4 2.22812
    endloop
  endfacet
  facet normal -0.70716 0 -0.707054
    outer loop
      vertex 30.6022 -20.6 2.16883
      vertex 30.6688 -19.4 2.10222
      vertex 30.6688 -20.6 2.10222
    endloop
  endfacet
  facet normal -0.70716 0 -0.707054
    outer loop
      vertex 30.6688 -19.4 2.10222
      vertex 30.6022 -20.6 2.16883
      vertex 30.6022 -19.4 2.16883
    endloop
  endfacet
  facet normal -1 0 0
    outer loop
      vertex 40.65 -27.65 10.77
      vertex 40.65 -12.35 10.8
      vertex 40.65 -12.35 10.77
    endloop
  endfacet
  facet normal -1 -0 0
    outer loop
      vertex 40.65 -12.35 10.8
      vertex 40.65 -27.65 10.77
      vertex 40.65 -27.65 10.8
    endloop
  endfacet
  facet normal 0 0 1
    outer loop
      vertex 40.65 -12.35 10.77
      vertex 39.9 -13.1 10.77
      vertex 40.65 -27.65 10.77
    endloop
  endfacet
  facet normal 0 0 1
    outer loop
      vertex 40.65 -12.35 10.77
      vertex 20.1 -13.1 10.77
      vertex 39.9 -13.1 10.77
    endloop
  endfacet
  facet normal 0 0 1
    outer loop
      vertex 20.1 -13.1 10.77
      vertex 19.35 -12.35 10.77
      vertex 20.1 -26.9 10.77
    endloop
  endfacet
  facet normal -0 0 1
    outer loop
      vertex 19.35 -12.35 10.77
      vertex 20.1 -13.1 10.77
      vertex 40.65 -12.35 10.77
    endloop
  endfacet
  facet normal -0 0 1
    outer loop
      vertex 39.9 -26.9 10.77
      vertex 40.65 -27.65 10.77
      vertex 39.9 -13.1 10.77
    endloop
  endfacet
  facet normal -0 0 1
    outer loop
      vertex 20.1 -26.9 10.77
      vertex 40.65 -27.65 10.77
      vertex 39.9 -26.9 10.77
    endloop
  endfacet
  facet normal 0 0 1
    outer loop
      vertex 20.1 -26.9 10.77
      vertex 19.35 -27.65 10.77
      vertex 40.65 -27.65 10.77
    endloop
  endfacet
  facet normal 0 0 1
    outer loop
      vertex 19.35 -27.65 10.77
      vertex 20.1 -26.9 10.77
      vertex 19.35 -12.35 10.77
    endloop
  endfacet
  facet normal 1 -0 0
    outer loop
      vertex 19.35 -27.65 10.8
      vertex 19.35 -12.35 10.77
      vertex 19.35 -12.35 10.8
    endloop
  endfacet
  facet normal 1 0 0
    outer loop
      vertex 19.35 -12.35 10.77
      vertex 19.35 -27.65 10.8
      vertex 19.35 -27.65 10.77
    endloop
  endfacet
  facet normal 0 -1 0
    outer loop
      vertex 19.35 -12.35 10.77
      vertex 40.65 -12.35 10.8
      vertex 19.35 -12.35 10.8
    endloop
  endfacet
  facet normal 0 -1 -0
    outer loop
      vertex 40.65 -12.35 10.8
      vertex 19.35 -12.35 10.77
      vertex 40.65 -12.35 10.77
    endloop
  endfacet
  facet normal 0 1 -0
    outer loop
      vertex 40.65 -27.65 10.77
      vertex 19.35 -27.65 10.8
      vertex 40.65 -27.65 10.8
    endloop
  endfacet
  facet normal 0 1 0
    outer loop
      vertex 19.35 -27.65 10.8
      vertex 40.65 -27.65 10.77
      vertex 19.35 -27.65 10.77
    endloop
  endfacet
  facet normal 1 -0 0
    outer loop
      vertex 39.9 -26.9 10.8
      vertex 39.9 -13.1 10.77
      vertex 39.9 -13.1 10.8
    endloop
  endfacet
  facet normal 1 0 0
    outer loop
      vertex 39.9 -13.1 10.77
      vertex 39.9 -26.9 10.8
      vertex 39.9 -26.9 10.77
    endloop
  endfacet
  facet normal -1 0 0
    outer loop
      vertex 20.1 -26.9 10.77
      vertex 20.1 -13.1 10.8
      vertex 20.1 -13.1 10.77
    endloop
  endfacet
  facet normal -1 -0 0
    outer loop
      vertex 20.1 -13.1 10.8
      vertex 20.1 -26.9 10.77
      vertex 20.1 -26.9 10.8
    endloop
  endfacet
  facet normal 0 1 -0
    outer loop
      vertex 39.9 -13.1 10.77
      vertex 20.1 -13.1 10.8
      vertex 39.9 -13.1 10.8
    endloop
  endfacet
  facet normal 0 1 0
    outer loop
      vertex 20.1 -13.1 10.8
      vertex 39.9 -13.1 10.77
      vertex 20.1 -13.1 10.77
    endloop
  endfacet
  facet normal 0 -1 0
    outer loop
      vertex 20.1 -26.9 10.77
      vertex 39.9 -26.9 10.8
      vertex 20.1 -26.9 10.8
    endloop
  endfacet
  facet normal 0 -1 -0
    outer loop
      vertex 39.9 -26.9 10.8
      vertex 20.1 -26.9 10.77
      vertex 39.9 -26.9 10.77
    endloop
  endfacet
  facet normal 0 0.838666 0.544646
    outer loop
      vertex 66.7 -8.245 4.5
      vertex 43.3 -8.68967 5.18472
      vertex 66.7 -8.68967 5.18472
    endloop
  endfacet
  facet normal 0 0.838666 0.544646
    outer loop
      vertex 43.3 -8.68967 5.18472
      vertex 66.7 -8.245 4.5
      vertex 43.3 -8.245 4.5
    endloop
  endfacet
  facet normal 0 0.891009 0.453986
    outer loop
      vertex 66.7 -7.87435 3.77255
      vertex 43.3 -8.245 4.5
      vertex 66.7 -8.245 4.5
    endloop
  endfacet
  facet normal 0 0.891009 0.453986
    outer loop
      vertex 43.3 -8.245 4.5
      vertex 66.7 -7.87435 3.77255
      vertex 43.3 -7.87435 3.77255
    endloop
  endfacet
  facet normal -0 0.629303 0.77716
    outer loop
      vertex 43.3 -9.78078 6.39653
      vertex 66.7 -10.4153 6.91033
      vertex 66.7 -9.78078 6.39653
    endloop
  endfacet
  facet normal 0 0.629303 0.77716
    outer loop
      vertex 66.7 -10.4153 6.91033
      vertex 43.3 -9.78078 6.39653
      vertex 43.3 -10.4153 6.91033
    endloop
  endfacet
  facet normal 0 0.777151 0.629314
    outer loop
      vertex 66.7 -8.68967 5.18472
      vertex 43.3 -9.20347 5.81922
      vertex 66.7 -9.20347 5.81922
    endloop
  endfacet
  facet normal 0 0.777151 0.629314
    outer loop
      vertex 43.3 -9.20347 5.81922
      vertex 66.7 -8.68967 5.18472
      vertex 43.3 -8.68967 5.18472
    endloop
  endfacet
  facet normal 0 0.93358 0.358369
    outer loop
      vertex 66.7 -7.58176 3.01033
      vertex 43.3 -7.87435 3.77255
      vertex 66.7 -7.87435 3.77255
    endloop
  endfacet
  facet normal 0 0.93358 0.358369
    outer loop
      vertex 43.3 -7.87435 3.77255
      vertex 66.7 -7.58176 3.01033
      vertex 43.3 -7.58176 3.01033
    endloop
  endfacet
  facet normal 0 0.987688 0.156435
    outer loop
      vertex 66.7 -7.24273 1.41532
      vertex 43.3 -7.37045 2.22171
      vertex 66.7 -7.37045 2.22171
    endloop
  endfacet
  facet normal 0 0.987688 0.156435
    outer loop
      vertex 43.3 -7.37045 2.22171
      vertex 66.7 -7.24273 1.41532
      vertex 43.3 -7.24273 1.41532
    endloop
  endfacet
  facet normal -0 0.156433 0.987689
    outer loop
      vertex 43.3 -13.3783 8.22955
      vertex 66.7 -14.1847 8.35727
      vertex 66.7 -13.3783 8.22955
    endloop
  endfacet
  facet normal 0 0.156433 0.987689
    outer loop
      vertex 66.7 -14.1847 8.35727
      vertex 43.3 -13.3783 8.22955
      vertex 43.3 -14.1847 8.35727
    endloop
  endfacet
  facet normal 0 0.965926 0.258819
    outer loop
      vertex 66.7 -7.37045 2.22171
      vertex 43.3 -7.58176 3.01033
      vertex 66.7 -7.58176 3.01033
    endloop
  endfacet
  facet normal 0 0.965926 0.258819
    outer loop
      vertex 43.3 -7.58176 3.01033
      vertex 66.7 -7.37045 2.22171
      vertex 43.3 -7.37045 2.22171
    endloop
  endfacet
  facet normal -0 0.544657 0.838659
    outer loop
      vertex 43.3 -10.4153 6.91033
      vertex 66.7 -11.1 7.355
      vertex 66.7 -10.4153 6.91033
    endloop
  endfacet
  facet normal 0 0.544657 0.838659
    outer loop
      vertex 66.7 -11.1 7.355
      vertex 43.3 -10.4153 6.91033
      vertex 43.3 -11.1 7.355
    endloop
  endfacet
  facet normal -0 0.707107 0.707107
    outer loop
      vertex 43.3 -9.20347 5.81922
      vertex 66.7 -9.78078 6.39653
      vertex 66.7 -9.20347 5.81922
    endloop
  endfacet
  facet normal 0 0.707107 0.707107
    outer loop
      vertex 66.7 -9.78078 6.39653
      vertex 43.3 -9.20347 5.81922
      vertex 43.3 -9.78078 6.39653
    endloop
  endfacet
  facet normal -0 0.998629 0.052337
    outer loop
      vertex 66.4 -7.2 0.6
      vertex 66.7 -7.24273 1.41532
      vertex 66.7 -7.2 0.6
    endloop
  endfacet
  facet normal 0 0.998629 0.052337
    outer loop
      vertex 66.7 -7.24273 1.41532
      vertex 66.4 -7.2 0.6
      vertex 43.3 -7.24273 1.41532
    endloop
  endfacet
  facet normal -0 0.998629 0.052337
    outer loop
      vertex 43.6 -7.2 0.6
      vertex 43.3 -7.24273 1.41532
      vertex 66.4 -7.2 0.6
    endloop
  endfacet
  facet normal 0 0.998629 0.052337
    outer loop
      vertex 43.3 -7.24273 1.41532
      vertex 43.6 -7.2 0.6
      vertex 43.3 -7.2 0.6
    endloop
  endfacet
  facet normal -0 0.258825 0.965924
    outer loop
      vertex 43.3 -12.5897 8.01824
      vertex 66.7 -13.3783 8.22955
      vertex 66.7 -12.5897 8.01824
    endloop
  endfacet
  facet normal 0 0.258825 0.965924
    outer loop
      vertex 66.7 -13.3783 8.22955
      vertex 43.3 -12.5897 8.01824
      vertex 43.3 -13.3783 8.22955
    endloop
  endfacet
  facet normal -0 0.358377 0.933577
    outer loop
      vertex 43.3 -11.8275 7.72565
      vertex 66.7 -12.5897 8.01824
      vertex 66.7 -11.8275 7.72565
    endloop
  endfacet
  facet normal 0 0.358377 0.933577
    outer loop
      vertex 66.7 -12.5897 8.01824
      vertex 43.3 -11.8275 7.72565
      vertex 43.3 -12.5897 8.01824
    endloop
  endfacet
  facet normal -1 0 0
    outer loop
      vertex 43.3 -15 0.6
      vertex 43.3 -7.24273 1.41532
      vertex 43.3 -7.2 0.6
    endloop
  endfacet
  facet normal -1 -0 0
    outer loop
      vertex 43.3 -7.24273 1.41532
      vertex 43.3 -15 0.6
      vertex 43.3 -7.37045 2.22171
    endloop
  endfacet
  facet normal -1 -0 0
    outer loop
      vertex 43.3 -7.37045 2.22171
      vertex 43.3 -15 0.6
      vertex 43.3 -7.58176 3.01033
    endloop
  endfacet
  facet normal -1 -0 0
    outer loop
      vertex 43.3 -7.58176 3.01033
      vertex 43.3 -15 0.6
      vertex 43.3 -7.87435 3.77255
    endloop
  endfacet
  facet normal -1 -0 0
    outer loop
      vertex 43.3 -7.87435 3.77255
      vertex 43.3 -15 0.6
      vertex 43.3 -8.245 4.5
    endloop
  endfacet
  facet normal -1 -0 0
    outer loop
      vertex 43.3 -8.245 4.5
      vertex 43.3 -15 0.6
      vertex 43.3 -8.68967 5.18472
    endloop
  endfacet
  facet normal -1 -0 0
    outer loop
      vertex 43.3 -8.68967 5.18472
      vertex 43.3 -15 0.6
      vertex 43.3 -9.20347 5.81922
    endloop
  endfacet
  facet normal -1 -0 0
    outer loop
      vertex 43.3 -9.20347 5.81922
      vertex 43.3 -15 0.6
      vertex 43.3 -9.78078 6.39653
    endloop
  endfacet
  facet normal -1 -0 0
    outer loop
      vertex 43.3 -9.78078 6.39653
      vertex 43.3 -15 0.6
      vertex 43.3 -10.4153 6.91033
    endloop
  endfacet
  facet normal -1 -0 0
    outer loop
      vertex 43.3 -10.4153 6.91033
      vertex 43.3 -15 0.6
      vertex 43.3 -11.1 7.355
    endloop
  endfacet
  facet normal -1 -0 0
    outer loop
      vertex 43.3 -11.1 7.355
      vertex 43.3 -15 0.6
      vertex 43.3 -11.8275 7.72565
    endloop
  endfacet
  facet normal -1 -0 0
    outer loop
      vertex 43.3 -11.8275 7.72565
      vertex 43.3 -15 0.6
      vertex 43.3 -12.5897 8.01824
    endloop
  endfacet
  facet normal -1 -0 0
    outer loop
      vertex 43.3 -12.5897 8.01824
      vertex 43.3 -15 0.6
      vertex 43.3 -13.3783 8.22955
    endloop
  endfacet
  facet normal -1 -0 0
    outer loop
      vertex 43.3 -13.3783 8.22955
      vertex 43.3 -15 0.6
      vertex 43.3 -14.1847 8.35727
    endloop
  endfacet
  facet normal -1 -0 0
    outer loop
      vertex 43.3 -14.1847 8.35727
      vertex 43.3 -15 0.6
      vertex 43.3 -15 8.4
    endloop
  endfacet
  facet normal 0 0.0523383 0.998629
    outer loop
      vertex 66.7 -14.1847 8.35727
      vertex 56.1987 -15 8.4
      vertex 66.7 -15 8.4
    endloop
  endfacet
  facet normal 7.84804e-07 0.0523282 0.99863
    outer loop
      vertex 66.7 -14.1847 8.35727
      vertex 56.1732 -14.4 8.36856
      vertex 56.1987 -15 8.4
    endloop
  endfacet
  facet normal 0 0.0523665 0.998628
    outer loop
      vertex 66.7 -14.1847 8.35727
      vertex 53.8268 -14.4 8.36856
      vertex 56.1732 -14.4 8.36856
    endloop
  endfacet
  facet normal -0 0.0523665 0.998628
    outer loop
      vertex 43.3 -14.1847 8.35727
      vertex 53.8268 -14.4 8.36856
      vertex 66.7 -14.1847 8.35727
    endloop
  endfacet
  facet normal -7.84804e-07 0.0523282 0.99863
    outer loop
      vertex 43.3 -14.1847 8.35727
      vertex 53.8013 -15 8.4
      vertex 53.8268 -14.4 8.36856
    endloop
  endfacet
  facet normal 0 0.0523383 0.998629
    outer loop
      vertex 53.8013 -15 8.4
      vertex 43.3 -14.1847 8.35727
      vertex 43.3 -15 8.4
    endloop
  endfacet
  facet normal -0 0.453962 0.891021
    outer loop
      vertex 43.3 -11.1 7.355
      vertex 66.7 -11.8275 7.72565
      vertex 66.7 -11.1 7.355
    endloop
  endfacet
  facet normal 0 0.453962 0.891021
    outer loop
      vertex 66.7 -11.8275 7.72565
      vertex 43.3 -11.1 7.355
      vertex 43.3 -11.8275 7.72565
    endloop
  endfacet
  facet normal 1 0 0
    outer loop
      vertex 66.7 -15 0.6
      vertex 66.7 -7.24273 1.41532
      vertex 66.7 -7.37045 2.22171
    endloop
  endfacet
  facet normal 1 0 0
    outer loop
      vertex 66.7 -15 0.6
      vertex 66.7 -7.37045 2.22171
      vertex 66.7 -7.58176 3.01033
    endloop
  endfacet
  facet normal 1 0 0
    outer loop
      vertex 66.7 -15 0.6
      vertex 66.7 -7.58176 3.01033
      vertex 66.7 -7.87435 3.77255
    endloop
  endfacet
  facet normal 1 0 0
    outer loop
      vertex 66.7 -15 0.6
      vertex 66.7 -7.87435 3.77255
      vertex 66.7 -8.245 4.5
    endloop
  endfacet
  facet normal 1 0 0
    outer loop
      vertex 66.7 -15 0.6
      vertex 66.7 -8.245 4.5
      vertex 66.7 -8.68967 5.18472
    endloop
  endfacet
  facet normal 1 0 0
    outer loop
      vertex 66.7 -15 0.6
      vertex 66.7 -8.68967 5.18472
      vertex 66.7 -9.20347 5.81922
    endloop
  endfacet
  facet normal 1 0 0
    outer loop
      vertex 66.7 -15 0.6
      vertex 66.7 -9.20347 5.81922
      vertex 66.7 -9.78078 6.39653
    endloop
  endfacet
  facet normal 1 0 0
    outer loop
      vertex 66.7 -15 0.6
      vertex 66.7 -9.78078 6.39653
      vertex 66.7 -10.4153 6.91033
    endloop
  endfacet
  facet normal 1 0 0
    outer loop
      vertex 66.7 -15 0.6
      vertex 66.7 -10.4153 6.91033
      vertex 66.7 -11.1 7.355
    endloop
  endfacet
  facet normal 1 0 0
    outer loop
      vertex 66.7 -15 0.6
      vertex 66.7 -11.1 7.355
      vertex 66.7 -11.8275 7.72565
    endloop
  endfacet
  facet normal 1 0 0
    outer loop
      vertex 66.7 -15 0.6
      vertex 66.7 -11.8275 7.72565
      vertex 66.7 -12.5897 8.01824
    endloop
  endfacet
  facet normal 1 0 0
    outer loop
      vertex 66.7 -15 0.6
      vertex 66.7 -12.5897 8.01824
      vertex 66.7 -13.3783 8.22955
    endloop
  endfacet
  facet normal 1 0 0
    outer loop
      vertex 66.7 -15 0.6
      vertex 66.7 -13.3783 8.22955
      vertex 66.7 -14.1847 8.35727
    endloop
  endfacet
  facet normal 1 0 0
    outer loop
      vertex 66.7 -15 0.6
      vertex 66.7 -14.1847 8.35727
      vertex 66.7 -15 8.4
    endloop
  endfacet
  facet normal 1 0 0
    outer loop
      vertex 66.7 -7.24273 1.41532
      vertex 66.7 -15 0.6
      vertex 66.7 -7.2 0.6
    endloop
  endfacet
  facet normal 0 -0.891005 -0.453994
    outer loop
      vertex 44.35 -8.42247 3.5285
      vertex 65.65 -8.76462 4.2
      vertex 44.35 -8.76462 4.2
    endloop
  endfacet
  facet normal 0 -0.891005 -0.453994
    outer loop
      vertex 65.65 -8.76462 4.2
      vertex 44.35 -8.42247 3.5285
      vertex 65.65 -8.42247 3.5285
    endloop
  endfacet
  facet normal 0 -0.93358 -0.358369
    outer loop
      vertex 44.35 -8.15239 2.82492
      vertex 65.65 -8.42247 3.5285
      vertex 44.35 -8.42247 3.5285
    endloop
  endfacet
  facet normal 0 -0.93358 -0.358369
    outer loop
      vertex 65.65 -8.42247 3.5285
      vertex 44.35 -8.15239 2.82492
      vertex 65.65 -8.15239 2.82492
    endloop
  endfacet
  facet normal 0 -0.777148 -0.629318
    outer loop
      vertex 44.35 -9.17508 4.83205
      vertex 65.65 -9.64936 5.41774
      vertex 44.35 -9.64936 5.41774
    endloop
  endfacet
  facet normal 0 -0.777148 -0.629318
    outer loop
      vertex 65.65 -9.64936 5.41774
      vertex 44.35 -9.17508 4.83205
      vertex 65.65 -9.17508 4.83205
    endloop
  endfacet
  facet normal 0 -0.965928 -0.258811
    outer loop
      vertex 44.35 -7.95734 2.09696
      vertex 65.65 -8.15239 2.82492
      vertex 44.35 -8.15239 2.82492
    endloop
  endfacet
  facet normal 0 -0.965928 -0.258811
    outer loop
      vertex 65.65 -8.15239 2.82492
      vertex 44.35 -7.95734 2.09696
      vertex 65.65 -7.95734 2.09696
    endloop
  endfacet
  facet normal 0 -0.70708 -0.707133
    outer loop
      vertex 44.35 -9.64936 5.41774
      vertex 65.65 -10.1823 5.95064
      vertex 44.35 -10.1823 5.95064
    endloop
  endfacet
  facet normal 0 -0.70708 -0.707133
    outer loop
      vertex 65.65 -10.1823 5.95064
      vertex 44.35 -9.64936 5.41774
      vertex 65.65 -9.64936 5.41774
    endloop
  endfacet
  facet normal 0 -0.987687 -0.156441
    outer loop
      vertex 44.35 -7.83944 1.3526
      vertex 65.65 -7.95734 2.09696
      vertex 44.35 -7.95734 2.09696
    endloop
  endfacet
  facet normal 0 -0.987687 -0.156441
    outer loop
      vertex 65.65 -7.95734 2.09696
      vertex 44.35 -7.83944 1.3526
      vertex 65.65 -7.83944 1.3526
    endloop
  endfacet
  facet normal 0 -0.99863 -0.0523332
    outer loop
      vertex 44.35 -7.8 0.6
      vertex 65.65 -7.83944 1.3526
      vertex 44.35 -7.83944 1.3526
    endloop
  endfacet
  facet normal 0 -0.99863 -0.0523332
    outer loop
      vertex 65.65 -7.83944 1.3526
      vertex 44.35 -7.8 0.6
      vertex 65.65 -7.8 0.6
    endloop
  endfacet
  facet normal 0 -0.629377 -0.7771
    outer loop
      vertex 44.35 -10.7679 6.42492
      vertex 65.65 -10.1823 5.95064
      vertex 65.65 -10.7679 6.42492
    endloop
  endfacet
  facet normal -0 -0.629377 -0.7771
    outer loop
      vertex 65.65 -10.1823 5.95064
      vertex 44.35 -10.7679 6.42492
      vertex 44.35 -10.1823 5.95064
    endloop
  endfacet
  facet normal 0 -0.544611 -0.838689
    outer loop
      vertex 44.35 -11.4 6.83538
      vertex 65.65 -10.7679 6.42492
      vertex 65.65 -11.4 6.83538
    endloop
  endfacet
  facet normal -0 -0.544611 -0.838689
    outer loop
      vertex 65.65 -10.7679 6.42492
      vertex 44.35 -11.4 6.83538
      vertex 44.35 -10.7679 6.42492
    endloop
  endfacet
  facet normal 0 -0.156433 -0.987689
    outer loop
      vertex 44.35 -14.2474 7.76056
      vertex 65.65 -13.503 7.64266
      vertex 65.65 -14.2474 7.76056
    endloop
  endfacet
  facet normal -0 -0.156433 -0.987689
    outer loop
      vertex 65.65 -13.503 7.64266
      vertex 44.35 -14.2474 7.76056
      vertex 44.35 -13.503 7.64266
    endloop
  endfacet
  facet normal 0 -0.35836 -0.933583
    outer loop
      vertex 44.35 -12.7751 7.44761
      vertex 65.65 -12.0715 7.17753
      vertex 65.65 -12.7751 7.44761
    endloop
  endfacet
  facet normal -0 -0.35836 -0.933583
    outer loop
      vertex 65.65 -12.0715 7.17753
      vertex 44.35 -12.7751 7.44761
      vertex 44.35 -12.0715 7.17753
    endloop
  endfacet
  facet normal 0 -0.453994 -0.891005
    outer loop
      vertex 44.35 -12.0715 7.17753
      vertex 65.65 -11.4 6.83538
      vertex 65.65 -12.0715 7.17753
    endloop
  endfacet
  facet normal -0 -0.453994 -0.891005
    outer loop
      vertex 65.65 -11.4 6.83538
      vertex 44.35 -12.0715 7.17753
      vertex 44.35 -11.4 6.83538
    endloop
  endfacet
  facet normal 0 -0.258831 -0.965923
    outer loop
      vertex 44.35 -13.503 7.64266
      vertex 65.65 -12.7751 7.44761
      vertex 65.65 -13.503 7.64266
    endloop
  endfacet
  facet normal -0 -0.258831 -0.965923
    outer loop
      vertex 65.65 -12.7751 7.44761
      vertex 44.35 -13.503 7.64266
      vertex 44.35 -12.7751 7.44761
    endloop
  endfacet
  facet normal 1 0 0
    outer loop
      vertex 44.35 -15 0.6
      vertex 44.35 -7.83944 1.3526
      vertex 44.35 -7.95734 2.09696
    endloop
  endfacet
  facet normal 1 0 0
    outer loop
      vertex 44.35 -15 0.6
      vertex 44.35 -7.95734 2.09696
      vertex 44.35 -8.15239 2.82492
    endloop
  endfacet
  facet normal 1 0 0
    outer loop
      vertex 44.35 -15 0.6
      vertex 44.35 -8.15239 2.82492
      vertex 44.35 -8.42247 3.5285
    endloop
  endfacet
  facet normal 1 0 0
    outer loop
      vertex 44.35 -15 0.6
      vertex 44.35 -8.42247 3.5285
      vertex 44.35 -8.76462 4.2
    endloop
  endfacet
  facet normal 1 0 0
    outer loop
      vertex 44.35 -15 0.6
      vertex 44.35 -8.76462 4.2
      vertex 44.35 -9.17508 4.83205
    endloop
  endfacet
  facet normal 1 0 0
    outer loop
      vertex 44.35 -15 0.6
      vertex 44.35 -9.17508 4.83205
      vertex 44.35 -9.64936 5.41774
    endloop
  endfacet
  facet normal 1 0 0
    outer loop
      vertex 44.35 -15 0.6
      vertex 44.35 -9.64936 5.41774
      vertex 44.35 -10.1823 5.95064
    endloop
  endfacet
  facet normal 1 0 0
    outer loop
      vertex 44.35 -15 0.6
      vertex 44.35 -10.1823 5.95064
      vertex 44.35 -10.7679 6.42492
    endloop
  endfacet
  facet normal 1 0 0
    outer loop
      vertex 44.35 -15 0.6
      vertex 44.35 -10.7679 6.42492
      vertex 44.35 -11.4 6.83538
    endloop
  endfacet
  facet normal 1 0 0
    outer loop
      vertex 44.35 -15 0.6
      vertex 44.35 -11.4 6.83538
      vertex 44.35 -12.0715 7.17753
    endloop
  endfacet
  facet normal 1 0 0
    outer loop
      vertex 44.35 -15 0.6
      vertex 44.35 -12.0715 7.17753
      vertex 44.35 -12.7751 7.44761
    endloop
  endfacet
  facet normal 1 0 0
    outer loop
      vertex 44.35 -15 0.6
      vertex 44.35 -12.7751 7.44761
      vertex 44.35 -13.503 7.64266
    endloop
  endfacet
  facet normal 1 0 0
    outer loop
      vertex 44.35 -15 0.6
      vertex 44.35 -13.503 7.64266
      vertex 44.35 -14.2474 7.76056
    endloop
  endfacet
  facet normal 1 0 0
    outer loop
      vertex 44.35 -15 0.6
      vertex 44.35 -14.2474 7.76056
      vertex 44.35 -15 7.8
    endloop
  endfacet
  facet normal 1 0 0
    outer loop
      vertex 44.35 -7.83944 1.3526
      vertex 44.35 -15 0.6
      vertex 44.35 -7.8 0.6
    endloop
  endfacet
  facet normal -1 0 0
    outer loop
      vertex 65.65 -15 0.6
      vertex 65.65 -7.83944 1.3526
      vertex 65.65 -7.8 0.6
    endloop
  endfacet
  facet normal -1 -0 0
    outer loop
      vertex 65.65 -7.83944 1.3526
      vertex 65.65 -15 0.6
      vertex 65.65 -7.95734 2.09696
    endloop
  endfacet
  facet normal -1 -0 0
    outer loop
      vertex 65.65 -7.95734 2.09696
      vertex 65.65 -15 0.6
      vertex 65.65 -8.15239 2.82492
    endloop
  endfacet
  facet normal -1 -0 0
    outer loop
      vertex 65.65 -8.15239 2.82492
      vertex 65.65 -15 0.6
      vertex 65.65 -8.42247 3.5285
    endloop
  endfacet
  facet normal -1 -0 0
    outer loop
      vertex 65.65 -8.42247 3.5285
      vertex 65.65 -15 0.6
      vertex 65.65 -8.76462 4.2
    endloop
  endfacet
  facet normal -1 -0 0
    outer loop
      vertex 65.65 -8.76462 4.2
      vertex 65.65 -15 0.6
      vertex 65.65 -9.17508 4.83205
    endloop
  endfacet
  facet normal -1 -0 0
    outer loop
      vertex 65.65 -9.17508 4.83205
      vertex 65.65 -15 0.6
      vertex 65.65 -9.64936 5.41774
    endloop
  endfacet
  facet normal -1 -0 0
    outer loop
      vertex 65.65 -9.64936 5.41774
      vertex 65.65 -15 0.6
      vertex 65.65 -10.1823 5.95064
    endloop
  endfacet
  facet normal -1 -0 0
    outer loop
      vertex 65.65 -10.1823 5.95064
      vertex 65.65 -15 0.6
      vertex 65.65 -10.7679 6.42492
    endloop
  endfacet
  facet normal -1 -0 0
    outer loop
      vertex 65.65 -10.7679 6.42492
      vertex 65.65 -15 0.6
      vertex 65.65 -11.4 6.83538
    endloop
  endfacet
  facet normal -1 -0 0
    outer loop
      vertex 65.65 -11.4 6.83538
      vertex 65.65 -15 0.6
      vertex 65.65 -12.0715 7.17753
    endloop
  endfacet
  facet normal -1 -0 0
    outer loop
      vertex 65.65 -12.0715 7.17753
      vertex 65.65 -15 0.6
      vertex 65.65 -12.7751 7.44761
    endloop
  endfacet
  facet normal -1 -0 0
    outer loop
      vertex 65.65 -12.7751 7.44761
      vertex 65.65 -15 0.6
      vertex 65.65 -13.503 7.64266
    endloop
  endfacet
  facet normal -1 -0 0
    outer loop
      vertex 65.65 -13.503 7.64266
      vertex 65.65 -15 0.6
      vertex 65.65 -14.2474 7.76056
    endloop
  endfacet
  facet normal -1 -0 0
    outer loop
      vertex 65.65 -14.2474 7.76056
      vertex 65.65 -15 0.6
      vertex 65.65 -15 7.8
    endloop
  endfacet
  facet normal 0 -0.838669 -0.544641
    outer loop
      vertex 44.35 -8.76462 4.2
      vertex 65.65 -9.17508 4.83205
      vertex 44.35 -9.17508 4.83205
    endloop
  endfacet
  facet normal 0 -0.838669 -0.544641
    outer loop
      vertex 65.65 -9.17508 4.83205
      vertex 44.35 -8.76462 4.2
      vertex 65.65 -8.76462 4.2
    endloop
  endfacet
  facet normal 0 -0.0523332 -0.99863
    outer loop
      vertex 44.35 -15 7.8
      vertex 65.65 -14.2474 7.76056
      vertex 65.65 -15 7.8
    endloop
  endfacet
  facet normal -0 -0.0523332 -0.99863
    outer loop
      vertex 65.65 -14.2474 7.76056
      vertex 44.35 -15 7.8
      vertex 44.35 -14.2474 7.76056
    endloop
  endfacet
  facet normal -0 0 1
    outer loop
      vertex 43.6 -6.6 0.6
      vertex 66.4 -7.2 0.6
      vertex 66.4 -6.6 0.6
    endloop
  endfacet
  facet normal 0 0 1
    outer loop
      vertex 66.4 -7.2 0.6
      vertex 43.6 -6.6 0.6
      vertex 43.6 -7.2 0.6
    endloop
  endfacet
  facet normal 0 0 -1
    outer loop
      vertex 43.3 -15 0.6
      vertex 43.6 -7.2 0.6
      vertex 43.6 -15 0.6
    endloop
  endfacet
  facet normal -0 0 -1
    outer loop
      vertex 43.6 -7.2 0.6
      vertex 43.3 -15 0.6
      vertex 43.3 -7.2 0.6
    endloop
  endfacet
  facet normal 0 0 -1
    outer loop
      vertex 66.4 -15 0.6
      vertex 66.7 -7.2 0.6
      vertex 66.7 -15 0.6
    endloop
  endfacet
  facet normal -0 0 -1
    outer loop
      vertex 66.7 -7.2 0.6
      vertex 66.4 -15 0.6
      vertex 66.4 -7.2 0.6
    endloop
  endfacet
  facet normal -0 0 1
    outer loop
      vertex 44.35 -7.8 0.6
      vertex 65.65 -15 0.6
      vertex 65.65 -7.8 0.6
    endloop
  endfacet
  facet normal 0 0 1
    outer loop
      vertex 65.65 -15 0.6
      vertex 44.35 -7.8 0.6
      vertex 44.35 -15 0.6
    endloop
  endfacet
  facet normal 1 0 0
    outer loop
      vertex 66.4 -6.6 0.6
      vertex 66.4 -3.6 0.75
      vertex 66.4 -6.6 0.75
    endloop
  endfacet
  facet normal 1 0 0
    outer loop
      vertex 66.4 -3.6 0.75
      vertex 66.4 -6.6 0.6
      vertex 66.4 -3.6 0
    endloop
  endfacet
  facet normal 1 -0 0
    outer loop
      vertex 66.4 -7.2 0.6
      vertex 66.4 -3.6 0
      vertex 66.4 -6.6 0.6
    endloop
  endfacet
  facet normal 1 0 0
    outer loop
      vertex 66.4 -15 0
      vertex 66.4 -7.2 0.6
      vertex 66.4 -15 0.6
    endloop
  endfacet
  facet normal 1 0 0
    outer loop
      vertex 66.4 -7.2 0.6
      vertex 66.4 -15 0
      vertex 66.4 -3.6 0
    endloop
  endfacet
  facet normal 0 0 -1
    outer loop
      vertex 44.35 -15 0
      vertex 43.6 -15 0
      vertex 44.35 -7.35 0
    endloop
  endfacet
  facet normal 0 0 -1
    outer loop
      vertex 65.65 -7.35 0
      vertex 66.4 -15 0
      vertex 65.65 -15 0
    endloop
  endfacet
  facet normal 0 0 -1
    outer loop
      vertex 66.4 -15 0
      vertex 65.65 -7.35 0
      vertex 66.4 -3.6 0
    endloop
  endfacet
  facet normal 0 0 -1
    outer loop
      vertex 44.35 -7.35 0
      vertex 66.4 -3.6 0
      vertex 65.65 -7.35 0
    endloop
  endfacet
  facet normal 0 0 -1
    outer loop
      vertex 44.35 -7.35 0
      vertex 43.6 -3.6 0
      vertex 66.4 -3.6 0
    endloop
  endfacet
  facet normal 0 0 -1
    outer loop
      vertex 43.6 -3.6 0
      vertex 44.35 -7.35 0
      vertex 43.6 -15 0
    endloop
  endfacet
  facet normal 0 0 -1
    outer loop
      vertex 45.1 -15 0
      vertex 64.9 -8.1 0
      vertex 64.9 -15 0
    endloop
  endfacet
  facet normal -0 0 -1
    outer loop
      vertex 64.9 -8.1 0
      vertex 45.1 -15 0
      vertex 45.1 -8.1 0
    endloop
  endfacet
  facet normal -1 0 0
    outer loop
      vertex 43.6 -3.6 0
      vertex 43.6 -6.6 0.6
      vertex 43.6 -3.6 0.75
    endloop
  endfacet
  facet normal -1 0 0
    outer loop
      vertex 43.6 -3.6 0
      vertex 43.6 -7.2 0.6
      vertex 43.6 -6.6 0.6
    endloop
  endfacet
  facet normal -1 0 0
    outer loop
      vertex 43.6 -15 0
      vertex 43.6 -7.2 0.6
      vertex 43.6 -3.6 0
    endloop
  endfacet
  facet normal -1 -0 0
    outer loop
      vertex 43.6 -7.2 0.6
      vertex 43.6 -15 0
      vertex 43.6 -15 0.6
    endloop
  endfacet
  facet normal -1 -0 0
    outer loop
      vertex 43.6 -3.6 0.75
      vertex 43.6 -6.6 0.6
      vertex 43.6 -6.6 0.75
    endloop
  endfacet
  facet normal -0 0 1
    outer loop
      vertex 43.6 -3.6 0.75
      vertex 66.4 -6.6 0.75
      vertex 66.4 -3.6 0.75
    endloop
  endfacet
  facet normal 0 0 1
    outer loop
      vertex 66.4 -6.6 0.75
      vertex 43.6 -3.6 0.75
      vertex 43.6 -6.6 0.75
    endloop
  endfacet
  facet normal 0 1 -0
    outer loop
      vertex 66.4 -3.6 0
      vertex 43.6 -3.6 0.75
      vertex 66.4 -3.6 0.75
    endloop
  endfacet
  facet normal 0 1 0
    outer loop
      vertex 43.6 -3.6 0.75
      vertex 66.4 -3.6 0
      vertex 43.6 -3.6 0
    endloop
  endfacet
  facet normal 0 -1 0
    outer loop
      vertex 43.6 -6.6 0.6
      vertex 66.4 -6.6 0.75
      vertex 43.6 -6.6 0.75
    endloop
  endfacet
  facet normal 0 -1 -0
    outer loop
      vertex 66.4 -6.6 0.75
      vertex 43.6 -6.6 0.6
      vertex 66.4 -6.6 0.6
    endloop
  endfacet
  facet normal 0.156649 0 0.987654
    outer loop
      vertex 55.1568 -14.4 10.7918
      vertex 55.3119 -15 10.7672
      vertex 55.3119 -14.4 10.7672
    endloop
  endfacet
  facet normal 0.156649 0 0.987654
    outer loop
      vertex 55.3119 -15 10.7672
      vertex 55.1568 -14.4 10.7918
      vertex 55.1568 -15 10.7918
    endloop
  endfacet
  facet normal 0.987651 -0 0.156669
    outer loop
      vertex 56.4672 -15 9.61187
      vertex 56.4918 -14.4 9.45679
      vertex 56.4672 -14.4 9.61187
    endloop
  endfacet
  facet normal 0.987651 0 0.156669
    outer loop
      vertex 56.4918 -14.4 9.45679
      vertex 56.4672 -15 9.61187
      vertex 56.4918 -15 9.45679
    endloop
  endfacet
  facet normal 0.998635 -0 0.0522279
    outer loop
      vertex 56.4918 -15 9.45679
      vertex 56.5 -14.4 9.3
      vertex 56.4918 -14.4 9.45679
    endloop
  endfacet
  facet normal 0.998635 0 0.0522279
    outer loop
      vertex 56.5 -14.4 9.3
      vertex 56.4918 -15 9.45679
      vertex 56.5 -15 9.3
    endloop
  endfacet
  facet normal 0.965985 -0 0.258598
    outer loop
      vertex 56.4266 -15 9.76353
      vertex 56.4672 -14.4 9.61187
      vertex 56.4266 -14.4 9.76353
    endloop
  endfacet
  facet normal 0.965985 0 0.258598
    outer loop
      vertex 56.4672 -14.4 9.61187
      vertex 56.4266 -15 9.76353
      vertex 56.4672 -15 9.61187
    endloop
  endfacet
  facet normal -0.0522246 0 0.998635
    outer loop
      vertex 54.8432 -14.4 10.7918
      vertex 55 -15 10.8
      vertex 55 -14.4 10.8
    endloop
  endfacet
  facet normal -0.0522246 0 0.998635
    outer loop
      vertex 55 -15 10.8
      vertex 54.8432 -14.4 10.7918
      vertex 54.8432 -15 10.7918
    endloop
  endfacet
  facet normal -0.987651 0 -0.156669
    outer loop
      vertex 53.5328 -15 8.98813
      vertex 53.5082 -14.4 9.14321
      vertex 53.5328 -14.4 8.98813
    endloop
  endfacet
  facet normal -0.987651 -0 -0.156669
    outer loop
      vertex 53.5082 -14.4 9.14321
      vertex 53.5328 -15 8.98813
      vertex 53.5082 -15 9.14321
    endloop
  endfacet
  facet normal -0.890962 0 0.454078
    outer loop
      vertex 53.6297 -15 9.9101
      vertex 53.701 -14.4 10.05
      vertex 53.6297 -14.4 9.9101
    endloop
  endfacet
  facet normal -0.890962 0 0.454078
    outer loop
      vertex 53.701 -14.4 10.05
      vertex 53.6297 -15 9.9101
      vertex 53.701 -15 10.05
    endloop
  endfacet
  facet normal -0.707107 0 0.707107
    outer loop
      vertex 53.8853 -15 10.3037
      vertex 53.9963 -14.4 10.4147
      vertex 53.8853 -14.4 10.3037
    endloop
  endfacet
  facet normal -0.707107 0 0.707107
    outer loop
      vertex 53.9963 -14.4 10.4147
      vertex 53.8853 -15 10.3037
      vertex 53.9963 -15 10.4147
    endloop
  endfacet
  facet normal 0.707107 -0 0.707107
    outer loop
      vertex 56.0037 -15 10.4147
      vertex 56.1147 -14.4 10.3037
      vertex 56.0037 -14.4 10.4147
    endloop
  endfacet
  facet normal 0.707107 0 0.707107
    outer loop
      vertex 56.1147 -14.4 10.3037
      vertex 56.0037 -15 10.4147
      vertex 56.1147 -15 10.3037
    endloop
  endfacet
  facet normal 0.35851 0 0.933526
    outer loop
      vertex 55.4635 -14.4 10.7266
      vertex 55.6101 -15 10.6703
      vertex 55.6101 -14.4 10.6703
    endloop
  endfacet
  facet normal 0.35851 0 0.933526
    outer loop
      vertex 55.6101 -15 10.6703
      vertex 55.4635 -14.4 10.7266
      vertex 55.4635 -15 10.7266
    endloop
  endfacet
  facet normal -0.965985 0 -0.258598
    outer loop
      vertex 53.5734 -15 8.83647
      vertex 53.5328 -14.4 8.98813
      vertex 53.5734 -14.4 8.83647
    endloop
  endfacet
  facet normal -0.965985 -0 -0.258598
    outer loop
      vertex 53.5328 -14.4 8.98813
      vertex 53.5734 -15 8.83647
      vertex 53.5328 -15 8.98813
    endloop
  endfacet
  facet normal 0.987651 0 -0.156669
    outer loop
      vertex 56.4918 -15 9.14321
      vertex 56.4672 -14.4 8.98813
      vertex 56.4918 -14.4 9.14321
    endloop
  endfacet
  facet normal 0.987651 0 -0.156669
    outer loop
      vertex 56.4672 -14.4 8.98813
      vertex 56.4918 -15 9.14321
      vertex 56.4672 -15 8.98813
    endloop
  endfacet
  facet normal 0.629345 0 0.777126
    outer loop
      vertex 55.8817 -14.4 10.5135
      vertex 56.0037 -15 10.4147
      vertex 56.0037 -14.4 10.4147
    endloop
  endfacet
  facet normal 0.629345 0 0.777126
    outer loop
      vertex 56.0037 -15 10.4147
      vertex 55.8817 -14.4 10.5135
      vertex 55.8817 -15 10.5135
    endloop
  endfacet
  facet normal 0.838749 -0 0.544518
    outer loop
      vertex 56.2135 -15 10.1817
      vertex 56.299 -14.4 10.05
      vertex 56.2135 -14.4 10.1817
    endloop
  endfacet
  facet normal 0.838749 0 0.544518
    outer loop
      vertex 56.299 -14.4 10.05
      vertex 56.2135 -15 10.1817
      vertex 56.299 -15 10.05
    endloop
  endfacet
  facet normal -0.258694 0 0.965959
    outer loop
      vertex 54.5365 -14.4 10.7266
      vertex 54.6881 -15 10.7672
      vertex 54.6881 -14.4 10.7672
    endloop
  endfacet
  facet normal -0.258694 0 0.965959
    outer loop
      vertex 54.6881 -15 10.7672
      vertex 54.5365 -14.4 10.7266
      vertex 54.5365 -15 10.7266
    endloop
  endfacet
  facet normal 0.998635 0 -0.0522279
    outer loop
      vertex 56.5 -15 9.3
      vertex 56.4918 -14.4 9.14321
      vertex 56.5 -14.4 9.3
    endloop
  endfacet
  facet normal 0.998635 0 -0.0522279
    outer loop
      vertex 56.4918 -14.4 9.14321
      vertex 56.5 -15 9.3
      vertex 56.4918 -15 9.14321
    endloop
  endfacet
  facet normal 0.93351 0 -0.358552
    outer loop
      vertex 56.4266 -15 8.83647
      vertex 56.3703 -14.4 8.68989
      vertex 56.4266 -14.4 8.83647
    endloop
  endfacet
  facet normal 0.93351 0 -0.358552
    outer loop
      vertex 56.3703 -14.4 8.68989
      vertex 56.4266 -15 8.83647
      vertex 56.3703 -15 8.68989
    endloop
  endfacet
  facet normal 0.838711 0 -0.544576
    outer loop
      vertex 56.299 -15 8.55
      vertex 56.2135 -14.4 8.41832
      vertex 56.299 -14.4 8.55
    endloop
  endfacet
  facet normal 0.838711 0 -0.544576
    outer loop
      vertex 56.2135 -14.4 8.41832
      vertex 56.299 -15 8.55
      vertex 56.2135 -15 8.41832
    endloop
  endfacet
  facet normal -0.544518 0 0.838749
    outer loop
      vertex 54.1183 -14.4 10.5135
      vertex 54.25 -15 10.599
      vertex 54.25 -14.4 10.599
    endloop
  endfacet
  facet normal -0.544518 0 0.838749
    outer loop
      vertex 54.25 -15 10.599
      vertex 54.1183 -14.4 10.5135
      vertex 54.1183 -15 10.5135
    endloop
  endfacet
  facet normal 0.965985 0 -0.258598
    outer loop
      vertex 56.4672 -15 8.98813
      vertex 56.4266 -14.4 8.83647
      vertex 56.4672 -14.4 8.98813
    endloop
  endfacet
  facet normal 0.965985 0 -0.258598
    outer loop
      vertex 56.4266 -14.4 8.83647
      vertex 56.4672 -15 8.98813
      vertex 56.4266 -15 8.83647
    endloop
  endfacet
  facet normal -0.933501 0 0.358574
    outer loop
      vertex 53.5734 -15 9.76353
      vertex 53.6297 -14.4 9.9101
      vertex 53.5734 -14.4 9.76353
    endloop
  endfacet
  facet normal -0.933501 0 0.358574
    outer loop
      vertex 53.6297 -14.4 9.9101
      vertex 53.5734 -15 9.76353
      vertex 53.6297 -15 9.9101
    endloop
  endfacet
  facet normal -0.629345 0 0.777126
    outer loop
      vertex 53.9963 -14.4 10.4147
      vertex 54.1183 -15 10.5135
      vertex 54.1183 -14.4 10.5135
    endloop
  endfacet
  facet normal -0.629345 0 0.777126
    outer loop
      vertex 54.1183 -15 10.5135
      vertex 53.9963 -14.4 10.4147
      vertex 53.9963 -15 10.4147
    endloop
  endfacet
  facet normal -0.838711 0 -0.544576
    outer loop
      vertex 53.7865 -15 8.41832
      vertex 53.701 -14.4 8.55
      vertex 53.7865 -14.4 8.41832
    endloop
  endfacet
  facet normal -0.838711 -0 -0.544576
    outer loop
      vertex 53.701 -14.4 8.55
      vertex 53.7865 -15 8.41832
      vertex 53.701 -15 8.55
    endloop
  endfacet
  facet normal -0.838749 0 0.544518
    outer loop
      vertex 53.701 -15 10.05
      vertex 53.7865 -14.4 10.1817
      vertex 53.701 -14.4 10.05
    endloop
  endfacet
  facet normal -0.838749 0 0.544518
    outer loop
      vertex 53.7865 -14.4 10.1817
      vertex 53.701 -15 10.05
      vertex 53.7865 -15 10.1817
    endloop
  endfacet
  facet normal 0.454078 0 0.890962
    outer loop
      vertex 55.6101 -14.4 10.6703
      vertex 55.75 -15 10.599
      vertex 55.75 -14.4 10.599
    endloop
  endfacet
  facet normal 0.454078 0 0.890962
    outer loop
      vertex 55.75 -15 10.599
      vertex 55.6101 -14.4 10.6703
      vertex 55.6101 -15 10.6703
    endloop
  endfacet
  facet normal 0.890949 0 -0.454104
    outer loop
      vertex 56.3703 -15 8.68989
      vertex 56.299 -14.4 8.55
      vertex 56.3703 -14.4 8.68989
    endloop
  endfacet
  facet normal 0.890949 0 -0.454104
    outer loop
      vertex 56.299 -14.4 8.55
      vertex 56.3703 -15 8.68989
      vertex 56.299 -15 8.55
    endloop
  endfacet
  facet normal 0.258694 0 0.965959
    outer loop
      vertex 55.3119 -14.4 10.7672
      vertex 55.4635 -15 10.7266
      vertex 55.4635 -14.4 10.7266
    endloop
  endfacet
  facet normal 0.258694 0 0.965959
    outer loop
      vertex 55.4635 -15 10.7266
      vertex 55.3119 -14.4 10.7672
      vertex 55.3119 -15 10.7672
    endloop
  endfacet
  facet normal 0.777877 0 -0.628416
    outer loop
      vertex 56.1987 -15 8.4
      vertex 56.2135 -14.4 8.41832
      vertex 56.2135 -15 8.41832
    endloop
  endfacet
  facet normal 0.777107 4.81007e-05 -0.629369
    outer loop
      vertex 56.2135 -14.4 8.41832
      vertex 56.1987 -15 8.4
      vertex 56.1732 -14.4 8.36856
    endloop
  endfacet
  facet normal 0.777126 -0 0.629345
    outer loop
      vertex 56.1147 -15 10.3037
      vertex 56.2135 -14.4 10.1817
      vertex 56.1147 -14.4 10.3037
    endloop
  endfacet
  facet normal 0.777126 0 0.629345
    outer loop
      vertex 56.2135 -14.4 10.1817
      vertex 56.1147 -15 10.3037
      vertex 56.2135 -15 10.1817
    endloop
  endfacet
  facet normal 0.544518 0 0.838749
    outer loop
      vertex 55.75 -14.4 10.599
      vertex 55.8817 -15 10.5135
      vertex 55.8817 -14.4 10.5135
    endloop
  endfacet
  facet normal 0.544518 0 0.838749
    outer loop
      vertex 55.8817 -15 10.5135
      vertex 55.75 -14.4 10.599
      vertex 55.75 -15 10.599
    endloop
  endfacet
  facet normal -0.156649 0 0.987654
    outer loop
      vertex 54.6881 -14.4 10.7672
      vertex 54.8432 -15 10.7918
      vertex 54.8432 -14.4 10.7918
    endloop
  endfacet
  facet normal -0.156649 0 0.987654
    outer loop
      vertex 54.8432 -15 10.7918
      vertex 54.6881 -14.4 10.7672
      vertex 54.6881 -15 10.7672
    endloop
  endfacet
  facet normal 0.933501 -0 0.358574
    outer loop
      vertex 56.3703 -15 9.9101
      vertex 56.4266 -14.4 9.76353
      vertex 56.3703 -14.4 9.9101
    endloop
  endfacet
  facet normal 0.933501 0 0.358574
    outer loop
      vertex 56.4266 -14.4 9.76353
      vertex 56.3703 -15 9.9101
      vertex 56.4266 -15 9.76353
    endloop
  endfacet
  facet normal 0.0522246 0 0.998635
    outer loop
      vertex 55 -14.4 10.8
      vertex 55.1568 -15 10.7918
      vertex 55.1568 -14.4 10.7918
    endloop
  endfacet
  facet normal 0.0522246 0 0.998635
    outer loop
      vertex 55.1568 -15 10.7918
      vertex 55 -14.4 10.8
      vertex 55 -15 10.8
    endloop
  endfacet
  facet normal -0.987651 0 0.156669
    outer loop
      vertex 53.5082 -15 9.45679
      vertex 53.5328 -14.4 9.61187
      vertex 53.5082 -14.4 9.45679
    endloop
  endfacet
  facet normal -0.987651 0 0.156669
    outer loop
      vertex 53.5328 -14.4 9.61187
      vertex 53.5082 -15 9.45679
      vertex 53.5328 -15 9.61187
    endloop
  endfacet
  facet normal 0.890962 -0 0.454078
    outer loop
      vertex 56.299 -15 10.05
      vertex 56.3703 -14.4 9.9101
      vertex 56.299 -14.4 10.05
    endloop
  endfacet
  facet normal 0.890962 0 0.454078
    outer loop
      vertex 56.3703 -14.4 9.9101
      vertex 56.299 -15 10.05
      vertex 56.3703 -15 9.9101
    endloop
  endfacet
  facet normal -0.454078 0 0.890962
    outer loop
      vertex 54.25 -14.4 10.599
      vertex 54.3899 -15 10.6703
      vertex 54.3899 -14.4 10.6703
    endloop
  endfacet
  facet normal -0.454078 0 0.890962
    outer loop
      vertex 54.3899 -15 10.6703
      vertex 54.25 -14.4 10.599
      vertex 54.25 -15 10.599
    endloop
  endfacet
  facet normal -0.777126 0 0.629345
    outer loop
      vertex 53.7865 -15 10.1817
      vertex 53.8853 -14.4 10.3037
      vertex 53.7865 -14.4 10.1817
    endloop
  endfacet
  facet normal -0.777126 0 0.629345
    outer loop
      vertex 53.8853 -14.4 10.3037
      vertex 53.7865 -15 10.1817
      vertex 53.8853 -15 10.3037
    endloop
  endfacet
  facet normal -0.93351 0 -0.358552
    outer loop
      vertex 53.6297 -15 8.68989
      vertex 53.5734 -14.4 8.83647
      vertex 53.6297 -14.4 8.68989
    endloop
  endfacet
  facet normal -0.93351 -0 -0.358552
    outer loop
      vertex 53.5734 -14.4 8.83647
      vertex 53.6297 -15 8.68989
      vertex 53.5734 -15 8.83647
    endloop
  endfacet
  facet normal -0.965985 0 0.258598
    outer loop
      vertex 53.5328 -15 9.61187
      vertex 53.5734 -14.4 9.76353
      vertex 53.5328 -14.4 9.61187
    endloop
  endfacet
  facet normal -0.965985 0 0.258598
    outer loop
      vertex 53.5734 -14.4 9.76353
      vertex 53.5328 -15 9.61187
      vertex 53.5734 -15 9.76353
    endloop
  endfacet
  facet normal -0.890949 0 -0.454104
    outer loop
      vertex 53.701 -15 8.55
      vertex 53.6297 -14.4 8.68989
      vertex 53.701 -14.4 8.55
    endloop
  endfacet
  facet normal -0.890949 -0 -0.454104
    outer loop
      vertex 53.6297 -14.4 8.68989
      vertex 53.701 -15 8.55
      vertex 53.6297 -15 8.68989
    endloop
  endfacet
  facet normal -0.998635 0 -0.0522279
    outer loop
      vertex 53.5082 -15 9.14321
      vertex 53.5 -14.4 9.3
      vertex 53.5082 -14.4 9.14321
    endloop
  endfacet
  facet normal -0.998635 -0 -0.0522279
    outer loop
      vertex 53.5 -14.4 9.3
      vertex 53.5082 -15 9.14321
      vertex 53.5 -15 9.3
    endloop
  endfacet
  facet normal -0.35851 0 0.933526
    outer loop
      vertex 54.3899 -14.4 10.6703
      vertex 54.5365 -15 10.7266
      vertex 54.5365 -14.4 10.7266
    endloop
  endfacet
  facet normal -0.35851 0 0.933526
    outer loop
      vertex 54.5365 -15 10.7266
      vertex 54.3899 -14.4 10.6703
      vertex 54.3899 -15 10.6703
    endloop
  endfacet
  facet normal -0.777107 4.81007e-05 -0.629369
    outer loop
      vertex 53.8013 -15 8.4
      vertex 53.7865 -14.4 8.41832
      vertex 53.8268 -14.4 8.36856
    endloop
  endfacet
  facet normal -0.777877 -0 -0.628416
    outer loop
      vertex 53.7865 -14.4 8.41832
      vertex 53.8013 -15 8.4
      vertex 53.7865 -15 8.41832
    endloop
  endfacet
  facet normal 0 1 0
    outer loop
      vertex 55 -14.4 10.2
      vertex 55 -14.4 10.8
      vertex 55.1568 -14.4 10.7918
    endloop
  endfacet
  facet normal 0 1 0
    outer loop
      vertex 55.0941 -14.4 10.1951
      vertex 55.1568 -14.4 10.7918
      vertex 55.3119 -14.4 10.7672
    endloop
  endfacet
  facet normal 0 1 0
    outer loop
      vertex 55 -14.4 10.8
      vertex 55 -14.4 10.2
      vertex 54.8432 -14.4 10.7918
    endloop
  endfacet
  facet normal 0 1 0
    outer loop
      vertex 55.1871 -14.4 10.1803
      vertex 55.3119 -14.4 10.7672
      vertex 55.4635 -14.4 10.7266
    endloop
  endfacet
  facet normal 0 1 -0
    outer loop
      vertex 54.9059 -14.4 10.1951
      vertex 54.8432 -14.4 10.7918
      vertex 55 -14.4 10.2
    endloop
  endfacet
  facet normal 0 1 0
    outer loop
      vertex 55.2781 -14.4 10.156
      vertex 55.4635 -14.4 10.7266
      vertex 55.6101 -14.4 10.6703
    endloop
  endfacet
  facet normal 0 1 0
    outer loop
      vertex 54.8432 -14.4 10.7918
      vertex 54.9059 -14.4 10.1951
      vertex 54.6881 -14.4 10.7672
    endloop
  endfacet
  facet normal 0 1 0
    outer loop
      vertex 55.3661 -14.4 10.1222
      vertex 55.6101 -14.4 10.6703
      vertex 55.75 -14.4 10.599
    endloop
  endfacet
  facet normal 0 1 -0
    outer loop
      vertex 54.8129 -14.4 10.1803
      vertex 54.6881 -14.4 10.7672
      vertex 54.9059 -14.4 10.1951
    endloop
  endfacet
  facet normal 0 1 0
    outer loop
      vertex 55.45 -14.4 10.0794
      vertex 55.75 -14.4 10.599
      vertex 55.8817 -14.4 10.5135
    endloop
  endfacet
  facet normal 0 1 0
    outer loop
      vertex 54.6881 -14.4 10.7672
      vertex 54.8129 -14.4 10.1803
      vertex 54.5365 -14.4 10.7266
    endloop
  endfacet
  facet normal 0 1 0
    outer loop
      vertex 55.529 -14.4 10.0281
      vertex 55.8817 -14.4 10.5135
      vertex 56.0037 -14.4 10.4147
    endloop
  endfacet
  facet normal 0 1 -0
    outer loop
      vertex 54.7219 -14.4 10.156
      vertex 54.5365 -14.4 10.7266
      vertex 54.8129 -14.4 10.1803
    endloop
  endfacet
  facet normal 0 1 0
    outer loop
      vertex 55.6022 -14.4 9.96883
      vertex 56.0037 -14.4 10.4147
      vertex 56.1147 -14.4 10.3037
    endloop
  endfacet
  facet normal 0 1 0
    outer loop
      vertex 54.5365 -14.4 10.7266
      vertex 54.7219 -14.4 10.156
      vertex 54.3899 -14.4 10.6703
    endloop
  endfacet
  facet normal 0 1 -0
    outer loop
      vertex 54.6339 -14.4 10.1222
      vertex 54.3899 -14.4 10.6703
      vertex 54.7219 -14.4 10.156
    endloop
  endfacet
  facet normal 0 1 0
    outer loop
      vertex 55.1568 -14.4 10.7918
      vertex 55.0941 -14.4 10.1951
      vertex 55 -14.4 10.2
    endloop
  endfacet
  facet normal 0 1 0
    outer loop
      vertex 55.6688 -14.4 9.90222
      vertex 56.1147 -14.4 10.3037
      vertex 56.2135 -14.4 10.1817
    endloop
  endfacet
  facet normal 0 1 0
    outer loop
      vertex 55.3119 -14.4 10.7672
      vertex 55.1871 -14.4 10.1803
      vertex 55.0941 -14.4 10.1951
    endloop
  endfacet
  facet normal 0 1 0
    outer loop
      vertex 55.4635 -14.4 10.7266
      vertex 55.2781 -14.4 10.156
      vertex 55.1871 -14.4 10.1803
    endloop
  endfacet
  facet normal 0 1 0
    outer loop
      vertex 55.6101 -14.4 10.6703
      vertex 55.3661 -14.4 10.1222
      vertex 55.2781 -14.4 10.156
    endloop
  endfacet
  facet normal 0 1 0
    outer loop
      vertex 55.75 -14.4 10.599
      vertex 55.45 -14.4 10.0794
      vertex 55.3661 -14.4 10.1222
    endloop
  endfacet
  facet normal 0 1 0
    outer loop
      vertex 55.7281 -14.4 9.82901
      vertex 56.2135 -14.4 10.1817
      vertex 56.299 -14.4 10.05
    endloop
  endfacet
  facet normal 0 1 0
    outer loop
      vertex 55.8817 -14.4 10.5135
      vertex 55.529 -14.4 10.0281
      vertex 55.45 -14.4 10.0794
    endloop
  endfacet
  facet normal 0 1 0
    outer loop
      vertex 56.0037 -14.4 10.4147
      vertex 55.6022 -14.4 9.96883
      vertex 55.529 -14.4 10.0281
    endloop
  endfacet
  facet normal 0 1 0
    outer loop
      vertex 55.7794 -14.4 9.75
      vertex 56.299 -14.4 10.05
      vertex 56.3703 -14.4 9.9101
    endloop
  endfacet
  facet normal 0 1 0
    outer loop
      vertex 56.1147 -14.4 10.3037
      vertex 55.6688 -14.4 9.90222
      vertex 55.6022 -14.4 9.96883
    endloop
  endfacet
  facet normal 0 1 0
    outer loop
      vertex 56.2135 -14.4 10.1817
      vertex 55.7281 -14.4 9.82901
      vertex 55.6688 -14.4 9.90222
    endloop
  endfacet
  facet normal 0 1 0
    outer loop
      vertex 55.8222 -14.4 9.66606
      vertex 56.3703 -14.4 9.9101
      vertex 56.4266 -14.4 9.76353
    endloop
  endfacet
  facet normal 0 1 0
    outer loop
      vertex 56.299 -14.4 10.05
      vertex 55.7794 -14.4 9.75
      vertex 55.7281 -14.4 9.82901
    endloop
  endfacet
  facet normal 0 1 0
    outer loop
      vertex 56.3703 -14.4 9.9101
      vertex 55.8222 -14.4 9.66606
      vertex 55.7794 -14.4 9.75
    endloop
  endfacet
  facet normal 0 1 0
    outer loop
      vertex 55.8559 -14.4 9.57812
      vertex 56.4266 -14.4 9.76353
      vertex 56.4672 -14.4 9.61187
    endloop
  endfacet
  facet normal 0 1 0
    outer loop
      vertex 56.4266 -14.4 9.76353
      vertex 55.8559 -14.4 9.57812
      vertex 55.8222 -14.4 9.66606
    endloop
  endfacet
  facet normal 0 1 0
    outer loop
      vertex 56.4672 -14.4 9.61187
      vertex 55.8803 -14.4 9.48712
      vertex 55.8559 -14.4 9.57812
    endloop
  endfacet
  facet normal 0 1 0
    outer loop
      vertex 56.4918 -14.4 9.45679
      vertex 55.8803 -14.4 9.48712
      vertex 56.4672 -14.4 9.61187
    endloop
  endfacet
  facet normal 0 1 0
    outer loop
      vertex 56.4918 -14.4 9.45679
      vertex 55.8951 -14.4 9.39408
      vertex 55.8803 -14.4 9.48712
    endloop
  endfacet
  facet normal 0 1 0
    outer loop
      vertex 56.5 -14.4 9.3
      vertex 55.8951 -14.4 9.39408
      vertex 56.4918 -14.4 9.45679
    endloop
  endfacet
  facet normal 0 1 0
    outer loop
      vertex 56.5 -14.4 9.3
      vertex 55.9 -14.4 9.3
      vertex 55.8951 -14.4 9.39408
    endloop
  endfacet
  facet normal 0 1 0
    outer loop
      vertex 56.5 -14.4 9.3
      vertex 55.8951 -14.4 9.20592
      vertex 55.9 -14.4 9.3
    endloop
  endfacet
  facet normal 0 1 -0
    outer loop
      vertex 56.4918 -14.4 9.14321
      vertex 55.8951 -14.4 9.20592
      vertex 56.5 -14.4 9.3
    endloop
  endfacet
  facet normal 0 1 0
    outer loop
      vertex 56.4918 -14.4 9.14321
      vertex 55.8803 -14.4 9.11288
      vertex 55.8951 -14.4 9.20592
    endloop
  endfacet
  facet normal 0 1 -0
    outer loop
      vertex 56.4672 -14.4 8.98813
      vertex 55.8803 -14.4 9.11288
      vertex 56.4918 -14.4 9.14321
    endloop
  endfacet
  facet normal 0 1 0
    outer loop
      vertex 55.8803 -14.4 9.11288
      vertex 56.4672 -14.4 8.98813
      vertex 55.8559 -14.4 9.02188
    endloop
  endfacet
  facet normal 0 1 -0
    outer loop
      vertex 56.4266 -14.4 8.83647
      vertex 55.8559 -14.4 9.02188
      vertex 56.4672 -14.4 8.98813
    endloop
  endfacet
  facet normal 0 1 0
    outer loop
      vertex 55.8559 -14.4 9.02188
      vertex 56.4266 -14.4 8.83647
      vertex 55.8222 -14.4 8.93394
    endloop
  endfacet
  facet normal 0 1 -0
    outer loop
      vertex 56.3703 -14.4 8.68989
      vertex 55.8222 -14.4 8.93394
      vertex 56.4266 -14.4 8.83647
    endloop
  endfacet
  facet normal 0 1 0
    outer loop
      vertex 55.8222 -14.4 8.93394
      vertex 56.3703 -14.4 8.68989
      vertex 55.7794 -14.4 8.85
    endloop
  endfacet
  facet normal 0 1 -0
    outer loop
      vertex 56.299 -14.4 8.55
      vertex 55.7794 -14.4 8.85
      vertex 56.3703 -14.4 8.68989
    endloop
  endfacet
  facet normal 0 1 0
    outer loop
      vertex 55.7794 -14.4 8.85
      vertex 56.299 -14.4 8.55
      vertex 55.7281 -14.4 8.77099
    endloop
  endfacet
  facet normal 0 1 -0
    outer loop
      vertex 56.2135 -14.4 8.41832
      vertex 55.7281 -14.4 8.77099
      vertex 56.299 -14.4 8.55
    endloop
  endfacet
  facet normal 0 1 -0
    outer loop
      vertex 56.1732 -14.4 8.36856
      vertex 55.7281 -14.4 8.77099
      vertex 56.2135 -14.4 8.41832
    endloop
  endfacet
  facet normal 0 1 0
    outer loop
      vertex 55.7281 -14.4 8.77099
      vertex 56.1732 -14.4 8.36856
      vertex 55.6688 -14.4 8.69778
    endloop
  endfacet
  facet normal 0 1 0
    outer loop
      vertex 55.6688 -14.4 8.69778
      vertex 56.1732 -14.4 8.36856
      vertex 55.6022 -14.4 8.63117
    endloop
  endfacet
  facet normal 0 1 0
    outer loop
      vertex 55.6022 -14.4 8.63117
      vertex 56.1732 -14.4 8.36856
      vertex 55.529 -14.4 8.57189
    endloop
  endfacet
  facet normal 0 1 0
    outer loop
      vertex 55.529 -14.4 8.57189
      vertex 56.1732 -14.4 8.36856
      vertex 55.45 -14.4 8.52058
    endloop
  endfacet
  facet normal 0 1 0
    outer loop
      vertex 55.45 -14.4 8.52058
      vertex 56.1732 -14.4 8.36856
      vertex 55.3661 -14.4 8.47781
    endloop
  endfacet
  facet normal 0 1 0
    outer loop
      vertex 55.3661 -14.4 8.47781
      vertex 56.1732 -14.4 8.36856
      vertex 55.2781 -14.4 8.44405
    endloop
  endfacet
  facet normal 0 1 0
    outer loop
      vertex 55.2781 -14.4 8.44405
      vertex 56.1732 -14.4 8.36856
      vertex 55.1871 -14.4 8.41967
    endloop
  endfacet
  facet normal 0 1 0
    outer loop
      vertex 55.1871 -14.4 8.41967
      vertex 56.1732 -14.4 8.36856
      vertex 55.0941 -14.4 8.40493
    endloop
  endfacet
  facet normal 0 1 0
    outer loop
      vertex 55.0941 -14.4 8.40493
      vertex 56.1732 -14.4 8.36856
      vertex 55 -14.4 8.4
    endloop
  endfacet
  facet normal 0 1 0
    outer loop
      vertex 54.3899 -14.4 10.6703
      vertex 54.6339 -14.4 10.1222
      vertex 54.25 -14.4 10.599
    endloop
  endfacet
  facet normal 0 1 -0
    outer loop
      vertex 54.55 -14.4 10.0794
      vertex 54.25 -14.4 10.599
      vertex 54.6339 -14.4 10.1222
    endloop
  endfacet
  facet normal 0 1 0
    outer loop
      vertex 54.25 -14.4 10.599
      vertex 54.55 -14.4 10.0794
      vertex 54.1183 -14.4 10.5135
    endloop
  endfacet
  facet normal 0 1 -0
    outer loop
      vertex 54.471 -14.4 10.0281
      vertex 54.1183 -14.4 10.5135
      vertex 54.55 -14.4 10.0794
    endloop
  endfacet
  facet normal 0 1 0
    outer loop
      vertex 54.1183 -14.4 10.5135
      vertex 54.471 -14.4 10.0281
      vertex 53.9963 -14.4 10.4147
    endloop
  endfacet
  facet normal 0 1 -0
    outer loop
      vertex 54.3978 -14.4 9.96883
      vertex 53.9963 -14.4 10.4147
      vertex 54.471 -14.4 10.0281
    endloop
  endfacet
  facet normal 0 1 0
    outer loop
      vertex 53.9963 -14.4 10.4147
      vertex 54.3978 -14.4 9.96883
      vertex 53.8853 -14.4 10.3037
    endloop
  endfacet
  facet normal 0 1 -0
    outer loop
      vertex 54.3312 -14.4 9.90222
      vertex 53.8853 -14.4 10.3037
      vertex 54.3978 -14.4 9.96883
    endloop
  endfacet
  facet normal 0 1 0
    outer loop
      vertex 53.8853 -14.4 10.3037
      vertex 54.3312 -14.4 9.90222
      vertex 53.7865 -14.4 10.1817
    endloop
  endfacet
  facet normal 0 1 -0
    outer loop
      vertex 54.2719 -14.4 9.82901
      vertex 53.7865 -14.4 10.1817
      vertex 54.3312 -14.4 9.90222
    endloop
  endfacet
  facet normal 0 1 0
    outer loop
      vertex 53.7865 -14.4 10.1817
      vertex 54.2719 -14.4 9.82901
      vertex 53.701 -14.4 10.05
    endloop
  endfacet
  facet normal 0 1 -0
    outer loop
      vertex 54.2206 -14.4 9.75
      vertex 53.701 -14.4 10.05
      vertex 54.2719 -14.4 9.82901
    endloop
  endfacet
  facet normal 0 1 0
    outer loop
      vertex 53.701 -14.4 10.05
      vertex 54.2206 -14.4 9.75
      vertex 53.6297 -14.4 9.9101
    endloop
  endfacet
  facet normal 0 1 -0
    outer loop
      vertex 54.1778 -14.4 9.66606
      vertex 53.6297 -14.4 9.9101
      vertex 54.2206 -14.4 9.75
    endloop
  endfacet
  facet normal 0 1 0
    outer loop
      vertex 53.6297 -14.4 9.9101
      vertex 54.1778 -14.4 9.66606
      vertex 53.5734 -14.4 9.76353
    endloop
  endfacet
  facet normal 0 1 -0
    outer loop
      vertex 54.1441 -14.4 9.57812
      vertex 53.5734 -14.4 9.76353
      vertex 54.1778 -14.4 9.66606
    endloop
  endfacet
  facet normal 0 1 0
    outer loop
      vertex 53.5734 -14.4 9.76353
      vertex 54.1441 -14.4 9.57812
      vertex 53.5328 -14.4 9.61187
    endloop
  endfacet
  facet normal 0 1 -0
    outer loop
      vertex 54.1197 -14.4 9.48712
      vertex 53.5328 -14.4 9.61187
      vertex 54.1441 -14.4 9.57812
    endloop
  endfacet
  facet normal 0 1 0
    outer loop
      vertex 54.1197 -14.4 9.48712
      vertex 53.5082 -14.4 9.45679
      vertex 53.5328 -14.4 9.61187
    endloop
  endfacet
  facet normal 0 1 -0
    outer loop
      vertex 54.1049 -14.4 9.39408
      vertex 53.5082 -14.4 9.45679
      vertex 54.1197 -14.4 9.48712
    endloop
  endfacet
  facet normal 0 1 -0
    outer loop
      vertex 54.1 -14.4 9.3
      vertex 53.5082 -14.4 9.45679
      vertex 54.1049 -14.4 9.39408
    endloop
  endfacet
  facet normal 0 1 0
    outer loop
      vertex 54.1 -14.4 9.3
      vertex 53.5 -14.4 9.3
      vertex 53.5082 -14.4 9.45679
    endloop
  endfacet
  facet normal 0 1 0
    outer loop
      vertex 54.1049 -14.4 9.20592
      vertex 53.5 -14.4 9.3
      vertex 54.1 -14.4 9.3
    endloop
  endfacet
  facet normal 0 1 0
    outer loop
      vertex 54.1049 -14.4 9.20592
      vertex 53.5082 -14.4 9.14321
      vertex 53.5 -14.4 9.3
    endloop
  endfacet
  facet normal 0 1 0
    outer loop
      vertex 54.1197 -14.4 9.11288
      vertex 53.5082 -14.4 9.14321
      vertex 54.1049 -14.4 9.20592
    endloop
  endfacet
  facet normal 0 1 0
    outer loop
      vertex 53.5328 -14.4 8.98813
      vertex 54.1197 -14.4 9.11288
      vertex 54.1441 -14.4 9.02188
    endloop
  endfacet
  facet normal 0 1 0
    outer loop
      vertex 54.1197 -14.4 9.11288
      vertex 53.5328 -14.4 8.98813
      vertex 53.5082 -14.4 9.14321
    endloop
  endfacet
  facet normal 0 1 0
    outer loop
      vertex 53.5734 -14.4 8.83647
      vertex 54.1441 -14.4 9.02188
      vertex 54.1778 -14.4 8.93394
    endloop
  endfacet
  facet normal 0 1 0
    outer loop
      vertex 53.6297 -14.4 8.68989
      vertex 54.1778 -14.4 8.93394
      vertex 54.2206 -14.4 8.85
    endloop
  endfacet
  facet normal 0 1 0
    outer loop
      vertex 54.1441 -14.4 9.02188
      vertex 53.5734 -14.4 8.83647
      vertex 53.5328 -14.4 8.98813
    endloop
  endfacet
  facet normal 0 1 0
    outer loop
      vertex 53.701 -14.4 8.55
      vertex 54.2206 -14.4 8.85
      vertex 54.2719 -14.4 8.77099
    endloop
  endfacet
  facet normal 0 1 0
    outer loop
      vertex 53.8268 -14.4 8.36856
      vertex 54.2719 -14.4 8.77099
      vertex 54.3312 -14.4 8.69778
    endloop
  endfacet
  facet normal 0 1 0
    outer loop
      vertex 54.1778 -14.4 8.93394
      vertex 53.6297 -14.4 8.68989
      vertex 53.5734 -14.4 8.83647
    endloop
  endfacet
  facet normal 0 1 0
    outer loop
      vertex 53.8268 -14.4 8.36856
      vertex 54.3312 -14.4 8.69778
      vertex 54.3978 -14.4 8.63117
    endloop
  endfacet
  facet normal 0 1 0
    outer loop
      vertex 53.8268 -14.4 8.36856
      vertex 54.3978 -14.4 8.63117
      vertex 54.471 -14.4 8.57189
    endloop
  endfacet
  facet normal 0 1 0
    outer loop
      vertex 54.2206 -14.4 8.85
      vertex 53.701 -14.4 8.55
      vertex 53.6297 -14.4 8.68989
    endloop
  endfacet
  facet normal 0 1 0
    outer loop
      vertex 53.8268 -14.4 8.36856
      vertex 54.471 -14.4 8.57189
      vertex 54.55 -14.4 8.52058
    endloop
  endfacet
  facet normal 0 1 0
    outer loop
      vertex 53.8268 -14.4 8.36856
      vertex 54.55 -14.4 8.52058
      vertex 54.6339 -14.4 8.47781
    endloop
  endfacet
  facet normal 0 1 0
    outer loop
      vertex 53.8268 -14.4 8.36856
      vertex 54.6339 -14.4 8.47781
      vertex 54.7219 -14.4 8.44405
    endloop
  endfacet
  facet normal 0 1 0
    outer loop
      vertex 53.8268 -14.4 8.36856
      vertex 54.7219 -14.4 8.44405
      vertex 54.8129 -14.4 8.41967
    endloop
  endfacet
  facet normal 0 1 0
    outer loop
      vertex 54.2719 -14.4 8.77099
      vertex 53.7865 -14.4 8.41832
      vertex 53.701 -14.4 8.55
    endloop
  endfacet
  facet normal 0 1 0
    outer loop
      vertex 53.8268 -14.4 8.36856
      vertex 54.8129 -14.4 8.41967
      vertex 54.9059 -14.4 8.40493
    endloop
  endfacet
  facet normal 0 1 0
    outer loop
      vertex 53.8268 -14.4 8.36856
      vertex 54.9059 -14.4 8.40493
      vertex 55 -14.4 8.4
    endloop
  endfacet
  facet normal 0 1 0
    outer loop
      vertex 53.8268 -14.4 8.36856
      vertex 55 -14.4 8.4
      vertex 56.1732 -14.4 8.36856
    endloop
  endfacet
  facet normal 0 1 0
    outer loop
      vertex 54.2719 -14.4 8.77099
      vertex 53.8268 -14.4 8.36856
      vertex 53.7865 -14.4 8.41832
    endloop
  endfacet
  facet normal -0.998635 0 0.0522279
    outer loop
      vertex 53.5 -15 9.3
      vertex 53.5082 -14.4 9.45679
      vertex 53.5 -14.4 9.3
    endloop
  endfacet
  facet normal -0.998635 0 0.0522279
    outer loop
      vertex 53.5082 -14.4 9.45679
      vertex 53.5 -15 9.3
      vertex 53.5082 -15 9.45679
    endloop
  endfacet
  facet normal -0.987583 0 0.157096
    outer loop
      vertex 55.8803 -15 9.11288
      vertex 55.8951 -14.4 9.20592
      vertex 55.8803 -14.4 9.11288
    endloop
  endfacet
  facet normal -0.987583 0 0.157096
    outer loop
      vertex 55.8951 -14.4 9.20592
      vertex 55.8803 -15 9.11288
      vertex 55.8951 -15 9.20592
    endloop
  endfacet
  facet normal -0.987583 0 -0.157096
    outer loop
      vertex 55.8951 -15 9.39408
      vertex 55.8803 -14.4 9.48712
      vertex 55.8951 -14.4 9.39408
    endloop
  endfacet
  facet normal -0.987583 -0 -0.157096
    outer loop
      vertex 55.8803 -14.4 9.48712
      vertex 55.8951 -15 9.39408
      vertex 55.8803 -15 9.48712
    endloop
  endfacet
  facet normal -0.998646 0 -0.0520128
    outer loop
      vertex 55.9 -15 9.3
      vertex 55.8951 -14.4 9.39408
      vertex 55.9 -14.4 9.3
    endloop
  endfacet
  facet normal -0.998646 -0 -0.0520128
    outer loop
      vertex 55.8951 -14.4 9.39408
      vertex 55.9 -15 9.3
      vertex 55.8951 -15 9.39408
    endloop
  endfacet
  facet normal -0.965882 0 -0.258984
    outer loop
      vertex 55.8803 -15 9.48712
      vertex 55.8559 -14.4 9.57812
      vertex 55.8803 -14.4 9.48712
    endloop
  endfacet
  facet normal -0.965882 -0 -0.258984
    outer loop
      vertex 55.8559 -14.4 9.57812
      vertex 55.8803 -15 9.48712
      vertex 55.8559 -15 9.57812
    endloop
  endfacet
  facet normal -0.838718 0 -0.544567
    outer loop
      vertex 55.7794 -15 9.75
      vertex 55.7281 -14.4 9.82901
      vertex 55.7794 -14.4 9.75
    endloop
  endfacet
  facet normal -0.838718 -0 -0.544567
    outer loop
      vertex 55.7281 -14.4 9.82901
      vertex 55.7794 -15 9.75
      vertex 55.7281 -15 9.82901
    endloop
  endfacet
  facet normal 0.0520018 0 -0.998647
    outer loop
      vertex 54.9059 -15 10.1951
      vertex 55 -14.4 10.2
      vertex 55 -15 10.2
    endloop
  endfacet
  facet normal 0.0520018 0 -0.998647
    outer loop
      vertex 55 -14.4 10.2
      vertex 54.9059 -15 10.1951
      vertex 54.9059 -14.4 10.1951
    endloop
  endfacet
  facet normal -0.998646 0 0.0520128
    outer loop
      vertex 55.8951 -15 9.20592
      vertex 55.9 -14.4 9.3
      vertex 55.8951 -14.4 9.20592
    endloop
  endfacet
  facet normal -0.998646 0 0.0520128
    outer loop
      vertex 55.9 -14.4 9.3
      vertex 55.8951 -15 9.20592
      vertex 55.9 -15 9.3
    endloop
  endfacet
  facet normal -0.777064 0 -0.629421
    outer loop
      vertex 55.7281 -15 9.82901
      vertex 55.6688 -14.4 9.90222
      vertex 55.7281 -14.4 9.82901
    endloop
  endfacet
  facet normal -0.777064 -0 -0.629421
    outer loop
      vertex 55.6688 -14.4 9.90222
      vertex 55.7281 -15 9.82901
      vertex 55.6688 -15 9.90222
    endloop
  endfacet
  facet normal 0.987583 -0 0.157096
    outer loop
      vertex 54.1049 -15 9.20592
      vertex 54.1197 -14.4 9.11288
      vertex 54.1049 -14.4 9.20592
    endloop
  endfacet
  facet normal 0.987583 0 0.157096
    outer loop
      vertex 54.1197 -14.4 9.11288
      vertex 54.1049 -15 9.20592
      vertex 54.1197 -15 9.11288
    endloop
  endfacet
  facet normal 0.890876 0 -0.454247
    outer loop
      vertex 54.2206 -15 9.75
      vertex 54.1778 -14.4 9.66606
      vertex 54.2206 -14.4 9.75
    endloop
  endfacet
  facet normal 0.890876 0 -0.454247
    outer loop
      vertex 54.1778 -14.4 9.66606
      vertex 54.2206 -15 9.75
      vertex 54.1778 -15 9.66606
    endloop
  endfacet
  facet normal -0.257993 0 -0.966147
    outer loop
      vertex 55.1871 -15 10.1803
      vertex 55.2781 -14.4 10.156
      vertex 55.2781 -15 10.156
    endloop
  endfacet
  facet normal -0.257993 0 -0.966147
    outer loop
      vertex 55.2781 -14.4 10.156
      vertex 55.1871 -15 10.1803
      vertex 55.1871 -14.4 10.1803
    endloop
  endfacet
  facet normal -0.358553 0 -0.93351
    outer loop
      vertex 55.2781 -15 10.156
      vertex 55.3661 -14.4 10.1222
      vertex 55.3661 -15 10.1222
    endloop
  endfacet
  facet normal -0.358553 0 -0.93351
    outer loop
      vertex 55.3661 -14.4 10.1222
      vertex 55.2781 -15 10.156
      vertex 55.2781 -14.4 10.156
    endloop
  endfacet
  facet normal 0.965882 -0 0.258984
    outer loop
      vertex 54.1197 -15 9.11288
      vertex 54.1441 -14.4 9.02188
      vertex 54.1197 -14.4 9.11288
    endloop
  endfacet
  facet normal 0.965882 0 0.258984
    outer loop
      vertex 54.1441 -14.4 9.02188
      vertex 54.1197 -15 9.11288
      vertex 54.1441 -15 9.02188
    endloop
  endfacet
  facet normal -0.629281 0 -0.777178
    outer loop
      vertex 55.529 -15 10.0281
      vertex 55.6022 -14.4 9.96883
      vertex 55.6022 -15 9.96883
    endloop
  endfacet
  facet normal -0.629281 0 -0.777178
    outer loop
      vertex 55.6022 -14.4 9.96883
      vertex 55.529 -15 10.0281
      vertex 55.529 -14.4 10.0281
    endloop
  endfacet
  facet normal -0.358183 0 0.933652
    outer loop
      vertex 55.2781 -14.4 8.44405
      vertex 55.3661 -15 8.47781
      vertex 55.3661 -14.4 8.47781
    endloop
  endfacet
  facet normal -0.358183 0 0.933652
    outer loop
      vertex 55.3661 -15 8.47781
      vertex 55.2781 -14.4 8.44405
      vertex 55.2781 -15 8.44405
    endloop
  endfacet
  facet normal 0.777064 0 -0.629421
    outer loop
      vertex 54.3312 -15 9.90222
      vertex 54.2719 -14.4 9.82901
      vertex 54.3312 -14.4 9.90222
    endloop
  endfacet
  facet normal 0.777064 0 -0.629421
    outer loop
      vertex 54.2719 -14.4 9.82901
      vertex 54.3312 -15 9.90222
      vertex 54.2719 -15 9.82901
    endloop
  endfacet
  facet normal 0.257993 0 -0.966147
    outer loop
      vertex 54.7219 -15 10.156
      vertex 54.8129 -14.4 10.1803
      vertex 54.8129 -15 10.1803
    endloop
  endfacet
  facet normal 0.257993 0 -0.966147
    outer loop
      vertex 54.8129 -14.4 10.1803
      vertex 54.7219 -15 10.156
      vertex 54.7219 -14.4 10.156
    endloop
  endfacet
  facet normal 0.70716 0 -0.707054
    outer loop
      vertex 54.3978 -15 9.96883
      vertex 54.3312 -14.4 9.90222
      vertex 54.3978 -14.4 9.96883
    endloop
  endfacet
  facet normal 0.70716 0 -0.707054
    outer loop
      vertex 54.3312 -14.4 9.90222
      vertex 54.3978 -15 9.96883
      vertex 54.3312 -15 9.90222
    endloop
  endfacet
  facet normal 0.544615 0 -0.838686
    outer loop
      vertex 54.471 -15 10.0281
      vertex 54.55 -14.4 10.0794
      vertex 54.55 -15 10.0794
    endloop
  endfacet
  facet normal 0.544615 0 -0.838686
    outer loop
      vertex 54.55 -14.4 10.0794
      vertex 54.471 -15 10.0281
      vertex 54.471 -14.4 10.0281
    endloop
  endfacet
  facet normal -0.965882 0 0.258984
    outer loop
      vertex 55.8559 -15 9.02188
      vertex 55.8803 -14.4 9.11288
      vertex 55.8559 -14.4 9.02188
    endloop
  endfacet
  facet normal -0.965882 0 0.258984
    outer loop
      vertex 55.8803 -14.4 9.11288
      vertex 55.8559 -15 9.02188
      vertex 55.8803 -15 9.11288
    endloop
  endfacet
  facet normal -0.0523193 0 0.99863
    outer loop
      vertex 55 -14.4 8.4
      vertex 55.0941 -15 8.40493
      vertex 55.0941 -14.4 8.40493
    endloop
  endfacet
  facet normal -0.0523193 0 0.99863
    outer loop
      vertex 55.0941 -15 8.40493
      vertex 55 -14.4 8.4
      vertex 55 -15 8.4
    endloop
  endfacet
  facet normal -0.544615 0 -0.838686
    outer loop
      vertex 55.45 -15 10.0794
      vertex 55.529 -14.4 10.0281
      vertex 55.529 -15 10.0281
    endloop
  endfacet
  facet normal -0.544615 0 -0.838686
    outer loop
      vertex 55.529 -14.4 10.0281
      vertex 55.45 -15 10.0794
      vertex 55.45 -14.4 10.0794
    endloop
  endfacet
  facet normal 0.838718 -0 0.544567
    outer loop
      vertex 54.2206 -15 8.85
      vertex 54.2719 -14.4 8.77099
      vertex 54.2206 -14.4 8.85
    endloop
  endfacet
  facet normal 0.838718 0 0.544567
    outer loop
      vertex 54.2719 -14.4 8.77099
      vertex 54.2206 -15 8.85
      vertex 54.2719 -15 8.77099
    endloop
  endfacet
  facet normal -0.156541 0 0.987672
    outer loop
      vertex 55.0941 -14.4 8.40493
      vertex 55.1871 -15 8.41967
      vertex 55.1871 -14.4 8.41967
    endloop
  endfacet
  facet normal -0.156541 0 0.987672
    outer loop
      vertex 55.1871 -15 8.41967
      vertex 55.0941 -14.4 8.40493
      vertex 55.0941 -15 8.40493
    endloop
  endfacet
  facet normal 0.156541 0 0.987672
    outer loop
      vertex 54.8129 -14.4 8.41967
      vertex 54.9059 -15 8.40493
      vertex 54.9059 -14.4 8.40493
    endloop
  endfacet
  facet normal 0.156541 0 0.987672
    outer loop
      vertex 54.9059 -15 8.40493
      vertex 54.8129 -14.4 8.41967
      vertex 54.8129 -15 8.41967
    endloop
  endfacet
  facet normal 0.454166 0 0.890917
    outer loop
      vertex 54.55 -14.4 8.52058
      vertex 54.6339 -15 8.47781
      vertex 54.6339 -14.4 8.47781
    endloop
  endfacet
  facet normal 0.454166 0 0.890917
    outer loop
      vertex 54.6339 -15 8.47781
      vertex 54.55 -14.4 8.52058
      vertex 54.55 -15 8.52058
    endloop
  endfacet
  facet normal 0.358553 0 -0.93351
    outer loop
      vertex 54.6339 -15 10.1222
      vertex 54.7219 -14.4 10.156
      vertex 54.7219 -15 10.156
    endloop
  endfacet
  facet normal 0.358553 0 -0.93351
    outer loop
      vertex 54.7219 -14.4 10.156
      vertex 54.6339 -15 10.1222
      vertex 54.6339 -14.4 10.1222
    endloop
  endfacet
  facet normal -0.454419 0 -0.890788
    outer loop
      vertex 55.3661 -15 10.1222
      vertex 55.45 -14.4 10.0794
      vertex 55.45 -15 10.0794
    endloop
  endfacet
  facet normal -0.454419 0 -0.890788
    outer loop
      vertex 55.45 -14.4 10.0794
      vertex 55.3661 -15 10.1222
      vertex 55.3661 -14.4 10.1222
    endloop
  endfacet
  facet normal -0.890876 0 0.454247
    outer loop
      vertex 55.7794 -15 8.85
      vertex 55.8222 -14.4 8.93394
      vertex 55.7794 -14.4 8.85
    endloop
  endfacet
  facet normal -0.890876 0 0.454247
    outer loop
      vertex 55.8222 -14.4 8.93394
      vertex 55.7794 -15 8.85
      vertex 55.8222 -15 8.93394
    endloop
  endfacet
  facet normal -0.70716 0 -0.707054
    outer loop
      vertex 55.6688 -15 9.90222
      vertex 55.6022 -14.4 9.96883
      vertex 55.6688 -14.4 9.90222
    endloop
  endfacet
  facet normal -0.70716 -0 -0.707054
    outer loop
      vertex 55.6022 -14.4 9.96883
      vertex 55.6688 -15 9.90222
      vertex 55.6022 -15 9.96883
    endloop
  endfacet
  facet normal 0.629345 0 0.777126
    outer loop
      vertex 54.3978 -14.4 8.63117
      vertex 54.471 -15 8.57189
      vertex 54.471 -14.4 8.57189
    endloop
  endfacet
  facet normal 0.629345 0 0.777126
    outer loop
      vertex 54.471 -15 8.57189
      vertex 54.3978 -14.4 8.63117
      vertex 54.3978 -15 8.63117
    endloop
  endfacet
  facet normal -0.838718 0 0.544567
    outer loop
      vertex 55.7281 -15 8.77099
      vertex 55.7794 -14.4 8.85
      vertex 55.7281 -14.4 8.77099
    endloop
  endfacet
  facet normal -0.838718 0 0.544567
    outer loop
      vertex 55.7794 -14.4 8.85
      vertex 55.7281 -15 8.77099
      vertex 55.7794 -15 8.85
    endloop
  endfacet
  facet normal -0.454166 0 0.890917
    outer loop
      vertex 55.3661 -14.4 8.47781
      vertex 55.45 -15 8.52058
      vertex 55.45 -14.4 8.52058
    endloop
  endfacet
  facet normal -0.454166 0 0.890917
    outer loop
      vertex 55.45 -15 8.52058
      vertex 55.3661 -14.4 8.47781
      vertex 55.3661 -15 8.47781
    endloop
  endfacet
  facet normal 0.157162 0 -0.987573
    outer loop
      vertex 54.8129 -15 10.1803
      vertex 54.9059 -14.4 10.1951
      vertex 54.9059 -15 10.1951
    endloop
  endfacet
  facet normal 0.157162 0 -0.987573
    outer loop
      vertex 54.9059 -14.4 10.1951
      vertex 54.8129 -15 10.1803
      vertex 54.8129 -14.4 10.1803
    endloop
  endfacet
  facet normal -0.933783 0 -0.35784
    outer loop
      vertex 55.8559 -15 9.57812
      vertex 55.8222 -14.4 9.66606
      vertex 55.8559 -14.4 9.57812
    endloop
  endfacet
  facet normal -0.933783 -0 -0.35784
    outer loop
      vertex 55.8222 -14.4 9.66606
      vertex 55.8559 -15 9.57812
      vertex 55.8222 -15 9.66606
    endloop
  endfacet
  facet normal -0.777064 0 0.629421
    outer loop
      vertex 55.6688 -15 8.69778
      vertex 55.7281 -14.4 8.77099
      vertex 55.6688 -14.4 8.69778
    endloop
  endfacet
  facet normal -0.777064 0 0.629421
    outer loop
      vertex 55.7281 -14.4 8.77099
      vertex 55.6688 -15 8.69778
      vertex 55.7281 -15 8.77099
    endloop
  endfacet
  facet normal -0.933783 0 0.35784
    outer loop
      vertex 55.8222 -15 8.93394
      vertex 55.8559 -14.4 9.02188
      vertex 55.8222 -14.4 8.93394
    endloop
  endfacet
  facet normal -0.933783 0 0.35784
    outer loop
      vertex 55.8559 -14.4 9.02188
      vertex 55.8222 -15 8.93394
      vertex 55.8559 -15 9.02188
    endloop
  endfacet
  facet normal 0.933783 -0 0.35784
    outer loop
      vertex 54.1441 -15 9.02188
      vertex 54.1778 -14.4 8.93394
      vertex 54.1441 -14.4 9.02188
    endloop
  endfacet
  facet normal 0.933783 0 0.35784
    outer loop
      vertex 54.1778 -14.4 8.93394
      vertex 54.1441 -15 9.02188
      vertex 54.1778 -15 8.93394
    endloop
  endfacet
  facet normal 0.987583 0 -0.157096
    outer loop
      vertex 54.1197 -15 9.48712
      vertex 54.1049 -14.4 9.39408
      vertex 54.1197 -14.4 9.48712
    endloop
  endfacet
  facet normal 0.987583 0 -0.157096
    outer loop
      vertex 54.1049 -14.4 9.39408
      vertex 54.1197 -15 9.48712
      vertex 54.1049 -15 9.39408
    endloop
  endfacet
  facet normal -0.0520018 0 -0.998647
    outer loop
      vertex 55 -15 10.2
      vertex 55.0941 -14.4 10.1951
      vertex 55.0941 -15 10.1951
    endloop
  endfacet
  facet normal -0.0520018 0 -0.998647
    outer loop
      vertex 55.0941 -14.4 10.1951
      vertex 55 -15 10.2
      vertex 55 -14.4 10.2
    endloop
  endfacet
  facet normal -0.890876 0 -0.454247
    outer loop
      vertex 55.8222 -15 9.66606
      vertex 55.7794 -14.4 9.75
      vertex 55.8222 -14.4 9.66606
    endloop
  endfacet
  facet normal -0.890876 -0 -0.454247
    outer loop
      vertex 55.7794 -14.4 9.75
      vertex 55.8222 -15 9.66606
      vertex 55.7794 -15 9.75
    endloop
  endfacet
  facet normal 0.838718 0 -0.544567
    outer loop
      vertex 54.2719 -15 9.82901
      vertex 54.2206 -14.4 9.75
      vertex 54.2719 -14.4 9.82901
    endloop
  endfacet
  facet normal 0.838718 0 -0.544567
    outer loop
      vertex 54.2206 -14.4 9.75
      vertex 54.2719 -15 9.82901
      vertex 54.2206 -15 9.75
    endloop
  endfacet
  facet normal 0.629281 0 -0.777178
    outer loop
      vertex 54.3978 -15 9.96883
      vertex 54.471 -14.4 10.0281
      vertex 54.471 -15 10.0281
    endloop
  endfacet
  facet normal 0.629281 0 -0.777178
    outer loop
      vertex 54.471 -14.4 10.0281
      vertex 54.3978 -15 9.96883
      vertex 54.3978 -14.4 9.96883
    endloop
  endfacet
  facet normal 0.933783 0 -0.35784
    outer loop
      vertex 54.1778 -15 9.66606
      vertex 54.1441 -14.4 9.57812
      vertex 54.1778 -14.4 9.66606
    endloop
  endfacet
  facet normal 0.933783 0 -0.35784
    outer loop
      vertex 54.1441 -14.4 9.57812
      vertex 54.1778 -15 9.66606
      vertex 54.1441 -15 9.57812
    endloop
  endfacet
  facet normal 0.890876 -0 0.454247
    outer loop
      vertex 54.1778 -15 8.93394
      vertex 54.2206 -14.4 8.85
      vertex 54.1778 -14.4 8.93394
    endloop
  endfacet
  facet normal 0.890876 0 0.454247
    outer loop
      vertex 54.2206 -14.4 8.85
      vertex 54.1778 -15 8.93394
      vertex 54.2206 -15 8.85
    endloop
  endfacet
  facet normal -0.258786 0 0.965935
    outer loop
      vertex 55.1871 -14.4 8.41967
      vertex 55.2781 -15 8.44405
      vertex 55.2781 -14.4 8.44405
    endloop
  endfacet
  facet normal -0.258786 0 0.965935
    outer loop
      vertex 55.2781 -15 8.44405
      vertex 55.1871 -14.4 8.41967
      vertex 55.1871 -15 8.41967
    endloop
  endfacet
  facet normal -0.629345 0 0.777126
    outer loop
      vertex 55.529 -14.4 8.57189
      vertex 55.6022 -15 8.63117
      vertex 55.6022 -14.4 8.63117
    endloop
  endfacet
  facet normal -0.629345 0 0.777126
    outer loop
      vertex 55.6022 -15 8.63117
      vertex 55.529 -14.4 8.57189
      vertex 55.529 -15 8.57189
    endloop
  endfacet
  facet normal 0.258786 0 0.965935
    outer loop
      vertex 54.7219 -14.4 8.44405
      vertex 54.8129 -15 8.41967
      vertex 54.8129 -14.4 8.41967
    endloop
  endfacet
  facet normal 0.258786 0 0.965935
    outer loop
      vertex 54.8129 -15 8.41967
      vertex 54.7219 -14.4 8.44405
      vertex 54.7219 -15 8.44405
    endloop
  endfacet
  facet normal 0.998646 -0 0.0520128
    outer loop
      vertex 54.1 -15 9.3
      vertex 54.1049 -14.4 9.20592
      vertex 54.1 -14.4 9.3
    endloop
  endfacet
  facet normal 0.998646 0 0.0520128
    outer loop
      vertex 54.1049 -14.4 9.20592
      vertex 54.1 -15 9.3
      vertex 54.1049 -15 9.20592
    endloop
  endfacet
  facet normal -0.157162 0 -0.987573
    outer loop
      vertex 55.0941 -15 10.1951
      vertex 55.1871 -14.4 10.1803
      vertex 55.1871 -15 10.1803
    endloop
  endfacet
  facet normal -0.157162 0 -0.987573
    outer loop
      vertex 55.1871 -14.4 10.1803
      vertex 55.0941 -15 10.1951
      vertex 55.0941 -14.4 10.1951
    endloop
  endfacet
  facet normal 0.777064 -0 0.629421
    outer loop
      vertex 54.2719 -15 8.77099
      vertex 54.3312 -14.4 8.69778
      vertex 54.2719 -14.4 8.77099
    endloop
  endfacet
  facet normal 0.777064 0 0.629421
    outer loop
      vertex 54.3312 -14.4 8.69778
      vertex 54.2719 -15 8.77099
      vertex 54.3312 -15 8.69778
    endloop
  endfacet
  facet normal 0.454419 0 -0.890788
    outer loop
      vertex 54.55 -15 10.0794
      vertex 54.6339 -14.4 10.1222
      vertex 54.6339 -15 10.1222
    endloop
  endfacet
  facet normal 0.454419 0 -0.890788
    outer loop
      vertex 54.6339 -14.4 10.1222
      vertex 54.55 -15 10.0794
      vertex 54.55 -14.4 10.0794
    endloop
  endfacet
  facet normal 0.965882 0 -0.258984
    outer loop
      vertex 54.1441 -15 9.57812
      vertex 54.1197 -14.4 9.48712
      vertex 54.1441 -14.4 9.57812
    endloop
  endfacet
  facet normal 0.965882 0 -0.258984
    outer loop
      vertex 54.1197 -14.4 9.48712
      vertex 54.1441 -15 9.57812
      vertex 54.1197 -15 9.48712
    endloop
  endfacet
  facet normal 0.70716 -0 0.707054
    outer loop
      vertex 54.3312 -15 8.69778
      vertex 54.3978 -14.4 8.63117
      vertex 54.3312 -14.4 8.69778
    endloop
  endfacet
  facet normal 0.70716 0 0.707054
    outer loop
      vertex 54.3978 -14.4 8.63117
      vertex 54.3312 -15 8.69778
      vertex 54.3978 -15 8.63117
    endloop
  endfacet
  facet normal -0.54469 0 0.838638
    outer loop
      vertex 55.45 -14.4 8.52058
      vertex 55.529 -15 8.57189
      vertex 55.529 -14.4 8.57189
    endloop
  endfacet
  facet normal -0.54469 0 0.838638
    outer loop
      vertex 55.529 -15 8.57189
      vertex 55.45 -14.4 8.52058
      vertex 55.45 -15 8.52058
    endloop
  endfacet
  facet normal 0.358183 0 0.933652
    outer loop
      vertex 54.6339 -14.4 8.47781
      vertex 54.7219 -15 8.44405
      vertex 54.7219 -14.4 8.44405
    endloop
  endfacet
  facet normal 0.358183 0 0.933652
    outer loop
      vertex 54.7219 -15 8.44405
      vertex 54.6339 -14.4 8.47781
      vertex 54.6339 -15 8.47781
    endloop
  endfacet
  facet normal 0.0523193 0 0.99863
    outer loop
      vertex 54.9059 -14.4 8.40493
      vertex 55 -15 8.4
      vertex 55 -14.4 8.4
    endloop
  endfacet
  facet normal 0.0523193 0 0.99863
    outer loop
      vertex 55 -15 8.4
      vertex 54.9059 -14.4 8.40493
      vertex 54.9059 -15 8.40493
    endloop
  endfacet
  facet normal 0.998646 0 -0.0520128
    outer loop
      vertex 54.1049 -15 9.39408
      vertex 54.1 -14.4 9.3
      vertex 54.1049 -14.4 9.39408
    endloop
  endfacet
  facet normal 0.998646 0 -0.0520128
    outer loop
      vertex 54.1 -14.4 9.3
      vertex 54.1049 -15 9.39408
      vertex 54.1 -15 9.3
    endloop
  endfacet
  facet normal 0.54469 0 0.838638
    outer loop
      vertex 54.471 -14.4 8.57189
      vertex 54.55 -15 8.52058
      vertex 54.55 -14.4 8.52058
    endloop
  endfacet
  facet normal 0.54469 0 0.838638
    outer loop
      vertex 54.55 -15 8.52058
      vertex 54.471 -14.4 8.57189
      vertex 54.471 -15 8.57189
    endloop
  endfacet
  facet normal -0.70716 0 0.707054
    outer loop
      vertex 55.6022 -15 8.63117
      vertex 55.6688 -14.4 8.69778
      vertex 55.6022 -14.4 8.63117
    endloop
  endfacet
  facet normal -0.70716 0 0.707054
    outer loop
      vertex 55.6688 -14.4 8.69778
      vertex 55.6022 -15 8.63117
      vertex 55.6688 -15 8.69778
    endloop
  endfacet
  facet normal -1 0 0
    outer loop
      vertex 65.65 -15 0
      vertex 65.65 -7.35 0.0299998
      vertex 65.65 -7.35 0
    endloop
  endfacet
  facet normal -1 -0 0
    outer loop
      vertex 65.65 -7.35 0.0299998
      vertex 65.65 -15 0
      vertex 65.65 -15 0.0299998
    endloop
  endfacet
  facet normal 0 0 -1
    outer loop
      vertex 45.1 -15 0.0299998
      vertex 44.35 -15 0.0299998
      vertex 45.1 -8.1 0.0299998
    endloop
  endfacet
  facet normal 0 0 -1
    outer loop
      vertex 64.9 -8.1 0.0299998
      vertex 65.65 -15 0.0299998
      vertex 64.9 -15 0.0299998
    endloop
  endfacet
  facet normal 0 0 -1
    outer loop
      vertex 65.65 -15 0.0299998
      vertex 64.9 -8.1 0.0299998
      vertex 65.65 -7.35 0.0299998
    endloop
  endfacet
  facet normal 0 0 -1
    outer loop
      vertex 45.1 -8.1 0.0299998
      vertex 65.65 -7.35 0.0299998
      vertex 64.9 -8.1 0.0299998
    endloop
  endfacet
  facet normal 0 0 -1
    outer loop
      vertex 45.1 -8.1 0.0299998
      vertex 44.35 -7.35 0.0299998
      vertex 65.65 -7.35 0.0299998
    endloop
  endfacet
  facet normal 0 0 -1
    outer loop
      vertex 44.35 -7.35 0.0299998
      vertex 45.1 -8.1 0.0299998
      vertex 44.35 -15 0.0299998
    endloop
  endfacet
  facet normal 1 -0 0
    outer loop
      vertex 44.35 -15 0.0299998
      vertex 44.35 -7.35 0
      vertex 44.35 -7.35 0.0299998
    endloop
  endfacet
  facet normal 1 0 0
    outer loop
      vertex 44.35 -7.35 0
      vertex 44.35 -15 0.0299998
      vertex 44.35 -15 0
    endloop
  endfacet
  facet normal 0 -1 0
    outer loop
      vertex 44.35 -7.35 0
      vertex 65.65 -7.35 0.0299998
      vertex 44.35 -7.35 0.0299998
    endloop
  endfacet
  facet normal 0 -1 -0
    outer loop
      vertex 65.65 -7.35 0.0299998
      vertex 44.35 -7.35 0
      vertex 65.65 -7.35 0
    endloop
  endfacet
  facet normal 1 -0 0
    outer loop
      vertex 64.9 -15 0.0299998
      vertex 64.9 -8.1 0
      vertex 64.9 -8.1 0.0299998
    endloop
  endfacet
  facet normal 1 0 0
    outer loop
      vertex 64.9 -8.1 0
      vertex 64.9 -15 0.0299998
      vertex 64.9 -15 0
    endloop
  endfacet
  facet normal -1 0 0
    outer loop
      vertex 45.1 -15 0
      vertex 45.1 -8.1 0.0299998
      vertex 45.1 -8.1 0
    endloop
  endfacet
  facet normal -1 -0 0
    outer loop
      vertex 45.1 -8.1 0.0299998
      vertex 45.1 -15 0
      vertex 45.1 -15 0.0299998
    endloop
  endfacet
  facet normal 0 1 -0
    outer loop
      vertex 64.9 -8.1 0
      vertex 45.1 -8.1 0.0299998
      vertex 64.9 -8.1 0.0299998
    endloop
  endfacet
  facet normal 0 1 0
    outer loop
      vertex 45.1 -8.1 0.0299998
      vertex 64.9 -8.1 0
      vertex 45.1 -8.1 0
    endloop
  endfacet
  facet normal 0 -1 0
    outer loop
      vertex 45.1 -15 0
      vertex 64.9 -15 0.0299998
      vertex 45.1 -15 0.0299998
    endloop
  endfacet
  facet normal 0 -1 -0
    outer loop
      vertex 64.9 -15 0.0299998
      vertex 45.1 -15 0
      vertex 64.9 -15 0
    endloop
  endfacet
  facet normal 0 -1 0
    outer loop
      vertex 64.9 -15 0.0299998
      vertex 65.65 -15 0.6
      vertex 45.1 -15 0.0299998
    endloop
  endfacet
  facet normal 0 -1 0
    outer loop
      vertex 65.65 -15 0.0299998
      vertex 65.65 -15 0.6
      vertex 64.9 -15 0.0299998
    endloop
  endfacet
  facet normal 0 -1 0
    outer loop
      vertex 65.65 -15 0.6
      vertex 65.65 -15 0.0299998
      vertex 66.4 -15 0.6
    endloop
  endfacet
  facet normal 0 -1 0
    outer loop
      vertex 66.4 -15 0
      vertex 65.65 -15 0.0299998
      vertex 65.65 -15 0
    endloop
  endfacet
  facet normal 0 -1 0
    outer loop
      vertex 65.65 -15 0.0299998
      vertex 66.4 -15 0
      vertex 66.4 -15 0.6
    endloop
  endfacet
  facet normal 0 -1 0
    outer loop
      vertex 44.35 -15 7.8
      vertex 53.8013 -15 8.4
      vertex 43.3 -15 8.4
    endloop
  endfacet
  facet normal 0 -1 -0
    outer loop
      vertex 53.8013 -15 8.4
      vertex 44.35 -15 7.8
      vertex 55 -15 8.4
    endloop
  endfacet
  facet normal 0 -1 -0
    outer loop
      vertex 55 -15 8.4
      vertex 44.35 -15 7.8
      vertex 56.1987 -15 8.4
    endloop
  endfacet
  facet normal 0 -1 0
    outer loop
      vertex 65.65 -15 7.8
      vertex 56.1987 -15 8.4
      vertex 44.35 -15 7.8
    endloop
  endfacet
  facet normal 0 -1 0
    outer loop
      vertex 43.3 -15 0.6
      vertex 44.35 -15 7.8
      vertex 43.3 -15 8.4
    endloop
  endfacet
  facet normal 0 -1 0
    outer loop
      vertex 43.6 -15 0.6
      vertex 44.35 -15 7.8
      vertex 43.3 -15 0.6
    endloop
  endfacet
  facet normal 0 -1 0
    outer loop
      vertex 43.6 -15 0.6
      vertex 44.35 -15 0.6
      vertex 44.35 -15 7.8
    endloop
  endfacet
  facet normal 0 -1 0
    outer loop
      vertex 44.35 -15 0.0299998
      vertex 44.35 -15 0.6
      vertex 43.6 -15 0.6
    endloop
  endfacet
  facet normal 0 -1 0
    outer loop
      vertex 45.1 -15 0.0299998
      vertex 44.35 -15 0.6
      vertex 44.35 -15 0.0299998
    endloop
  endfacet
  facet normal 0 -1 0
    outer loop
      vertex 44.35 -15 0.6
      vertex 45.1 -15 0.0299998
      vertex 65.65 -15 0.6
    endloop
  endfacet
  facet normal 0 -1 0
    outer loop
      vertex 43.6 -15 0
      vertex 44.35 -15 0.0299998
      vertex 43.6 -15 0.6
    endloop
  endfacet
  facet normal 0 -1 -0
    outer loop
      vertex 44.35 -15 0.0299998
      vertex 43.6 -15 0
      vertex 44.35 -15 0
    endloop
  endfacet
  facet normal 0 -1 0
    outer loop
      vertex 55 -15 10.2
      vertex 55 -15 10.8
      vertex 54.8432 -15 10.7918
    endloop
  endfacet
  facet normal 0 -1 0
    outer loop
      vertex 54.9059 -15 10.1951
      vertex 54.8432 -15 10.7918
      vertex 54.6881 -15 10.7672
    endloop
  endfacet
  facet normal 0 -1 0
    outer loop
      vertex 55 -15 10.8
      vertex 55 -15 10.2
      vertex 55.1568 -15 10.7918
    endloop
  endfacet
  facet normal 0 -1 0
    outer loop
      vertex 54.8129 -15 10.1803
      vertex 54.6881 -15 10.7672
      vertex 54.5365 -15 10.7266
    endloop
  endfacet
  facet normal 0 -1 0
    outer loop
      vertex 55.0941 -15 10.1951
      vertex 55.1568 -15 10.7918
      vertex 55 -15 10.2
    endloop
  endfacet
  facet normal 0 -1 0
    outer loop
      vertex 54.7219 -15 10.156
      vertex 54.5365 -15 10.7266
      vertex 54.3899 -15 10.6703
    endloop
  endfacet
  facet normal 0 -1 -0
    outer loop
      vertex 55.1568 -15 10.7918
      vertex 55.0941 -15 10.1951
      vertex 55.3119 -15 10.7672
    endloop
  endfacet
  facet normal 0 -1 0
    outer loop
      vertex 54.6339 -15 10.1222
      vertex 54.3899 -15 10.6703
      vertex 54.25 -15 10.599
    endloop
  endfacet
  facet normal 0 -1 0
    outer loop
      vertex 55.1871 -15 10.1803
      vertex 55.3119 -15 10.7672
      vertex 55.0941 -15 10.1951
    endloop
  endfacet
  facet normal 0 -1 0
    outer loop
      vertex 54.55 -15 10.0794
      vertex 54.25 -15 10.599
      vertex 54.1183 -15 10.5135
    endloop
  endfacet
  facet normal 0 -1 -0
    outer loop
      vertex 55.3119 -15 10.7672
      vertex 55.1871 -15 10.1803
      vertex 55.4635 -15 10.7266
    endloop
  endfacet
  facet normal 0 -1 0
    outer loop
      vertex 54.471 -15 10.0281
      vertex 54.1183 -15 10.5135
      vertex 53.9963 -15 10.4147
    endloop
  endfacet
  facet normal 0 -1 0
    outer loop
      vertex 55.2781 -15 10.156
      vertex 55.4635 -15 10.7266
      vertex 55.1871 -15 10.1803
    endloop
  endfacet
  facet normal 0 -1 0
    outer loop
      vertex 54.3978 -15 9.96883
      vertex 53.9963 -15 10.4147
      vertex 53.8853 -15 10.3037
    endloop
  endfacet
  facet normal 0 -1 -0
    outer loop
      vertex 55.4635 -15 10.7266
      vertex 55.2781 -15 10.156
      vertex 55.6101 -15 10.6703
    endloop
  endfacet
  facet normal 0 -1 0
    outer loop
      vertex 55.3661 -15 10.1222
      vertex 55.6101 -15 10.6703
      vertex 55.2781 -15 10.156
    endloop
  endfacet
  facet normal 0 -1 0
    outer loop
      vertex 54.8432 -15 10.7918
      vertex 54.9059 -15 10.1951
      vertex 55 -15 10.2
    endloop
  endfacet
  facet normal 0 -1 0
    outer loop
      vertex 54.3312 -15 9.90222
      vertex 53.8853 -15 10.3037
      vertex 53.7865 -15 10.1817
    endloop
  endfacet
  facet normal 0 -1 0
    outer loop
      vertex 54.6881 -15 10.7672
      vertex 54.8129 -15 10.1803
      vertex 54.9059 -15 10.1951
    endloop
  endfacet
  facet normal 0 -1 0
    outer loop
      vertex 54.5365 -15 10.7266
      vertex 54.7219 -15 10.156
      vertex 54.8129 -15 10.1803
    endloop
  endfacet
  facet normal 0 -1 0
    outer loop
      vertex 54.3899 -15 10.6703
      vertex 54.6339 -15 10.1222
      vertex 54.7219 -15 10.156
    endloop
  endfacet
  facet normal 0 -1 0
    outer loop
      vertex 54.25 -15 10.599
      vertex 54.55 -15 10.0794
      vertex 54.6339 -15 10.1222
    endloop
  endfacet
  facet normal 0 -1 0
    outer loop
      vertex 54.2719 -15 9.82901
      vertex 53.7865 -15 10.1817
      vertex 53.701 -15 10.05
    endloop
  endfacet
  facet normal 0 -1 0
    outer loop
      vertex 54.1183 -15 10.5135
      vertex 54.471 -15 10.0281
      vertex 54.55 -15 10.0794
    endloop
  endfacet
  facet normal 0 -1 0
    outer loop
      vertex 53.9963 -15 10.4147
      vertex 54.3978 -15 9.96883
      vertex 54.471 -15 10.0281
    endloop
  endfacet
  facet normal 0 -1 0
    outer loop
      vertex 54.2206 -15 9.75
      vertex 53.701 -15 10.05
      vertex 53.6297 -15 9.9101
    endloop
  endfacet
  facet normal 0 -1 0
    outer loop
      vertex 53.8853 -15 10.3037
      vertex 54.3312 -15 9.90222
      vertex 54.3978 -15 9.96883
    endloop
  endfacet
  facet normal 0 -1 0
    outer loop
      vertex 53.7865 -15 10.1817
      vertex 54.2719 -15 9.82901
      vertex 54.3312 -15 9.90222
    endloop
  endfacet
  facet normal 0 -1 0
    outer loop
      vertex 54.1778 -15 9.66606
      vertex 53.6297 -15 9.9101
      vertex 53.5734 -15 9.76353
    endloop
  endfacet
  facet normal 0 -1 0
    outer loop
      vertex 53.701 -15 10.05
      vertex 54.2206 -15 9.75
      vertex 54.2719 -15 9.82901
    endloop
  endfacet
  facet normal 0 -1 0
    outer loop
      vertex 53.6297 -15 9.9101
      vertex 54.1778 -15 9.66606
      vertex 54.2206 -15 9.75
    endloop
  endfacet
  facet normal 0 -1 0
    outer loop
      vertex 54.1441 -15 9.57812
      vertex 53.5734 -15 9.76353
      vertex 53.5328 -15 9.61187
    endloop
  endfacet
  facet normal 0 -1 0
    outer loop
      vertex 53.5734 -15 9.76353
      vertex 54.1441 -15 9.57812
      vertex 54.1778 -15 9.66606
    endloop
  endfacet
  facet normal 0 -1 0
    outer loop
      vertex 53.5328 -15 9.61187
      vertex 54.1197 -15 9.48712
      vertex 54.1441 -15 9.57812
    endloop
  endfacet
  facet normal 0 -1 0
    outer loop
      vertex 53.5082 -15 9.45679
      vertex 54.1197 -15 9.48712
      vertex 53.5328 -15 9.61187
    endloop
  endfacet
  facet normal 0 -1 0
    outer loop
      vertex 53.5082 -15 9.45679
      vertex 54.1049 -15 9.39408
      vertex 54.1197 -15 9.48712
    endloop
  endfacet
  facet normal 0 -1 0
    outer loop
      vertex 53.5 -15 9.3
      vertex 54.1049 -15 9.39408
      vertex 53.5082 -15 9.45679
    endloop
  endfacet
  facet normal 0 -1 0
    outer loop
      vertex 53.5 -15 9.3
      vertex 54.1 -15 9.3
      vertex 54.1049 -15 9.39408
    endloop
  endfacet
  facet normal 0 -1 0
    outer loop
      vertex 53.5 -15 9.3
      vertex 54.1049 -15 9.20592
      vertex 54.1 -15 9.3
    endloop
  endfacet
  facet normal 0 -1 0
    outer loop
      vertex 53.5082 -15 9.14321
      vertex 54.1049 -15 9.20592
      vertex 53.5 -15 9.3
    endloop
  endfacet
  facet normal 0 -1 0
    outer loop
      vertex 53.5082 -15 9.14321
      vertex 54.1197 -15 9.11288
      vertex 54.1049 -15 9.20592
    endloop
  endfacet
  facet normal 0 -1 0
    outer loop
      vertex 53.5328 -15 8.98813
      vertex 54.1197 -15 9.11288
      vertex 53.5082 -15 9.14321
    endloop
  endfacet
  facet normal 0 -1 -0
    outer loop
      vertex 54.1197 -15 9.11288
      vertex 53.5328 -15 8.98813
      vertex 54.1441 -15 9.02188
    endloop
  endfacet
  facet normal 0 -1 0
    outer loop
      vertex 53.5734 -15 8.83647
      vertex 54.1441 -15 9.02188
      vertex 53.5328 -15 8.98813
    endloop
  endfacet
  facet normal 0 -1 -0
    outer loop
      vertex 54.1441 -15 9.02188
      vertex 53.5734 -15 8.83647
      vertex 54.1778 -15 8.93394
    endloop
  endfacet
  facet normal 0 -1 0
    outer loop
      vertex 53.6297 -15 8.68989
      vertex 54.1778 -15 8.93394
      vertex 53.5734 -15 8.83647
    endloop
  endfacet
  facet normal 0 -1 -0
    outer loop
      vertex 54.1778 -15 8.93394
      vertex 53.6297 -15 8.68989
      vertex 54.2206 -15 8.85
    endloop
  endfacet
  facet normal 0 -1 0
    outer loop
      vertex 53.701 -15 8.55
      vertex 54.2206 -15 8.85
      vertex 53.6297 -15 8.68989
    endloop
  endfacet
  facet normal 0 -1 -0
    outer loop
      vertex 54.2206 -15 8.85
      vertex 53.701 -15 8.55
      vertex 54.2719 -15 8.77099
    endloop
  endfacet
  facet normal 0 -1 0
    outer loop
      vertex 53.7865 -15 8.41832
      vertex 54.2719 -15 8.77099
      vertex 53.701 -15 8.55
    endloop
  endfacet
  facet normal 0 -1 0
    outer loop
      vertex 53.8013 -15 8.4
      vertex 54.2719 -15 8.77099
      vertex 53.7865 -15 8.41832
    endloop
  endfacet
  facet normal 0 -1 -0
    outer loop
      vertex 54.2719 -15 8.77099
      vertex 53.8013 -15 8.4
      vertex 54.3312 -15 8.69778
    endloop
  endfacet
  facet normal 0 -1 -0
    outer loop
      vertex 54.3312 -15 8.69778
      vertex 53.8013 -15 8.4
      vertex 54.3978 -15 8.63117
    endloop
  endfacet
  facet normal 0 -1 -0
    outer loop
      vertex 54.3978 -15 8.63117
      vertex 53.8013 -15 8.4
      vertex 54.471 -15 8.57189
    endloop
  endfacet
  facet normal 0 -1 -0
    outer loop
      vertex 54.471 -15 8.57189
      vertex 53.8013 -15 8.4
      vertex 54.55 -15 8.52058
    endloop
  endfacet
  facet normal 0 -1 -0
    outer loop
      vertex 54.55 -15 8.52058
      vertex 53.8013 -15 8.4
      vertex 54.6339 -15 8.47781
    endloop
  endfacet
  facet normal 0 -1 -0
    outer loop
      vertex 54.6339 -15 8.47781
      vertex 53.8013 -15 8.4
      vertex 54.7219 -15 8.44405
    endloop
  endfacet
  facet normal 0 -1 -0
    outer loop
      vertex 54.7219 -15 8.44405
      vertex 53.8013 -15 8.4
      vertex 54.8129 -15 8.41967
    endloop
  endfacet
  facet normal 0 -1 -0
    outer loop
      vertex 54.8129 -15 8.41967
      vertex 53.8013 -15 8.4
      vertex 54.9059 -15 8.40493
    endloop
  endfacet
  facet normal 0 -1 -0
    outer loop
      vertex 54.9059 -15 8.40493
      vertex 53.8013 -15 8.4
      vertex 55 -15 8.4
    endloop
  endfacet
  facet normal 0 -1 -0
    outer loop
      vertex 55.6101 -15 10.6703
      vertex 55.3661 -15 10.1222
      vertex 55.75 -15 10.599
    endloop
  endfacet
  facet normal 0 -1 0
    outer loop
      vertex 55.45 -15 10.0794
      vertex 55.75 -15 10.599
      vertex 55.3661 -15 10.1222
    endloop
  endfacet
  facet normal 0 -1 -0
    outer loop
      vertex 55.75 -15 10.599
      vertex 55.45 -15 10.0794
      vertex 55.8817 -15 10.5135
    endloop
  endfacet
  facet normal 0 -1 0
    outer loop
      vertex 55.529 -15 10.0281
      vertex 55.8817 -15 10.5135
      vertex 55.45 -15 10.0794
    endloop
  endfacet
  facet normal 0 -1 -0
    outer loop
      vertex 55.8817 -15 10.5135
      vertex 55.529 -15 10.0281
      vertex 56.0037 -15 10.4147
    endloop
  endfacet
  facet normal 0 -1 0
    outer loop
      vertex 55.6022 -15 9.96883
      vertex 56.0037 -15 10.4147
      vertex 55.529 -15 10.0281
    endloop
  endfacet
  facet normal 0 -1 -0
    outer loop
      vertex 56.0037 -15 10.4147
      vertex 55.6022 -15 9.96883
      vertex 56.1147 -15 10.3037
    endloop
  endfacet
  facet normal 0 -1 0
    outer loop
      vertex 55.6688 -15 9.90222
      vertex 56.1147 -15 10.3037
      vertex 55.6022 -15 9.96883
    endloop
  endfacet
  facet normal 0 -1 -0
    outer loop
      vertex 56.1147 -15 10.3037
      vertex 55.6688 -15 9.90222
      vertex 56.2135 -15 10.1817
    endloop
  endfacet
  facet normal 0 -1 0
    outer loop
      vertex 55.7281 -15 9.82901
      vertex 56.2135 -15 10.1817
      vertex 55.6688 -15 9.90222
    endloop
  endfacet
  facet normal 0 -1 -0
    outer loop
      vertex 56.2135 -15 10.1817
      vertex 55.7281 -15 9.82901
      vertex 56.299 -15 10.05
    endloop
  endfacet
  facet normal 0 -1 0
    outer loop
      vertex 55.7794 -15 9.75
      vertex 56.299 -15 10.05
      vertex 55.7281 -15 9.82901
    endloop
  endfacet
  facet normal 0 -1 -0
    outer loop
      vertex 56.299 -15 10.05
      vertex 55.7794 -15 9.75
      vertex 56.3703 -15 9.9101
    endloop
  endfacet
  facet normal 0 -1 0
    outer loop
      vertex 55.8222 -15 9.66606
      vertex 56.3703 -15 9.9101
      vertex 55.7794 -15 9.75
    endloop
  endfacet
  facet normal 0 -1 -0
    outer loop
      vertex 56.3703 -15 9.9101
      vertex 55.8222 -15 9.66606
      vertex 56.4266 -15 9.76353
    endloop
  endfacet
  facet normal 0 -1 0
    outer loop
      vertex 55.8559 -15 9.57812
      vertex 56.4266 -15 9.76353
      vertex 55.8222 -15 9.66606
    endloop
  endfacet
  facet normal 0 -1 -0
    outer loop
      vertex 56.4266 -15 9.76353
      vertex 55.8559 -15 9.57812
      vertex 56.4672 -15 9.61187
    endloop
  endfacet
  facet normal 0 -1 0
    outer loop
      vertex 55.8803 -15 9.48712
      vertex 56.4672 -15 9.61187
      vertex 55.8559 -15 9.57812
    endloop
  endfacet
  facet normal 0 -1 0
    outer loop
      vertex 55.8803 -15 9.48712
      vertex 56.4918 -15 9.45679
      vertex 56.4672 -15 9.61187
    endloop
  endfacet
  facet normal 0 -1 0
    outer loop
      vertex 55.8951 -15 9.39408
      vertex 56.4918 -15 9.45679
      vertex 55.8803 -15 9.48712
    endloop
  endfacet
  facet normal 0 -1 0
    outer loop
      vertex 55.9 -15 9.3
      vertex 56.4918 -15 9.45679
      vertex 55.8951 -15 9.39408
    endloop
  endfacet
  facet normal 0 -1 0
    outer loop
      vertex 55.9 -15 9.3
      vertex 56.5 -15 9.3
      vertex 56.4918 -15 9.45679
    endloop
  endfacet
  facet normal 0 -1 0
    outer loop
      vertex 55.8951 -15 9.20592
      vertex 56.5 -15 9.3
      vertex 55.9 -15 9.3
    endloop
  endfacet
  facet normal 0 -1 0
    outer loop
      vertex 55.8951 -15 9.20592
      vertex 56.4918 -15 9.14321
      vertex 56.5 -15 9.3
    endloop
  endfacet
  facet normal 0 -1 0
    outer loop
      vertex 55.8803 -15 9.11288
      vertex 56.4918 -15 9.14321
      vertex 55.8951 -15 9.20592
    endloop
  endfacet
  facet normal 0 -1 0
    outer loop
      vertex 56.4672 -15 8.98813
      vertex 55.8803 -15 9.11288
      vertex 55.8559 -15 9.02188
    endloop
  endfacet
  facet normal 0 -1 0
    outer loop
      vertex 55.8803 -15 9.11288
      vertex 56.4672 -15 8.98813
      vertex 56.4918 -15 9.14321
    endloop
  endfacet
  facet normal 0 -1 0
    outer loop
      vertex 56.4266 -15 8.83647
      vertex 55.8559 -15 9.02188
      vertex 55.8222 -15 8.93394
    endloop
  endfacet
  facet normal 0 -1 0
    outer loop
      vertex 56.3703 -15 8.68989
      vertex 55.8222 -15 8.93394
      vertex 55.7794 -15 8.85
    endloop
  endfacet
  facet normal 0 -1 0
    outer loop
      vertex 55.8559 -15 9.02188
      vertex 56.4266 -15 8.83647
      vertex 56.4672 -15 8.98813
    endloop
  endfacet
  facet normal 0 -1 0
    outer loop
      vertex 56.299 -15 8.55
      vertex 55.7794 -15 8.85
      vertex 55.7281 -15 8.77099
    endloop
  endfacet
  facet normal 0 -1 0
    outer loop
      vertex 56.1987 -15 8.4
      vertex 55.7281 -15 8.77099
      vertex 55.6688 -15 8.69778
    endloop
  endfacet
  facet normal 0 -1 0
    outer loop
      vertex 55.8222 -15 8.93394
      vertex 56.3703 -15 8.68989
      vertex 56.4266 -15 8.83647
    endloop
  endfacet
  facet normal 0 -1 0
    outer loop
      vertex 56.1987 -15 8.4
      vertex 55.6688 -15 8.69778
      vertex 55.6022 -15 8.63117
    endloop
  endfacet
  facet normal 0 -1 0
    outer loop
      vertex 56.1987 -15 8.4
      vertex 55.6022 -15 8.63117
      vertex 55.529 -15 8.57189
    endloop
  endfacet
  facet normal 0 -1 0
    outer loop
      vertex 55.7794 -15 8.85
      vertex 56.299 -15 8.55
      vertex 56.3703 -15 8.68989
    endloop
  endfacet
  facet normal 0 -1 0
    outer loop
      vertex 56.1987 -15 8.4
      vertex 55.529 -15 8.57189
      vertex 55.45 -15 8.52058
    endloop
  endfacet
  facet normal 0 -1 0
    outer loop
      vertex 56.1987 -15 8.4
      vertex 55.45 -15 8.52058
      vertex 55.3661 -15 8.47781
    endloop
  endfacet
  facet normal 0 -1 0
    outer loop
      vertex 56.1987 -15 8.4
      vertex 55.3661 -15 8.47781
      vertex 55.2781 -15 8.44405
    endloop
  endfacet
  facet normal 0 -1 0
    outer loop
      vertex 56.1987 -15 8.4
      vertex 55.2781 -15 8.44405
      vertex 55.1871 -15 8.41967
    endloop
  endfacet
  facet normal 0 -1 0
    outer loop
      vertex 55.7281 -15 8.77099
      vertex 56.2135 -15 8.41832
      vertex 56.299 -15 8.55
    endloop
  endfacet
  facet normal 0 -1 0
    outer loop
      vertex 56.1987 -15 8.4
      vertex 55.1871 -15 8.41967
      vertex 55.0941 -15 8.40493
    endloop
  endfacet
  facet normal 0 -1 0
    outer loop
      vertex 56.1987 -15 8.4
      vertex 55.0941 -15 8.40493
      vertex 55 -15 8.4
    endloop
  endfacet
  facet normal 0 -1 0
    outer loop
      vertex 55.7281 -15 8.77099
      vertex 56.1987 -15 8.4
      vertex 56.2135 -15 8.41832
    endloop
  endfacet
  facet normal 0 -1 0
    outer loop
      vertex 56.1987 -15 8.4
      vertex 65.65 -15 7.8
      vertex 66.7 -15 8.4
    endloop
  endfacet
  facet normal 0 -1 0
    outer loop
      vertex 66.4 -15 0.6
      vertex 65.65 -15 7.8
      vertex 65.65 -15 0.6
    endloop
  endfacet
  facet normal 0 -1 0
    outer loop
      vertex 66.7 -15 0.6
      vertex 65.65 -15 7.8
      vertex 66.4 -15 0.6
    endloop
  endfacet
  facet normal 0 -1 0
    outer loop
      vertex 65.65 -15 7.8
      vertex 66.7 -15 0.6
      vertex 66.7 -15 8.4
    endloop
  endfacet
  facet normal 0 -0.544657 0.838659
    outer loop
      vertex 43.3 -28.9 7.355
      vertex 66.7 -29.5847 6.91033
      vertex 66.7 -28.9 7.355
    endloop
  endfacet
  facet normal 0 -0.544657 0.838659
    outer loop
      vertex 66.7 -29.5847 6.91033
      vertex 43.3 -28.9 7.355
      vertex 43.3 -29.5847 6.91033
    endloop
  endfacet
  facet normal 0 -0.156433 0.987689
    outer loop
      vertex 43.3 -25.8153 8.35727
      vertex 66.7 -26.6217 8.22955
      vertex 66.7 -25.8153 8.35727
    endloop
  endfacet
  facet normal 0 -0.156433 0.987689
    outer loop
      vertex 66.7 -26.6217 8.22955
      vertex 43.3 -25.8153 8.35727
      vertex 43.3 -26.6217 8.22955
    endloop
  endfacet
  facet normal 0 -0.707113 0.707101
    outer loop
      vertex 43.3 -30.7965 5.81922
      vertex 66.7 -30.2192 6.39653
      vertex 43.3 -30.2192 6.39653
    endloop
  endfacet
  facet normal 0 -0.707113 0.707101
    outer loop
      vertex 66.7 -30.2192 6.39653
      vertex 43.3 -30.7965 5.81922
      vertex 66.7 -30.7965 5.81922
    endloop
  endfacet
  facet normal 0 -0.987692 0.156411
    outer loop
      vertex 43.3 -32.7573 1.41532
      vertex 66.7 -32.6296 2.22171
      vertex 43.3 -32.6296 2.22171
    endloop
  endfacet
  facet normal 0 -0.987692 0.156411
    outer loop
      vertex 66.7 -32.6296 2.22171
      vertex 43.3 -32.7573 1.41532
      vertex 66.7 -32.7573 1.41532
    endloop
  endfacet
  facet normal 0 -0.83865 0.544671
    outer loop
      vertex 43.3 -31.755 4.5
      vertex 66.7 -31.3103 5.18472
      vertex 43.3 -31.3103 5.18472
    endloop
  endfacet
  facet normal 0 -0.83865 0.544671
    outer loop
      vertex 66.7 -31.3103 5.18472
      vertex 43.3 -31.755 4.5
      vertex 66.7 -31.755 4.5
    endloop
  endfacet
  facet normal 0 -0.777151 0.629314
    outer loop
      vertex 43.3 -31.3103 5.18472
      vertex 66.7 -30.7965 5.81922
      vertex 43.3 -30.7965 5.81922
    endloop
  endfacet
  facet normal 0 -0.777151 0.629314
    outer loop
      vertex 66.7 -30.7965 5.81922
      vertex 43.3 -31.3103 5.18472
      vertex 66.7 -31.3103 5.18472
    endloop
  endfacet
  facet normal 0 -0.258825 0.965924
    outer loop
      vertex 43.3 -26.6217 8.22955
      vertex 66.7 -27.4103 8.01824
      vertex 66.7 -26.6217 8.22955
    endloop
  endfacet
  facet normal 0 -0.258825 0.965924
    outer loop
      vertex 66.7 -27.4103 8.01824
      vertex 43.3 -26.6217 8.22955
      vertex 43.3 -27.4103 8.01824
    endloop
  endfacet
  facet normal 0 -0.890984 0.454035
    outer loop
      vertex 43.3 -32.1257 3.77255
      vertex 66.7 -31.755 4.5
      vertex 43.3 -31.755 4.5
    endloop
  endfacet
  facet normal 0 -0.890984 0.454035
    outer loop
      vertex 66.7 -31.755 4.5
      vertex 43.3 -32.1257 3.77255
      vertex 66.7 -32.1257 3.77255
    endloop
  endfacet
  facet normal 0 -0.453962 0.891021
    outer loop
      vertex 43.3 -28.1725 7.72565
      vertex 66.7 -28.9 7.355
      vertex 66.7 -28.1725 7.72565
    endloop
  endfacet
  facet normal 0 -0.453962 0.891021
    outer loop
      vertex 66.7 -28.9 7.355
      vertex 43.3 -28.1725 7.72565
      vertex 43.3 -28.9 7.355
    endloop
  endfacet
  facet normal 0 -0.965898 0.258922
    outer loop
      vertex 43.3 -32.6296 2.22171
      vertex 66.7 -32.4182 3.01033
      vertex 43.3 -32.4182 3.01033
    endloop
  endfacet
  facet normal 0 -0.965898 0.258922
    outer loop
      vertex 66.7 -32.4182 3.01033
      vertex 43.3 -32.6296 2.22171
      vertex 66.7 -32.6296 2.22171
    endloop
  endfacet
  facet normal 0 -0.358377 0.933577
    outer loop
      vertex 43.3 -27.4103 8.01824
      vertex 66.7 -28.1725 7.72565
      vertex 66.7 -27.4103 8.01824
    endloop
  endfacet
  facet normal 0 -0.358377 0.933577
    outer loop
      vertex 66.7 -28.1725 7.72565
      vertex 43.3 -27.4103 8.01824
      vertex 43.3 -28.1725 7.72565
    endloop
  endfacet
  facet normal 0 -0.998631 0.0523004
    outer loop
      vertex 43.6 -32.8 0.6
      vertex 43.3 -32.7573 1.41532
      vertex 43.3 -32.8 0.6
    endloop
  endfacet
  facet normal 0 -0.998631 0.0523004
    outer loop
      vertex 43.3 -32.7573 1.41532
      vertex 43.6 -32.8 0.6
      vertex 66.7 -32.7573 1.41532
    endloop
  endfacet
  facet normal 0 -0.998631 0.0523004
    outer loop
      vertex 66.4 -32.8 0.6
      vertex 66.7 -32.7573 1.41532
      vertex 43.6 -32.8 0.6
    endloop
  endfacet
  facet normal 0 -0.998631 0.0523004
    outer loop
      vertex 66.7 -32.7573 1.41532
      vertex 66.4 -32.8 0.6
      vertex 66.7 -32.8 0.6
    endloop
  endfacet
  facet normal 0 -0.0523383 0.998629
    outer loop
      vertex 56.1987 -25 8.4
      vertex 66.7 -25.8153 8.35727
      vertex 66.7 -25 8.4
    endloop
  endfacet
  facet normal 7.84804e-07 -0.0523282 0.99863
    outer loop
      vertex 56.1732 -25.6 8.36856
      vertex 66.7 -25.8153 8.35727
      vertex 56.1987 -25 8.4
    endloop
  endfacet
  facet normal 0 -0.0523665 0.998628
    outer loop
      vertex 53.8268 -25.6 8.36856
      vertex 66.7 -25.8153 8.35727
      vertex 56.1732 -25.6 8.36856
    endloop
  endfacet
  facet normal 0 -0.0523383 0.998629
    outer loop
      vertex 43.3 -25.8153 8.35727
      vertex 53.8013 -25 8.4
      vertex 43.3 -25 8.4
    endloop
  endfacet
  facet normal 0 -0.0523665 0.998628
    outer loop
      vertex 53.8268 -25.6 8.36856
      vertex 43.3 -25.8153 8.35727
      vertex 66.7 -25.8153 8.35727
    endloop
  endfacet
  facet normal -7.84804e-07 -0.0523282 0.99863
    outer loop
      vertex 53.8013 -25 8.4
      vertex 43.3 -25.8153 8.35727
      vertex 53.8268 -25.6 8.36856
    endloop
  endfacet
  facet normal 0 -0.629314 0.777151
    outer loop
      vertex 43.3 -29.5847 6.91033
      vertex 66.7 -30.2192 6.39653
      vertex 66.7 -29.5847 6.91033
    endloop
  endfacet
  facet normal 0 -0.629314 0.777151
    outer loop
      vertex 66.7 -30.2192 6.39653
      vertex 43.3 -29.5847 6.91033
      vertex 43.3 -30.2192 6.39653
    endloop
  endfacet
  facet normal -1 0 0
    outer loop
      vertex 43.3 -25 0.6
      vertex 43.3 -25.8153 8.35727
      vertex 43.3 -25 8.4
    endloop
  endfacet
  facet normal -1 0 0
    outer loop
      vertex 43.3 -25 0.6
      vertex 43.3 -26.6217 8.22955
      vertex 43.3 -25.8153 8.35727
    endloop
  endfacet
  facet normal -1 0 0
    outer loop
      vertex 43.3 -25 0.6
      vertex 43.3 -27.4103 8.01824
      vertex 43.3 -26.6217 8.22955
    endloop
  endfacet
  facet normal -1 0 0
    outer loop
      vertex 43.3 -25 0.6
      vertex 43.3 -28.1725 7.72565
      vertex 43.3 -27.4103 8.01824
    endloop
  endfacet
  facet normal -1 0 0
    outer loop
      vertex 43.3 -25 0.6
      vertex 43.3 -28.9 7.355
      vertex 43.3 -28.1725 7.72565
    endloop
  endfacet
  facet normal -1 0 0
    outer loop
      vertex 43.3 -25 0.6
      vertex 43.3 -29.5847 6.91033
      vertex 43.3 -28.9 7.355
    endloop
  endfacet
  facet normal -1 0 0
    outer loop
      vertex 43.3 -25 0.6
      vertex 43.3 -30.2192 6.39653
      vertex 43.3 -29.5847 6.91033
    endloop
  endfacet
  facet normal -1 0 0
    outer loop
      vertex 43.3 -25 0.6
      vertex 43.3 -30.7965 5.81922
      vertex 43.3 -30.2192 6.39653
    endloop
  endfacet
  facet normal -1 0 0
    outer loop
      vertex 43.3 -25 0.6
      vertex 43.3 -31.3103 5.18472
      vertex 43.3 -30.7965 5.81922
    endloop
  endfacet
  facet normal -1 0 0
    outer loop
      vertex 43.3 -25 0.6
      vertex 43.3 -31.755 4.5
      vertex 43.3 -31.3103 5.18472
    endloop
  endfacet
  facet normal -1 0 0
    outer loop
      vertex 43.3 -25 0.6
      vertex 43.3 -32.1257 3.77255
      vertex 43.3 -31.755 4.5
    endloop
  endfacet
  facet normal -1 0 0
    outer loop
      vertex 43.3 -25 0.6
      vertex 43.3 -32.4182 3.01033
      vertex 43.3 -32.1257 3.77255
    endloop
  endfacet
  facet normal -1 0 0
    outer loop
      vertex 43.3 -25 0.6
      vertex 43.3 -32.6296 2.22171
      vertex 43.3 -32.4182 3.01033
    endloop
  endfacet
  facet normal -1 0 0
    outer loop
      vertex 43.3 -25 0.6
      vertex 43.3 -32.7573 1.41532
      vertex 43.3 -32.6296 2.22171
    endloop
  endfacet
  facet normal -1 0 -0
    outer loop
      vertex 43.3 -32.7573 1.41532
      vertex 43.3 -25 0.6
      vertex 43.3 -32.8 0.6
    endloop
  endfacet
  facet normal 0 -0.933617 0.358273
    outer loop
      vertex 43.3 -32.4182 3.01033
      vertex 66.7 -32.1257 3.77255
      vertex 43.3 -32.1257 3.77255
    endloop
  endfacet
  facet normal 0 -0.933617 0.358273
    outer loop
      vertex 66.7 -32.1257 3.77255
      vertex 43.3 -32.4182 3.01033
      vertex 66.7 -32.4182 3.01033
    endloop
  endfacet
  facet normal 1 -0 0
    outer loop
      vertex 66.7 -25.8153 8.35727
      vertex 66.7 -25 0.6
      vertex 66.7 -25 8.4
    endloop
  endfacet
  facet normal 1 -0 0
    outer loop
      vertex 66.7 -26.6217 8.22955
      vertex 66.7 -25 0.6
      vertex 66.7 -25.8153 8.35727
    endloop
  endfacet
  facet normal 1 -0 0
    outer loop
      vertex 66.7 -27.4103 8.01824
      vertex 66.7 -25 0.6
      vertex 66.7 -26.6217 8.22955
    endloop
  endfacet
  facet normal 1 -0 0
    outer loop
      vertex 66.7 -28.1725 7.72565
      vertex 66.7 -25 0.6
      vertex 66.7 -27.4103 8.01824
    endloop
  endfacet
  facet normal 1 -0 0
    outer loop
      vertex 66.7 -28.9 7.355
      vertex 66.7 -25 0.6
      vertex 66.7 -28.1725 7.72565
    endloop
  endfacet
  facet normal 1 -0 0
    outer loop
      vertex 66.7 -29.5847 6.91033
      vertex 66.7 -25 0.6
      vertex 66.7 -28.9 7.355
    endloop
  endfacet
  facet normal 1 -0 0
    outer loop
      vertex 66.7 -30.2192 6.39653
      vertex 66.7 -25 0.6
      vertex 66.7 -29.5847 6.91033
    endloop
  endfacet
  facet normal 1 -0 0
    outer loop
      vertex 66.7 -30.7965 5.81922
      vertex 66.7 -25 0.6
      vertex 66.7 -30.2192 6.39653
    endloop
  endfacet
  facet normal 1 -0 0
    outer loop
      vertex 66.7 -31.3103 5.18472
      vertex 66.7 -25 0.6
      vertex 66.7 -30.7965 5.81922
    endloop
  endfacet
  facet normal 1 -0 0
    outer loop
      vertex 66.7 -31.755 4.5
      vertex 66.7 -25 0.6
      vertex 66.7 -31.3103 5.18472
    endloop
  endfacet
  facet normal 1 -0 0
    outer loop
      vertex 66.7 -32.1257 3.77255
      vertex 66.7 -25 0.6
      vertex 66.7 -31.755 4.5
    endloop
  endfacet
  facet normal 1 -0 0
    outer loop
      vertex 66.7 -32.4182 3.01033
      vertex 66.7 -25 0.6
      vertex 66.7 -32.1257 3.77255
    endloop
  endfacet
  facet normal 1 -0 0
    outer loop
      vertex 66.7 -32.6296 2.22171
      vertex 66.7 -25 0.6
      vertex 66.7 -32.4182 3.01033
    endloop
  endfacet
  facet normal 1 -0 0
    outer loop
      vertex 66.7 -32.7573 1.41532
      vertex 66.7 -25 0.6
      vertex 66.7 -32.6296 2.22171
    endloop
  endfacet
  facet normal 1 0 0
    outer loop
      vertex 66.7 -25 0.6
      vertex 66.7 -32.7573 1.41532
      vertex 66.7 -32.8 0.6
    endloop
  endfacet
  facet normal 0 0.35836 -0.933583
    outer loop
      vertex 44.35 -27.9285 7.17753
      vertex 65.65 -27.2249 7.44761
      vertex 65.65 -27.9285 7.17753
    endloop
  endfacet
  facet normal 0 0.35836 -0.933583
    outer loop
      vertex 65.65 -27.2249 7.44761
      vertex 44.35 -27.9285 7.17753
      vertex 44.35 -27.2249 7.44761
    endloop
  endfacet
  facet normal 0 0.987687 -0.156441
    outer loop
      vertex 65.65 -32.1606 1.3526
      vertex 44.35 -32.0427 2.09696
      vertex 65.65 -32.0427 2.09696
    endloop
  endfacet
  facet normal 0 0.987687 -0.156441
    outer loop
      vertex 44.35 -32.0427 2.09696
      vertex 65.65 -32.1606 1.3526
      vertex 44.35 -32.1606 1.3526
    endloop
  endfacet
  facet normal 0 0.838645 -0.544678
    outer loop
      vertex 65.65 -31.2354 4.2
      vertex 44.35 -30.8249 4.83205
      vertex 65.65 -30.8249 4.83205
    endloop
  endfacet
  facet normal 0 0.838645 -0.544678
    outer loop
      vertex 44.35 -30.8249 4.83205
      vertex 65.65 -31.2354 4.2
      vertex 44.35 -31.2354 4.2
    endloop
  endfacet
  facet normal 0 0.544611 -0.838689
    outer loop
      vertex 44.35 -29.2321 6.42492
      vertex 65.65 -28.6 6.83538
      vertex 65.65 -29.2321 6.42492
    endloop
  endfacet
  facet normal 0 0.544611 -0.838689
    outer loop
      vertex 65.65 -28.6 6.83538
      vertex 44.35 -29.2321 6.42492
      vertex 44.35 -28.6 6.83538
    endloop
  endfacet
  facet normal 0 0.629377 -0.7771
    outer loop
      vertex 44.35 -29.8177 5.95064
      vertex 65.65 -29.2321 6.42492
      vertex 65.65 -29.8177 5.95064
    endloop
  endfacet
  facet normal 0 0.629377 -0.7771
    outer loop
      vertex 65.65 -29.2321 6.42492
      vertex 44.35 -29.8177 5.95064
      vertex 44.35 -29.2321 6.42492
    endloop
  endfacet
  facet normal 0 0.156433 -0.987689
    outer loop
      vertex 44.35 -26.497 7.64266
      vertex 65.65 -25.7526 7.76056
      vertex 65.65 -26.497 7.64266
    endloop
  endfacet
  facet normal 0 0.156433 -0.987689
    outer loop
      vertex 65.65 -25.7526 7.76056
      vertex 44.35 -26.497 7.64266
      vertex 44.35 -25.7526 7.76056
    endloop
  endfacet
  facet normal 0 0.891031 -0.453942
    outer loop
      vertex 65.65 -31.5775 3.5285
      vertex 44.35 -31.2354 4.2
      vertex 65.65 -31.2354 4.2
    endloop
  endfacet
  facet normal 0 0.891031 -0.453942
    outer loop
      vertex 44.35 -31.2354 4.2
      vertex 65.65 -31.5775 3.5285
      vertex 44.35 -31.5775 3.5285
    endloop
  endfacet
  facet normal 0 0.777135 -0.629334
    outer loop
      vertex 65.65 -30.8249 4.83205
      vertex 44.35 -30.3506 5.41774
      vertex 65.65 -30.3506 5.41774
    endloop
  endfacet
  facet normal 0 0.777135 -0.629334
    outer loop
      vertex 44.35 -30.3506 5.41774
      vertex 65.65 -30.8249 4.83205
      vertex 44.35 -30.8249 4.83205
    endloop
  endfacet
  facet normal 0 0.965911 -0.258873
    outer loop
      vertex 65.65 -32.0427 2.09696
      vertex 44.35 -31.8476 2.82492
      vertex 65.65 -31.8476 2.82492
    endloop
  endfacet
  facet normal 0 0.965911 -0.258873
    outer loop
      vertex 44.35 -31.8476 2.82492
      vertex 65.65 -32.0427 2.09696
      vertex 44.35 -32.0427 2.09696
    endloop
  endfacet
  facet normal 0 0.707107 -0.707107
    outer loop
      vertex 44.35 -30.3506 5.41774
      vertex 65.65 -29.8177 5.95064
      vertex 65.65 -30.3506 5.41774
    endloop
  endfacet
  facet normal 0 0.707107 -0.707107
    outer loop
      vertex 65.65 -29.8177 5.95064
      vertex 44.35 -30.3506 5.41774
      vertex 44.35 -29.8177 5.95064
    endloop
  endfacet
  facet normal 0 0.453994 -0.891005
    outer loop
      vertex 44.35 -28.6 6.83538
      vertex 65.65 -27.9285 7.17753
      vertex 65.65 -28.6 6.83538
    endloop
  endfacet
  facet normal 0 0.453994 -0.891005
    outer loop
      vertex 65.65 -27.9285 7.17753
      vertex 44.35 -28.6 6.83538
      vertex 44.35 -27.9285 7.17753
    endloop
  endfacet
  facet normal 0 0.258831 -0.965923
    outer loop
      vertex 44.35 -27.2249 7.44761
      vertex 65.65 -26.497 7.64266
      vertex 65.65 -27.2249 7.44761
    endloop
  endfacet
  facet normal 0 0.258831 -0.965923
    outer loop
      vertex 65.65 -26.497 7.64266
      vertex 44.35 -27.2249 7.44761
      vertex 44.35 -26.497 7.64266
    endloop
  endfacet
  facet normal 0 0.0523332 -0.99863
    outer loop
      vertex 44.35 -25.7526 7.76056
      vertex 65.65 -25 7.8
      vertex 65.65 -25.7526 7.76056
    endloop
  endfacet
  facet normal 0 0.0523332 -0.99863
    outer loop
      vertex 65.65 -25 7.8
      vertex 44.35 -25.7526 7.76056
      vertex 44.35 -25 7.8
    endloop
  endfacet
  facet normal 1 -0 0
    outer loop
      vertex 44.35 -25.7526 7.76056
      vertex 44.35 -25 0.6
      vertex 44.35 -25 7.8
    endloop
  endfacet
  facet normal 1 -0 0
    outer loop
      vertex 44.35 -26.497 7.64266
      vertex 44.35 -25 0.6
      vertex 44.35 -25.7526 7.76056
    endloop
  endfacet
  facet normal 1 -0 0
    outer loop
      vertex 44.35 -27.2249 7.44761
      vertex 44.35 -25 0.6
      vertex 44.35 -26.497 7.64266
    endloop
  endfacet
  facet normal 1 -0 0
    outer loop
      vertex 44.35 -27.9285 7.17753
      vertex 44.35 -25 0.6
      vertex 44.35 -27.2249 7.44761
    endloop
  endfacet
  facet normal 1 -0 0
    outer loop
      vertex 44.35 -28.6 6.83538
      vertex 44.35 -25 0.6
      vertex 44.35 -27.9285 7.17753
    endloop
  endfacet
  facet normal 1 -0 0
    outer loop
      vertex 44.35 -29.2321 6.42492
      vertex 44.35 -25 0.6
      vertex 44.35 -28.6 6.83538
    endloop
  endfacet
  facet normal 1 -0 0
    outer loop
      vertex 44.35 -29.8177 5.95064
      vertex 44.35 -25 0.6
      vertex 44.35 -29.2321 6.42492
    endloop
  endfacet
  facet normal 1 -0 0
    outer loop
      vertex 44.35 -30.3506 5.41774
      vertex 44.35 -25 0.6
      vertex 44.35 -29.8177 5.95064
    endloop
  endfacet
  facet normal 1 -0 0
    outer loop
      vertex 44.35 -30.8249 4.83205
      vertex 44.35 -25 0.6
      vertex 44.35 -30.3506 5.41774
    endloop
  endfacet
  facet normal 1 -0 0
    outer loop
      vertex 44.35 -31.2354 4.2
      vertex 44.35 -25 0.6
      vertex 44.35 -30.8249 4.83205
    endloop
  endfacet
  facet normal 1 -0 0
    outer loop
      vertex 44.35 -31.5775 3.5285
      vertex 44.35 -25 0.6
      vertex 44.35 -31.2354 4.2
    endloop
  endfacet
  facet normal 1 -0 0
    outer loop
      vertex 44.35 -31.8476 2.82492
      vertex 44.35 -25 0.6
      vertex 44.35 -31.5775 3.5285
    endloop
  endfacet
  facet normal 1 -0 0
    outer loop
      vertex 44.35 -32.0427 2.09696
      vertex 44.35 -25 0.6
      vertex 44.35 -31.8476 2.82492
    endloop
  endfacet
  facet normal 1 -0 0
    outer loop
      vertex 44.35 -32.1606 1.3526
      vertex 44.35 -25 0.6
      vertex 44.35 -32.0427 2.09696
    endloop
  endfacet
  facet normal 1 0 0
    outer loop
      vertex 44.35 -25 0.6
      vertex 44.35 -32.1606 1.3526
      vertex 44.35 -32.2 0.6
    endloop
  endfacet
  facet normal -1 0 0
    outer loop
      vertex 65.65 -25 0.6
      vertex 65.65 -25.7526 7.76056
      vertex 65.65 -25 7.8
    endloop
  endfacet
  facet normal -1 0 0
    outer loop
      vertex 65.65 -25 0.6
      vertex 65.65 -26.497 7.64266
      vertex 65.65 -25.7526 7.76056
    endloop
  endfacet
  facet normal -1 0 0
    outer loop
      vertex 65.65 -25 0.6
      vertex 65.65 -27.2249 7.44761
      vertex 65.65 -26.497 7.64266
    endloop
  endfacet
  facet normal -1 0 0
    outer loop
      vertex 65.65 -25 0.6
      vertex 65.65 -27.9285 7.17753
      vertex 65.65 -27.2249 7.44761
    endloop
  endfacet
  facet normal -1 0 0
    outer loop
      vertex 65.65 -25 0.6
      vertex 65.65 -28.6 6.83538
      vertex 65.65 -27.9285 7.17753
    endloop
  endfacet
  facet normal -1 0 0
    outer loop
      vertex 65.65 -25 0.6
      vertex 65.65 -29.2321 6.42492
      vertex 65.65 -28.6 6.83538
    endloop
  endfacet
  facet normal -1 0 0
    outer loop
      vertex 65.65 -25 0.6
      vertex 65.65 -29.8177 5.95064
      vertex 65.65 -29.2321 6.42492
    endloop
  endfacet
  facet normal -1 0 0
    outer loop
      vertex 65.65 -25 0.6
      vertex 65.65 -30.3506 5.41774
      vertex 65.65 -29.8177 5.95064
    endloop
  endfacet
  facet normal -1 0 0
    outer loop
      vertex 65.65 -25 0.6
      vertex 65.65 -30.8249 4.83205
      vertex 65.65 -30.3506 5.41774
    endloop
  endfacet
  facet normal -1 0 0
    outer loop
      vertex 65.65 -25 0.6
      vertex 65.65 -31.2354 4.2
      vertex 65.65 -30.8249 4.83205
    endloop
  endfacet
  facet normal -1 0 0
    outer loop
      vertex 65.65 -25 0.6
      vertex 65.65 -31.5775 3.5285
      vertex 65.65 -31.2354 4.2
    endloop
  endfacet
  facet normal -1 0 0
    outer loop
      vertex 65.65 -25 0.6
      vertex 65.65 -31.8476 2.82492
      vertex 65.65 -31.5775 3.5285
    endloop
  endfacet
  facet normal -1 0 0
    outer loop
      vertex 65.65 -25 0.6
      vertex 65.65 -32.0427 2.09696
      vertex 65.65 -31.8476 2.82492
    endloop
  endfacet
  facet normal -1 0 0
    outer loop
      vertex 65.65 -25 0.6
      vertex 65.65 -32.1606 1.3526
      vertex 65.65 -32.0427 2.09696
    endloop
  endfacet
  facet normal -1 0 -0
    outer loop
      vertex 65.65 -32.1606 1.3526
      vertex 65.65 -25 0.6
      vertex 65.65 -32.2 0.6
    endloop
  endfacet
  facet normal 0 0.998632 -0.0522803
    outer loop
      vertex 65.65 -32.2 0.6
      vertex 44.35 -32.1606 1.3526
      vertex 65.65 -32.1606 1.3526
    endloop
  endfacet
  facet normal 0 0.998632 -0.0522803
    outer loop
      vertex 44.35 -32.1606 1.3526
      vertex 65.65 -32.2 0.6
      vertex 44.35 -32.2 0.6
    endloop
  endfacet
  facet normal 0 0.933571 -0.358392
    outer loop
      vertex 65.65 -31.8476 2.82492
      vertex 44.35 -31.5775 3.5285
      vertex 65.65 -31.5775 3.5285
    endloop
  endfacet
  facet normal 0 0.933571 -0.358392
    outer loop
      vertex 44.35 -31.5775 3.5285
      vertex 65.65 -31.8476 2.82492
      vertex 44.35 -31.8476 2.82492
    endloop
  endfacet
  facet normal -0 0 1
    outer loop
      vertex 43.6 -32.8 0.6
      vertex 66.4 -33.4 0.6
      vertex 66.4 -32.8 0.6
    endloop
  endfacet
  facet normal 0 0 1
    outer loop
      vertex 66.4 -33.4 0.6
      vertex 43.6 -32.8 0.6
      vertex 43.6 -33.4 0.6
    endloop
  endfacet
  facet normal 0 0 -1
    outer loop
      vertex 43.3 -32.8 0.6
      vertex 43.6 -25 0.6
      vertex 43.6 -32.8 0.6
    endloop
  endfacet
  facet normal -0 0 -1
    outer loop
      vertex 43.6 -25 0.6
      vertex 43.3 -32.8 0.6
      vertex 43.3 -25 0.6
    endloop
  endfacet
  facet normal 0 0 -1
    outer loop
      vertex 66.4 -32.8 0.6
      vertex 66.7 -25 0.6
      vertex 66.7 -32.8 0.6
    endloop
  endfacet
  facet normal -0 0 -1
    outer loop
      vertex 66.7 -25 0.6
      vertex 66.4 -32.8 0.6
      vertex 66.4 -25 0.6
    endloop
  endfacet
  facet normal -0 0 1
    outer loop
      vertex 44.35 -25 0.6
      vertex 65.65 -32.2 0.6
      vertex 65.65 -25 0.6
    endloop
  endfacet
  facet normal 0 0 1
    outer loop
      vertex 65.65 -32.2 0.6
      vertex 44.35 -25 0.6
      vertex 44.35 -32.2 0.6
    endloop
  endfacet
  facet normal 1 0 0
    outer loop
      vertex 66.4 -33.4 0.75
      vertex 66.4 -36.4 0.75
      vertex 66.4 -33.4 0.6
    endloop
  endfacet
  facet normal 1 -0 0
    outer loop
      vertex 66.4 -32.8 0.6
      vertex 66.4 -25 0
      vertex 66.4 -25 0.6
    endloop
  endfacet
  facet normal 1 0 0
    outer loop
      vertex 66.4 -36.4 0
      vertex 66.4 -32.8 0.6
      vertex 66.4 -33.4 0.6
    endloop
  endfacet
  facet normal 1 0 0
    outer loop
      vertex 66.4 -36.4 0
      vertex 66.4 -33.4 0.6
      vertex 66.4 -36.4 0.75
    endloop
  endfacet
  facet normal 1 0 0
    outer loop
      vertex 66.4 -32.8 0.6
      vertex 66.4 -36.4 0
      vertex 66.4 -25 0
    endloop
  endfacet
  facet normal -0 0 1
    outer loop
      vertex 43.6 -33.4 0.75
      vertex 66.4 -36.4 0.75
      vertex 66.4 -33.4 0.75
    endloop
  endfacet
  facet normal 0 0 1
    outer loop
      vertex 66.4 -36.4 0.75
      vertex 43.6 -33.4 0.75
      vertex 43.6 -36.4 0.75
    endloop
  endfacet
  facet normal 0 0 -1
    outer loop
      vertex 66.4 -36.4 0
      vertex 65.65 -32.65 0
      vertex 66.4 -25 0
    endloop
  endfacet
  facet normal 0 0 -1
    outer loop
      vertex 66.4 -36.4 0
      vertex 44.35 -32.65 0
      vertex 65.65 -32.65 0
    endloop
  endfacet
  facet normal 0 0 -1
    outer loop
      vertex 43.6 -36.4 0
      vertex 44.35 -32.65 0
      vertex 66.4 -36.4 0
    endloop
  endfacet
  facet normal 0 0 -1
    outer loop
      vertex 43.6 -25 0
      vertex 44.35 -32.65 0
      vertex 43.6 -36.4 0
    endloop
  endfacet
  facet normal 0 0 -1
    outer loop
      vertex 44.35 -32.65 0
      vertex 43.6 -25 0
      vertex 44.35 -25 0
    endloop
  endfacet
  facet normal -0 0 -1
    outer loop
      vertex 66.4 -25 0
      vertex 65.65 -32.65 0
      vertex 65.65 -25 0
    endloop
  endfacet
  facet normal 0 0 -1
    outer loop
      vertex 45.1 -31.9 0
      vertex 64.9 -25 0
      vertex 64.9 -31.9 0
    endloop
  endfacet
  facet normal -0 0 -1
    outer loop
      vertex 64.9 -25 0
      vertex 45.1 -31.9 0
      vertex 45.1 -25 0
    endloop
  endfacet
  facet normal -1 0 0
    outer loop
      vertex 43.6 -25 0
      vertex 43.6 -32.8 0.6
      vertex 43.6 -25 0.6
    endloop
  endfacet
  facet normal -1 0 0
    outer loop
      vertex 43.6 -36.4 0
      vertex 43.6 -32.8 0.6
      vertex 43.6 -25 0
    endloop
  endfacet
  facet normal -1 -0 0
    outer loop
      vertex 43.6 -32.8 0.6
      vertex 43.6 -36.4 0
      vertex 43.6 -33.4 0.6
    endloop
  endfacet
  facet normal -1 0 0
    outer loop
      vertex 43.6 -36.4 0.75
      vertex 43.6 -33.4 0.6
      vertex 43.6 -36.4 0
    endloop
  endfacet
  facet normal -1 0 0
    outer loop
      vertex 43.6 -33.4 0.6
      vertex 43.6 -36.4 0.75
      vertex 43.6 -33.4 0.75
    endloop
  endfacet
  facet normal 0 1 -0
    outer loop
      vertex 66.4 -33.4 0.6
      vertex 43.6 -33.4 0.75
      vertex 66.4 -33.4 0.75
    endloop
  endfacet
  facet normal 0 1 0
    outer loop
      vertex 43.6 -33.4 0.75
      vertex 66.4 -33.4 0.6
      vertex 43.6 -33.4 0.6
    endloop
  endfacet
  facet normal 0 -1 0
    outer loop
      vertex 43.6 -36.4 0
      vertex 66.4 -36.4 0.75
      vertex 43.6 -36.4 0.75
    endloop
  endfacet
  facet normal 0 -1 -0
    outer loop
      vertex 66.4 -36.4 0.75
      vertex 43.6 -36.4 0
      vertex 66.4 -36.4 0
    endloop
  endfacet
  facet normal 0.156649 0 0.987654
    outer loop
      vertex 55.1568 -25 10.7918
      vertex 55.3119 -25.6 10.7672
      vertex 55.3119 -25 10.7672
    endloop
  endfacet
  facet normal 0.156649 0 0.987654
    outer loop
      vertex 55.3119 -25.6 10.7672
      vertex 55.1568 -25 10.7918
      vertex 55.1568 -25.6 10.7918
    endloop
  endfacet
  facet normal 0.987651 -0 0.156669
    outer loop
      vertex 56.4672 -25.6 9.61187
      vertex 56.4918 -25 9.45679
      vertex 56.4672 -25 9.61187
    endloop
  endfacet
  facet normal 0.987651 0 0.156669
    outer loop
      vertex 56.4918 -25 9.45679
      vertex 56.4672 -25.6 9.61187
      vertex 56.4918 -25.6 9.45679
    endloop
  endfacet
  facet normal 0.998635 -0 0.0522279
    outer loop
      vertex 56.4918 -25.6 9.45679
      vertex 56.5 -25 9.3
      vertex 56.4918 -25 9.45679
    endloop
  endfacet
  facet normal 0.998635 0 0.0522279
    outer loop
      vertex 56.5 -25 9.3
      vertex 56.4918 -25.6 9.45679
      vertex 56.5 -25.6 9.3
    endloop
  endfacet
  facet normal 0.965985 -0 0.258598
    outer loop
      vertex 56.4266 -25.6 9.76353
      vertex 56.4672 -25 9.61187
      vertex 56.4266 -25 9.76353
    endloop
  endfacet
  facet normal 0.965985 0 0.258598
    outer loop
      vertex 56.4672 -25 9.61187
      vertex 56.4266 -25.6 9.76353
      vertex 56.4672 -25.6 9.61187
    endloop
  endfacet
  facet normal -0.0522246 0 0.998635
    outer loop
      vertex 54.8432 -25 10.7918
      vertex 55 -25.6 10.8
      vertex 55 -25 10.8
    endloop
  endfacet
  facet normal -0.0522246 0 0.998635
    outer loop
      vertex 55 -25.6 10.8
      vertex 54.8432 -25 10.7918
      vertex 54.8432 -25.6 10.7918
    endloop
  endfacet
  facet normal -0.987651 0 -0.156669
    outer loop
      vertex 53.5328 -25.6 8.98813
      vertex 53.5082 -25 9.14321
      vertex 53.5328 -25 8.98813
    endloop
  endfacet
  facet normal -0.987651 -0 -0.156669
    outer loop
      vertex 53.5082 -25 9.14321
      vertex 53.5328 -25.6 8.98813
      vertex 53.5082 -25.6 9.14321
    endloop
  endfacet
  facet normal -0.890962 0 0.454078
    outer loop
      vertex 53.6297 -25.6 9.9101
      vertex 53.701 -25 10.05
      vertex 53.6297 -25 9.9101
    endloop
  endfacet
  facet normal -0.890962 0 0.454078
    outer loop
      vertex 53.701 -25 10.05
      vertex 53.6297 -25.6 9.9101
      vertex 53.701 -25.6 10.05
    endloop
  endfacet
  facet normal -0.707107 0 0.707107
    outer loop
      vertex 53.8853 -25.6 10.3037
      vertex 53.9963 -25 10.4147
      vertex 53.8853 -25 10.3037
    endloop
  endfacet
  facet normal -0.707107 0 0.707107
    outer loop
      vertex 53.9963 -25 10.4147
      vertex 53.8853 -25.6 10.3037
      vertex 53.9963 -25.6 10.4147
    endloop
  endfacet
  facet normal 0.707107 -0 0.707107
    outer loop
      vertex 56.0037 -25.6 10.4147
      vertex 56.1147 -25 10.3037
      vertex 56.0037 -25 10.4147
    endloop
  endfacet
  facet normal 0.707107 0 0.707107
    outer loop
      vertex 56.1147 -25 10.3037
      vertex 56.0037 -25.6 10.4147
      vertex 56.1147 -25.6 10.3037
    endloop
  endfacet
  facet normal 0.35851 0 0.933526
    outer loop
      vertex 55.4635 -25 10.7266
      vertex 55.6101 -25.6 10.6703
      vertex 55.6101 -25 10.6703
    endloop
  endfacet
  facet normal 0.35851 0 0.933526
    outer loop
      vertex 55.6101 -25.6 10.6703
      vertex 55.4635 -25 10.7266
      vertex 55.4635 -25.6 10.7266
    endloop
  endfacet
  facet normal -0.965985 0 -0.258598
    outer loop
      vertex 53.5734 -25.6 8.83647
      vertex 53.5328 -25 8.98813
      vertex 53.5734 -25 8.83647
    endloop
  endfacet
  facet normal -0.965985 -0 -0.258598
    outer loop
      vertex 53.5328 -25 8.98813
      vertex 53.5734 -25.6 8.83647
      vertex 53.5328 -25.6 8.98813
    endloop
  endfacet
  facet normal 0.987651 0 -0.156669
    outer loop
      vertex 56.4918 -25.6 9.14321
      vertex 56.4672 -25 8.98813
      vertex 56.4918 -25 9.14321
    endloop
  endfacet
  facet normal 0.987651 0 -0.156669
    outer loop
      vertex 56.4672 -25 8.98813
      vertex 56.4918 -25.6 9.14321
      vertex 56.4672 -25.6 8.98813
    endloop
  endfacet
  facet normal 0.629345 0 0.777126
    outer loop
      vertex 55.8817 -25 10.5135
      vertex 56.0037 -25.6 10.4147
      vertex 56.0037 -25 10.4147
    endloop
  endfacet
  facet normal 0.629345 0 0.777126
    outer loop
      vertex 56.0037 -25.6 10.4147
      vertex 55.8817 -25 10.5135
      vertex 55.8817 -25.6 10.5135
    endloop
  endfacet
  facet normal 0.838749 -0 0.544518
    outer loop
      vertex 56.2135 -25.6 10.1817
      vertex 56.299 -25 10.05
      vertex 56.2135 -25 10.1817
    endloop
  endfacet
  facet normal 0.838749 0 0.544518
    outer loop
      vertex 56.299 -25 10.05
      vertex 56.2135 -25.6 10.1817
      vertex 56.299 -25.6 10.05
    endloop
  endfacet
  facet normal -0.258694 0 0.965959
    outer loop
      vertex 54.5365 -25 10.7266
      vertex 54.6881 -25.6 10.7672
      vertex 54.6881 -25 10.7672
    endloop
  endfacet
  facet normal -0.258694 0 0.965959
    outer loop
      vertex 54.6881 -25.6 10.7672
      vertex 54.5365 -25 10.7266
      vertex 54.5365 -25.6 10.7266
    endloop
  endfacet
  facet normal 0.998635 0 -0.0522279
    outer loop
      vertex 56.5 -25.6 9.3
      vertex 56.4918 -25 9.14321
      vertex 56.5 -25 9.3
    endloop
  endfacet
  facet normal 0.998635 0 -0.0522279
    outer loop
      vertex 56.4918 -25 9.14321
      vertex 56.5 -25.6 9.3
      vertex 56.4918 -25.6 9.14321
    endloop
  endfacet
  facet normal 0.93351 0 -0.358552
    outer loop
      vertex 56.4266 -25.6 8.83647
      vertex 56.3703 -25 8.68989
      vertex 56.4266 -25 8.83647
    endloop
  endfacet
  facet normal 0.93351 0 -0.358552
    outer loop
      vertex 56.3703 -25 8.68989
      vertex 56.4266 -25.6 8.83647
      vertex 56.3703 -25.6 8.68989
    endloop
  endfacet
  facet normal 0.838711 0 -0.544576
    outer loop
      vertex 56.299 -25.6 8.55
      vertex 56.2135 -25 8.41832
      vertex 56.299 -25 8.55
    endloop
  endfacet
  facet normal 0.838711 0 -0.544576
    outer loop
      vertex 56.2135 -25 8.41832
      vertex 56.299 -25.6 8.55
      vertex 56.2135 -25.6 8.41832
    endloop
  endfacet
  facet normal -0.544518 0 0.838749
    outer loop
      vertex 54.1183 -25 10.5135
      vertex 54.25 -25.6 10.599
      vertex 54.25 -25 10.599
    endloop
  endfacet
  facet normal -0.544518 0 0.838749
    outer loop
      vertex 54.25 -25.6 10.599
      vertex 54.1183 -25 10.5135
      vertex 54.1183 -25.6 10.5135
    endloop
  endfacet
  facet normal 0.965985 0 -0.258598
    outer loop
      vertex 56.4672 -25.6 8.98813
      vertex 56.4266 -25 8.83647
      vertex 56.4672 -25 8.98813
    endloop
  endfacet
  facet normal 0.965985 0 -0.258598
    outer loop
      vertex 56.4266 -25 8.83647
      vertex 56.4672 -25.6 8.98813
      vertex 56.4266 -25.6 8.83647
    endloop
  endfacet
  facet normal -0.933501 0 0.358574
    outer loop
      vertex 53.5734 -25.6 9.76353
      vertex 53.6297 -25 9.9101
      vertex 53.5734 -25 9.76353
    endloop
  endfacet
  facet normal -0.933501 0 0.358574
    outer loop
      vertex 53.6297 -25 9.9101
      vertex 53.5734 -25.6 9.76353
      vertex 53.6297 -25.6 9.9101
    endloop
  endfacet
  facet normal -0.629345 0 0.777126
    outer loop
      vertex 53.9963 -25 10.4147
      vertex 54.1183 -25.6 10.5135
      vertex 54.1183 -25 10.5135
    endloop
  endfacet
  facet normal -0.629345 0 0.777126
    outer loop
      vertex 54.1183 -25.6 10.5135
      vertex 53.9963 -25 10.4147
      vertex 53.9963 -25.6 10.4147
    endloop
  endfacet
  facet normal -0.838711 0 -0.544576
    outer loop
      vertex 53.7865 -25.6 8.41832
      vertex 53.701 -25 8.55
      vertex 53.7865 -25 8.41832
    endloop
  endfacet
  facet normal -0.838711 -0 -0.544576
    outer loop
      vertex 53.701 -25 8.55
      vertex 53.7865 -25.6 8.41832
      vertex 53.701 -25.6 8.55
    endloop
  endfacet
  facet normal 0 -1 0
    outer loop
      vertex 55 -25.6 10.2
      vertex 55 -25.6 10.8
      vertex 54.8432 -25.6 10.7918
    endloop
  endfacet
  facet normal 0 -1 0
    outer loop
      vertex 54.9059 -25.6 10.1951
      vertex 54.8432 -25.6 10.7918
      vertex 54.6881 -25.6 10.7672
    endloop
  endfacet
  facet normal 0 -1 0
    outer loop
      vertex 55 -25.6 10.8
      vertex 55 -25.6 10.2
      vertex 55.1568 -25.6 10.7918
    endloop
  endfacet
  facet normal 0 -1 0
    outer loop
      vertex 54.8129 -25.6 10.1803
      vertex 54.6881 -25.6 10.7672
      vertex 54.5365 -25.6 10.7266
    endloop
  endfacet
  facet normal 0 -1 0
    outer loop
      vertex 55.0941 -25.6 10.1951
      vertex 55.1568 -25.6 10.7918
      vertex 55 -25.6 10.2
    endloop
  endfacet
  facet normal 0 -1 0
    outer loop
      vertex 54.7219 -25.6 10.156
      vertex 54.5365 -25.6 10.7266
      vertex 54.3899 -25.6 10.6703
    endloop
  endfacet
  facet normal 0 -1 -0
    outer loop
      vertex 55.1568 -25.6 10.7918
      vertex 55.0941 -25.6 10.1951
      vertex 55.3119 -25.6 10.7672
    endloop
  endfacet
  facet normal 0 -1 0
    outer loop
      vertex 54.6339 -25.6 10.1222
      vertex 54.3899 -25.6 10.6703
      vertex 54.25 -25.6 10.599
    endloop
  endfacet
  facet normal 0 -1 0
    outer loop
      vertex 55.1871 -25.6 10.1803
      vertex 55.3119 -25.6 10.7672
      vertex 55.0941 -25.6 10.1951
    endloop
  endfacet
  facet normal 0 -1 0
    outer loop
      vertex 54.55 -25.6 10.0794
      vertex 54.25 -25.6 10.599
      vertex 54.1183 -25.6 10.5135
    endloop
  endfacet
  facet normal 0 -1 -0
    outer loop
      vertex 55.3119 -25.6 10.7672
      vertex 55.1871 -25.6 10.1803
      vertex 55.4635 -25.6 10.7266
    endloop
  endfacet
  facet normal 0 -1 0
    outer loop
      vertex 54.471 -25.6 10.0281
      vertex 54.1183 -25.6 10.5135
      vertex 53.9963 -25.6 10.4147
    endloop
  endfacet
  facet normal 0 -1 0
    outer loop
      vertex 55.2781 -25.6 10.156
      vertex 55.4635 -25.6 10.7266
      vertex 55.1871 -25.6 10.1803
    endloop
  endfacet
  facet normal 0 -1 0
    outer loop
      vertex 54.3978 -25.6 9.96883
      vertex 53.9963 -25.6 10.4147
      vertex 53.8853 -25.6 10.3037
    endloop
  endfacet
  facet normal 0 -1 -0
    outer loop
      vertex 55.4635 -25.6 10.7266
      vertex 55.2781 -25.6 10.156
      vertex 55.6101 -25.6 10.6703
    endloop
  endfacet
  facet normal 0 -1 0
    outer loop
      vertex 55.3661 -25.6 10.1222
      vertex 55.6101 -25.6 10.6703
      vertex 55.2781 -25.6 10.156
    endloop
  endfacet
  facet normal 0 -1 0
    outer loop
      vertex 54.8432 -25.6 10.7918
      vertex 54.9059 -25.6 10.1951
      vertex 55 -25.6 10.2
    endloop
  endfacet
  facet normal 0 -1 0
    outer loop
      vertex 54.3312 -25.6 9.90222
      vertex 53.8853 -25.6 10.3037
      vertex 53.7865 -25.6 10.1817
    endloop
  endfacet
  facet normal 0 -1 0
    outer loop
      vertex 54.6881 -25.6 10.7672
      vertex 54.8129 -25.6 10.1803
      vertex 54.9059 -25.6 10.1951
    endloop
  endfacet
  facet normal 0 -1 0
    outer loop
      vertex 54.5365 -25.6 10.7266
      vertex 54.7219 -25.6 10.156
      vertex 54.8129 -25.6 10.1803
    endloop
  endfacet
  facet normal 0 -1 0
    outer loop
      vertex 54.3899 -25.6 10.6703
      vertex 54.6339 -25.6 10.1222
      vertex 54.7219 -25.6 10.156
    endloop
  endfacet
  facet normal 0 -1 0
    outer loop
      vertex 54.25 -25.6 10.599
      vertex 54.55 -25.6 10.0794
      vertex 54.6339 -25.6 10.1222
    endloop
  endfacet
  facet normal 0 -1 0
    outer loop
      vertex 54.2719 -25.6 9.82901
      vertex 53.7865 -25.6 10.1817
      vertex 53.701 -25.6 10.05
    endloop
  endfacet
  facet normal 0 -1 0
    outer loop
      vertex 54.1183 -25.6 10.5135
      vertex 54.471 -25.6 10.0281
      vertex 54.55 -25.6 10.0794
    endloop
  endfacet
  facet normal 0 -1 0
    outer loop
      vertex 53.9963 -25.6 10.4147
      vertex 54.3978 -25.6 9.96883
      vertex 54.471 -25.6 10.0281
    endloop
  endfacet
  facet normal 0 -1 0
    outer loop
      vertex 54.2206 -25.6 9.75
      vertex 53.701 -25.6 10.05
      vertex 53.6297 -25.6 9.9101
    endloop
  endfacet
  facet normal 0 -1 0
    outer loop
      vertex 53.8853 -25.6 10.3037
      vertex 54.3312 -25.6 9.90222
      vertex 54.3978 -25.6 9.96883
    endloop
  endfacet
  facet normal 0 -1 0
    outer loop
      vertex 53.7865 -25.6 10.1817
      vertex 54.2719 -25.6 9.82901
      vertex 54.3312 -25.6 9.90222
    endloop
  endfacet
  facet normal 0 -1 0
    outer loop
      vertex 54.1778 -25.6 9.66606
      vertex 53.6297 -25.6 9.9101
      vertex 53.5734 -25.6 9.76353
    endloop
  endfacet
  facet normal 0 -1 0
    outer loop
      vertex 53.701 -25.6 10.05
      vertex 54.2206 -25.6 9.75
      vertex 54.2719 -25.6 9.82901
    endloop
  endfacet
  facet normal 0 -1 0
    outer loop
      vertex 53.6297 -25.6 9.9101
      vertex 54.1778 -25.6 9.66606
      vertex 54.2206 -25.6 9.75
    endloop
  endfacet
  facet normal 0 -1 0
    outer loop
      vertex 54.1441 -25.6 9.57812
      vertex 53.5734 -25.6 9.76353
      vertex 53.5328 -25.6 9.61187
    endloop
  endfacet
  facet normal 0 -1 0
    outer loop
      vertex 53.5734 -25.6 9.76353
      vertex 54.1441 -25.6 9.57812
      vertex 54.1778 -25.6 9.66606
    endloop
  endfacet
  facet normal 0 -1 0
    outer loop
      vertex 53.5328 -25.6 9.61187
      vertex 54.1197 -25.6 9.48712
      vertex 54.1441 -25.6 9.57812
    endloop
  endfacet
  facet normal 0 -1 0
    outer loop
      vertex 53.5082 -25.6 9.45679
      vertex 54.1197 -25.6 9.48712
      vertex 53.5328 -25.6 9.61187
    endloop
  endfacet
  facet normal 0 -1 0
    outer loop
      vertex 53.5082 -25.6 9.45679
      vertex 54.1049 -25.6 9.39408
      vertex 54.1197 -25.6 9.48712
    endloop
  endfacet
  facet normal 0 -1 0
    outer loop
      vertex 53.5 -25.6 9.3
      vertex 54.1049 -25.6 9.39408
      vertex 53.5082 -25.6 9.45679
    endloop
  endfacet
  facet normal 0 -1 0
    outer loop
      vertex 53.5 -25.6 9.3
      vertex 54.1 -25.6 9.3
      vertex 54.1049 -25.6 9.39408
    endloop
  endfacet
  facet normal 0 -1 0
    outer loop
      vertex 53.5 -25.6 9.3
      vertex 54.1049 -25.6 9.20592
      vertex 54.1 -25.6 9.3
    endloop
  endfacet
  facet normal 0 -1 0
    outer loop
      vertex 53.5082 -25.6 9.14321
      vertex 54.1049 -25.6 9.20592
      vertex 53.5 -25.6 9.3
    endloop
  endfacet
  facet normal 0 -1 0
    outer loop
      vertex 53.5082 -25.6 9.14321
      vertex 54.1197 -25.6 9.11288
      vertex 54.1049 -25.6 9.20592
    endloop
  endfacet
  facet normal 0 -1 0
    outer loop
      vertex 53.5328 -25.6 8.98813
      vertex 54.1197 -25.6 9.11288
      vertex 53.5082 -25.6 9.14321
    endloop
  endfacet
  facet normal 0 -1 -0
    outer loop
      vertex 54.1197 -25.6 9.11288
      vertex 53.5328 -25.6 8.98813
      vertex 54.1441 -25.6 9.02188
    endloop
  endfacet
  facet normal 0 -1 0
    outer loop
      vertex 53.5734 -25.6 8.83647
      vertex 54.1441 -25.6 9.02188
      vertex 53.5328 -25.6 8.98813
    endloop
  endfacet
  facet normal 0 -1 -0
    outer loop
      vertex 54.1441 -25.6 9.02188
      vertex 53.5734 -25.6 8.83647
      vertex 54.1778 -25.6 8.93394
    endloop
  endfacet
  facet normal 0 -1 0
    outer loop
      vertex 53.6297 -25.6 8.68989
      vertex 54.1778 -25.6 8.93394
      vertex 53.5734 -25.6 8.83647
    endloop
  endfacet
  facet normal 0 -1 -0
    outer loop
      vertex 54.1778 -25.6 8.93394
      vertex 53.6297 -25.6 8.68989
      vertex 54.2206 -25.6 8.85
    endloop
  endfacet
  facet normal 0 -1 0
    outer loop
      vertex 53.701 -25.6 8.55
      vertex 54.2206 -25.6 8.85
      vertex 53.6297 -25.6 8.68989
    endloop
  endfacet
  facet normal 0 -1 -0
    outer loop
      vertex 54.2206 -25.6 8.85
      vertex 53.701 -25.6 8.55
      vertex 54.2719 -25.6 8.77099
    endloop
  endfacet
  facet normal 0 -1 0
    outer loop
      vertex 53.7865 -25.6 8.41832
      vertex 54.2719 -25.6 8.77099
      vertex 53.701 -25.6 8.55
    endloop
  endfacet
  facet normal 0 -1 0
    outer loop
      vertex 53.8268 -25.6 8.36856
      vertex 54.2719 -25.6 8.77099
      vertex 53.7865 -25.6 8.41832
    endloop
  endfacet
  facet normal 0 -1 -0
    outer loop
      vertex 54.2719 -25.6 8.77099
      vertex 53.8268 -25.6 8.36856
      vertex 54.3312 -25.6 8.69778
    endloop
  endfacet
  facet normal 0 -1 -0
    outer loop
      vertex 54.3312 -25.6 8.69778
      vertex 53.8268 -25.6 8.36856
      vertex 54.3978 -25.6 8.63117
    endloop
  endfacet
  facet normal 0 -1 -0
    outer loop
      vertex 54.3978 -25.6 8.63117
      vertex 53.8268 -25.6 8.36856
      vertex 54.471 -25.6 8.57189
    endloop
  endfacet
  facet normal 0 -1 -0
    outer loop
      vertex 54.471 -25.6 8.57189
      vertex 53.8268 -25.6 8.36856
      vertex 54.55 -25.6 8.52058
    endloop
  endfacet
  facet normal 0 -1 -0
    outer loop
      vertex 54.55 -25.6 8.52058
      vertex 53.8268 -25.6 8.36856
      vertex 54.6339 -25.6 8.47781
    endloop
  endfacet
  facet normal 0 -1 -0
    outer loop
      vertex 54.6339 -25.6 8.47781
      vertex 53.8268 -25.6 8.36856
      vertex 54.7219 -25.6 8.44405
    endloop
  endfacet
  facet normal 0 -1 -0
    outer loop
      vertex 54.7219 -25.6 8.44405
      vertex 53.8268 -25.6 8.36856
      vertex 54.8129 -25.6 8.41967
    endloop
  endfacet
  facet normal 0 -1 -0
    outer loop
      vertex 54.8129 -25.6 8.41967
      vertex 53.8268 -25.6 8.36856
      vertex 54.9059 -25.6 8.40493
    endloop
  endfacet
  facet normal 0 -1 -0
    outer loop
      vertex 54.9059 -25.6 8.40493
      vertex 53.8268 -25.6 8.36856
      vertex 55 -25.6 8.4
    endloop
  endfacet
  facet normal 0 -1 -0
    outer loop
      vertex 55.6101 -25.6 10.6703
      vertex 55.3661 -25.6 10.1222
      vertex 55.75 -25.6 10.599
    endloop
  endfacet
  facet normal 0 -1 0
    outer loop
      vertex 55.45 -25.6 10.0794
      vertex 55.75 -25.6 10.599
      vertex 55.3661 -25.6 10.1222
    endloop
  endfacet
  facet normal 0 -1 -0
    outer loop
      vertex 55.75 -25.6 10.599
      vertex 55.45 -25.6 10.0794
      vertex 55.8817 -25.6 10.5135
    endloop
  endfacet
  facet normal 0 -1 0
    outer loop
      vertex 55.529 -25.6 10.0281
      vertex 55.8817 -25.6 10.5135
      vertex 55.45 -25.6 10.0794
    endloop
  endfacet
  facet normal 0 -1 -0
    outer loop
      vertex 55.8817 -25.6 10.5135
      vertex 55.529 -25.6 10.0281
      vertex 56.0037 -25.6 10.4147
    endloop
  endfacet
  facet normal 0 -1 0
    outer loop
      vertex 55.6022 -25.6 9.96883
      vertex 56.0037 -25.6 10.4147
      vertex 55.529 -25.6 10.0281
    endloop
  endfacet
  facet normal 0 -1 -0
    outer loop
      vertex 56.0037 -25.6 10.4147
      vertex 55.6022 -25.6 9.96883
      vertex 56.1147 -25.6 10.3037
    endloop
  endfacet
  facet normal 0 -1 0
    outer loop
      vertex 55.6688 -25.6 9.90222
      vertex 56.1147 -25.6 10.3037
      vertex 55.6022 -25.6 9.96883
    endloop
  endfacet
  facet normal 0 -1 -0
    outer loop
      vertex 56.1147 -25.6 10.3037
      vertex 55.6688 -25.6 9.90222
      vertex 56.2135 -25.6 10.1817
    endloop
  endfacet
  facet normal 0 -1 0
    outer loop
      vertex 55.7281 -25.6 9.82901
      vertex 56.2135 -25.6 10.1817
      vertex 55.6688 -25.6 9.90222
    endloop
  endfacet
  facet normal 0 -1 -0
    outer loop
      vertex 56.2135 -25.6 10.1817
      vertex 55.7281 -25.6 9.82901
      vertex 56.299 -25.6 10.05
    endloop
  endfacet
  facet normal 0 -1 0
    outer loop
      vertex 55.7794 -25.6 9.75
      vertex 56.299 -25.6 10.05
      vertex 55.7281 -25.6 9.82901
    endloop
  endfacet
  facet normal 0 -1 -0
    outer loop
      vertex 56.299 -25.6 10.05
      vertex 55.7794 -25.6 9.75
      vertex 56.3703 -25.6 9.9101
    endloop
  endfacet
  facet normal 0 -1 0
    outer loop
      vertex 55.8222 -25.6 9.66606
      vertex 56.3703 -25.6 9.9101
      vertex 55.7794 -25.6 9.75
    endloop
  endfacet
  facet normal 0 -1 -0
    outer loop
      vertex 56.3703 -25.6 9.9101
      vertex 55.8222 -25.6 9.66606
      vertex 56.4266 -25.6 9.76353
    endloop
  endfacet
  facet normal 0 -1 0
    outer loop
      vertex 55.8559 -25.6 9.57812
      vertex 56.4266 -25.6 9.76353
      vertex 55.8222 -25.6 9.66606
    endloop
  endfacet
  facet normal 0 -1 -0
    outer loop
      vertex 56.4266 -25.6 9.76353
      vertex 55.8559 -25.6 9.57812
      vertex 56.4672 -25.6 9.61187
    endloop
  endfacet
  facet normal 0 -1 0
    outer loop
      vertex 55.8803 -25.6 9.48712
      vertex 56.4672 -25.6 9.61187
      vertex 55.8559 -25.6 9.57812
    endloop
  endfacet
  facet normal 0 -1 0
    outer loop
      vertex 55.8803 -25.6 9.48712
      vertex 56.4918 -25.6 9.45679
      vertex 56.4672 -25.6 9.61187
    endloop
  endfacet
  facet normal 0 -1 0
    outer loop
      vertex 55.8951 -25.6 9.39408
      vertex 56.4918 -25.6 9.45679
      vertex 55.8803 -25.6 9.48712
    endloop
  endfacet
  facet normal 0 -1 0
    outer loop
      vertex 55.9 -25.6 9.3
      vertex 56.4918 -25.6 9.45679
      vertex 55.8951 -25.6 9.39408
    endloop
  endfacet
  facet normal 0 -1 0
    outer loop
      vertex 55.9 -25.6 9.3
      vertex 56.5 -25.6 9.3
      vertex 56.4918 -25.6 9.45679
    endloop
  endfacet
  facet normal 0 -1 0
    outer loop
      vertex 55.8951 -25.6 9.20592
      vertex 56.5 -25.6 9.3
      vertex 55.9 -25.6 9.3
    endloop
  endfacet
  facet normal 0 -1 0
    outer loop
      vertex 55.8951 -25.6 9.20592
      vertex 56.4918 -25.6 9.14321
      vertex 56.5 -25.6 9.3
    endloop
  endfacet
  facet normal 0 -1 0
    outer loop
      vertex 55.8803 -25.6 9.11288
      vertex 56.4918 -25.6 9.14321
      vertex 55.8951 -25.6 9.20592
    endloop
  endfacet
  facet normal 0 -1 0
    outer loop
      vertex 56.4672 -25.6 8.98813
      vertex 55.8803 -25.6 9.11288
      vertex 55.8559 -25.6 9.02188
    endloop
  endfacet
  facet normal 0 -1 0
    outer loop
      vertex 55.8803 -25.6 9.11288
      vertex 56.4672 -25.6 8.98813
      vertex 56.4918 -25.6 9.14321
    endloop
  endfacet
  facet normal 0 -1 0
    outer loop
      vertex 56.4266 -25.6 8.83647
      vertex 55.8559 -25.6 9.02188
      vertex 55.8222 -25.6 8.93394
    endloop
  endfacet
  facet normal 0 -1 0
    outer loop
      vertex 56.3703 -25.6 8.68989
      vertex 55.8222 -25.6 8.93394
      vertex 55.7794 -25.6 8.85
    endloop
  endfacet
  facet normal 0 -1 0
    outer loop
      vertex 55.8559 -25.6 9.02188
      vertex 56.4266 -25.6 8.83647
      vertex 56.4672 -25.6 8.98813
    endloop
  endfacet
  facet normal 0 -1 0
    outer loop
      vertex 56.299 -25.6 8.55
      vertex 55.7794 -25.6 8.85
      vertex 55.7281 -25.6 8.77099
    endloop
  endfacet
  facet normal 0 -1 0
    outer loop
      vertex 56.1732 -25.6 8.36856
      vertex 55.7281 -25.6 8.77099
      vertex 55.6688 -25.6 8.69778
    endloop
  endfacet
  facet normal 0 -1 0
    outer loop
      vertex 55.8222 -25.6 8.93394
      vertex 56.3703 -25.6 8.68989
      vertex 56.4266 -25.6 8.83647
    endloop
  endfacet
  facet normal 0 -1 0
    outer loop
      vertex 56.1732 -25.6 8.36856
      vertex 55.6688 -25.6 8.69778
      vertex 55.6022 -25.6 8.63117
    endloop
  endfacet
  facet normal 0 -1 0
    outer loop
      vertex 56.1732 -25.6 8.36856
      vertex 55.6022 -25.6 8.63117
      vertex 55.529 -25.6 8.57189
    endloop
  endfacet
  facet normal 0 -1 0
    outer loop
      vertex 55.7794 -25.6 8.85
      vertex 56.299 -25.6 8.55
      vertex 56.3703 -25.6 8.68989
    endloop
  endfacet
  facet normal 0 -1 0
    outer loop
      vertex 56.1732 -25.6 8.36856
      vertex 55.529 -25.6 8.57189
      vertex 55.45 -25.6 8.52058
    endloop
  endfacet
  facet normal 0 -1 0
    outer loop
      vertex 56.1732 -25.6 8.36856
      vertex 55.45 -25.6 8.52058
      vertex 55.3661 -25.6 8.47781
    endloop
  endfacet
  facet normal 0 -1 0
    outer loop
      vertex 56.1732 -25.6 8.36856
      vertex 55.3661 -25.6 8.47781
      vertex 55.2781 -25.6 8.44405
    endloop
  endfacet
  facet normal 0 -1 0
    outer loop
      vertex 56.1732 -25.6 8.36856
      vertex 55.2781 -25.6 8.44405
      vertex 55.1871 -25.6 8.41967
    endloop
  endfacet
  facet normal 0 -1 0
    outer loop
      vertex 55.7281 -25.6 8.77099
      vertex 56.2135 -25.6 8.41832
      vertex 56.299 -25.6 8.55
    endloop
  endfacet
  facet normal 0 -1 0
    outer loop
      vertex 56.1732 -25.6 8.36856
      vertex 55.1871 -25.6 8.41967
      vertex 55.0941 -25.6 8.40493
    endloop
  endfacet
  facet normal 0 -1 0
    outer loop
      vertex 56.1732 -25.6 8.36856
      vertex 55.0941 -25.6 8.40493
      vertex 55 -25.6 8.4
    endloop
  endfacet
  facet normal 0 -1 0
    outer loop
      vertex 56.1732 -25.6 8.36856
      vertex 55 -25.6 8.4
      vertex 53.8268 -25.6 8.36856
    endloop
  endfacet
  facet normal 0 -1 0
    outer loop
      vertex 55.7281 -25.6 8.77099
      vertex 56.1732 -25.6 8.36856
      vertex 56.2135 -25.6 8.41832
    endloop
  endfacet
  facet normal -0.838749 0 0.544518
    outer loop
      vertex 53.701 -25.6 10.05
      vertex 53.7865 -25 10.1817
      vertex 53.701 -25 10.05
    endloop
  endfacet
  facet normal -0.838749 0 0.544518
    outer loop
      vertex 53.7865 -25 10.1817
      vertex 53.701 -25.6 10.05
      vertex 53.7865 -25.6 10.1817
    endloop
  endfacet
  facet normal 0.454078 0 0.890962
    outer loop
      vertex 55.6101 -25 10.6703
      vertex 55.75 -25.6 10.599
      vertex 55.75 -25 10.599
    endloop
  endfacet
  facet normal 0.454078 0 0.890962
    outer loop
      vertex 55.75 -25.6 10.599
      vertex 55.6101 -25 10.6703
      vertex 55.6101 -25.6 10.6703
    endloop
  endfacet
  facet normal 0.890949 0 -0.454104
    outer loop
      vertex 56.3703 -25.6 8.68989
      vertex 56.299 -25 8.55
      vertex 56.3703 -25 8.68989
    endloop
  endfacet
  facet normal 0.890949 0 -0.454104
    outer loop
      vertex 56.299 -25 8.55
      vertex 56.3703 -25.6 8.68989
      vertex 56.299 -25.6 8.55
    endloop
  endfacet
  facet normal 0.258694 0 0.965959
    outer loop
      vertex 55.3119 -25 10.7672
      vertex 55.4635 -25.6 10.7266
      vertex 55.4635 -25 10.7266
    endloop
  endfacet
  facet normal 0.258694 0 0.965959
    outer loop
      vertex 55.4635 -25.6 10.7266
      vertex 55.3119 -25 10.7672
      vertex 55.3119 -25.6 10.7672
    endloop
  endfacet
  facet normal 0.777877 0 -0.628416
    outer loop
      vertex 56.2135 -25.6 8.41832
      vertex 56.1987 -25 8.4
      vertex 56.2135 -25 8.41832
    endloop
  endfacet
  facet normal 0.777107 -4.81007e-05 -0.629369
    outer loop
      vertex 56.1987 -25 8.4
      vertex 56.2135 -25.6 8.41832
      vertex 56.1732 -25.6 8.36856
    endloop
  endfacet
  facet normal 0.777126 -0 0.629345
    outer loop
      vertex 56.1147 -25.6 10.3037
      vertex 56.2135 -25 10.1817
      vertex 56.1147 -25 10.3037
    endloop
  endfacet
  facet normal 0.777126 0 0.629345
    outer loop
      vertex 56.2135 -25 10.1817
      vertex 56.1147 -25.6 10.3037
      vertex 56.2135 -25.6 10.1817
    endloop
  endfacet
  facet normal 0.544518 0 0.838749
    outer loop
      vertex 55.75 -25 10.599
      vertex 55.8817 -25.6 10.5135
      vertex 55.8817 -25 10.5135
    endloop
  endfacet
  facet normal 0.544518 0 0.838749
    outer loop
      vertex 55.8817 -25.6 10.5135
      vertex 55.75 -25 10.599
      vertex 55.75 -25.6 10.599
    endloop
  endfacet
  facet normal -0.156649 0 0.987654
    outer loop
      vertex 54.6881 -25 10.7672
      vertex 54.8432 -25.6 10.7918
      vertex 54.8432 -25 10.7918
    endloop
  endfacet
  facet normal -0.156649 0 0.987654
    outer loop
      vertex 54.8432 -25.6 10.7918
      vertex 54.6881 -25 10.7672
      vertex 54.6881 -25.6 10.7672
    endloop
  endfacet
  facet normal 0.933501 -0 0.358574
    outer loop
      vertex 56.3703 -25.6 9.9101
      vertex 56.4266 -25 9.76353
      vertex 56.3703 -25 9.9101
    endloop
  endfacet
  facet normal 0.933501 0 0.358574
    outer loop
      vertex 56.4266 -25 9.76353
      vertex 56.3703 -25.6 9.9101
      vertex 56.4266 -25.6 9.76353
    endloop
  endfacet
  facet normal 0.0522246 0 0.998635
    outer loop
      vertex 55 -25 10.8
      vertex 55.1568 -25.6 10.7918
      vertex 55.1568 -25 10.7918
    endloop
  endfacet
  facet normal 0.0522246 0 0.998635
    outer loop
      vertex 55.1568 -25.6 10.7918
      vertex 55 -25 10.8
      vertex 55 -25.6 10.8
    endloop
  endfacet
  facet normal -0.987651 0 0.156669
    outer loop
      vertex 53.5082 -25.6 9.45679
      vertex 53.5328 -25 9.61187
      vertex 53.5082 -25 9.45679
    endloop
  endfacet
  facet normal -0.987651 0 0.156669
    outer loop
      vertex 53.5328 -25 9.61187
      vertex 53.5082 -25.6 9.45679
      vertex 53.5328 -25.6 9.61187
    endloop
  endfacet
  facet normal 0.890962 -0 0.454078
    outer loop
      vertex 56.299 -25.6 10.05
      vertex 56.3703 -25 9.9101
      vertex 56.299 -25 10.05
    endloop
  endfacet
  facet normal 0.890962 0 0.454078
    outer loop
      vertex 56.3703 -25 9.9101
      vertex 56.299 -25.6 10.05
      vertex 56.3703 -25.6 9.9101
    endloop
  endfacet
  facet normal -0.454078 0 0.890962
    outer loop
      vertex 54.25 -25 10.599
      vertex 54.3899 -25.6 10.6703
      vertex 54.3899 -25 10.6703
    endloop
  endfacet
  facet normal -0.454078 0 0.890962
    outer loop
      vertex 54.3899 -25.6 10.6703
      vertex 54.25 -25 10.599
      vertex 54.25 -25.6 10.599
    endloop
  endfacet
  facet normal -0.777126 0 0.629345
    outer loop
      vertex 53.7865 -25.6 10.1817
      vertex 53.8853 -25 10.3037
      vertex 53.7865 -25 10.1817
    endloop
  endfacet
  facet normal -0.777126 0 0.629345
    outer loop
      vertex 53.8853 -25 10.3037
      vertex 53.7865 -25.6 10.1817
      vertex 53.8853 -25.6 10.3037
    endloop
  endfacet
  facet normal -0.93351 0 -0.358552
    outer loop
      vertex 53.6297 -25.6 8.68989
      vertex 53.5734 -25 8.83647
      vertex 53.6297 -25 8.68989
    endloop
  endfacet
  facet normal -0.93351 -0 -0.358552
    outer loop
      vertex 53.5734 -25 8.83647
      vertex 53.6297 -25.6 8.68989
      vertex 53.5734 -25.6 8.83647
    endloop
  endfacet
  facet normal -0.965985 0 0.258598
    outer loop
      vertex 53.5328 -25.6 9.61187
      vertex 53.5734 -25 9.76353
      vertex 53.5328 -25 9.61187
    endloop
  endfacet
  facet normal -0.965985 0 0.258598
    outer loop
      vertex 53.5734 -25 9.76353
      vertex 53.5328 -25.6 9.61187
      vertex 53.5734 -25.6 9.76353
    endloop
  endfacet
  facet normal -0.890949 0 -0.454104
    outer loop
      vertex 53.701 -25.6 8.55
      vertex 53.6297 -25 8.68989
      vertex 53.701 -25 8.55
    endloop
  endfacet
  facet normal -0.890949 -0 -0.454104
    outer loop
      vertex 53.6297 -25 8.68989
      vertex 53.701 -25.6 8.55
      vertex 53.6297 -25.6 8.68989
    endloop
  endfacet
  facet normal -0.998635 0 -0.0522279
    outer loop
      vertex 53.5082 -25.6 9.14321
      vertex 53.5 -25 9.3
      vertex 53.5082 -25 9.14321
    endloop
  endfacet
  facet normal -0.998635 -0 -0.0522279
    outer loop
      vertex 53.5 -25 9.3
      vertex 53.5082 -25.6 9.14321
      vertex 53.5 -25.6 9.3
    endloop
  endfacet
  facet normal -0.35851 0 0.933526
    outer loop
      vertex 54.3899 -25 10.6703
      vertex 54.5365 -25.6 10.7266
      vertex 54.5365 -25 10.7266
    endloop
  endfacet
  facet normal -0.35851 0 0.933526
    outer loop
      vertex 54.5365 -25.6 10.7266
      vertex 54.3899 -25 10.6703
      vertex 54.3899 -25.6 10.6703
    endloop
  endfacet
  facet normal -0.777107 -4.81007e-05 -0.629369
    outer loop
      vertex 53.7865 -25.6 8.41832
      vertex 53.8013 -25 8.4
      vertex 53.8268 -25.6 8.36856
    endloop
  endfacet
  facet normal -0.777877 0 -0.628416
    outer loop
      vertex 53.8013 -25 8.4
      vertex 53.7865 -25.6 8.41832
      vertex 53.7865 -25 8.41832
    endloop
  endfacet
  facet normal -0.998635 0 0.0522279
    outer loop
      vertex 53.5 -25.6 9.3
      vertex 53.5082 -25 9.45679
      vertex 53.5 -25 9.3
    endloop
  endfacet
  facet normal -0.998635 0 0.0522279
    outer loop
      vertex 53.5082 -25 9.45679
      vertex 53.5 -25.6 9.3
      vertex 53.5082 -25.6 9.45679
    endloop
  endfacet
  facet normal -0.987583 0 0.157096
    outer loop
      vertex 55.8803 -25.6 9.11288
      vertex 55.8951 -25 9.20592
      vertex 55.8803 -25 9.11288
    endloop
  endfacet
  facet normal -0.987583 0 0.157096
    outer loop
      vertex 55.8951 -25 9.20592
      vertex 55.8803 -25.6 9.11288
      vertex 55.8951 -25.6 9.20592
    endloop
  endfacet
  facet normal -0.987583 0 -0.157096
    outer loop
      vertex 55.8951 -25.6 9.39408
      vertex 55.8803 -25 9.48712
      vertex 55.8951 -25 9.39408
    endloop
  endfacet
  facet normal -0.987583 -0 -0.157096
    outer loop
      vertex 55.8803 -25 9.48712
      vertex 55.8951 -25.6 9.39408
      vertex 55.8803 -25.6 9.48712
    endloop
  endfacet
  facet normal -0.998646 0 -0.0520128
    outer loop
      vertex 55.9 -25.6 9.3
      vertex 55.8951 -25 9.39408
      vertex 55.9 -25 9.3
    endloop
  endfacet
  facet normal -0.998646 -0 -0.0520128
    outer loop
      vertex 55.8951 -25 9.39408
      vertex 55.9 -25.6 9.3
      vertex 55.8951 -25.6 9.39408
    endloop
  endfacet
  facet normal -0.965882 0 -0.258984
    outer loop
      vertex 55.8803 -25.6 9.48712
      vertex 55.8559 -25 9.57812
      vertex 55.8803 -25 9.48712
    endloop
  endfacet
  facet normal -0.965882 -0 -0.258984
    outer loop
      vertex 55.8559 -25 9.57812
      vertex 55.8803 -25.6 9.48712
      vertex 55.8559 -25.6 9.57812
    endloop
  endfacet
  facet normal -0.838718 0 -0.544567
    outer loop
      vertex 55.7794 -25.6 9.75
      vertex 55.7281 -25 9.82901
      vertex 55.7794 -25 9.75
    endloop
  endfacet
  facet normal -0.838718 -0 -0.544567
    outer loop
      vertex 55.7281 -25 9.82901
      vertex 55.7794 -25.6 9.75
      vertex 55.7281 -25.6 9.82901
    endloop
  endfacet
  facet normal 0.0520018 0 -0.998647
    outer loop
      vertex 54.9059 -25.6 10.1951
      vertex 55 -25 10.2
      vertex 55 -25.6 10.2
    endloop
  endfacet
  facet normal 0.0520018 0 -0.998647
    outer loop
      vertex 55 -25 10.2
      vertex 54.9059 -25.6 10.1951
      vertex 54.9059 -25 10.1951
    endloop
  endfacet
  facet normal -0.998646 0 0.0520128
    outer loop
      vertex 55.8951 -25.6 9.20592
      vertex 55.9 -25 9.3
      vertex 55.8951 -25 9.20592
    endloop
  endfacet
  facet normal -0.998646 0 0.0520128
    outer loop
      vertex 55.9 -25 9.3
      vertex 55.8951 -25.6 9.20592
      vertex 55.9 -25.6 9.3
    endloop
  endfacet
  facet normal -0.777064 0 -0.629421
    outer loop
      vertex 55.7281 -25.6 9.82901
      vertex 55.6688 -25 9.90222
      vertex 55.7281 -25 9.82901
    endloop
  endfacet
  facet normal -0.777064 -0 -0.629421
    outer loop
      vertex 55.6688 -25 9.90222
      vertex 55.7281 -25.6 9.82901
      vertex 55.6688 -25.6 9.90222
    endloop
  endfacet
  facet normal 0.987583 -0 0.157096
    outer loop
      vertex 54.1049 -25.6 9.20592
      vertex 54.1197 -25 9.11288
      vertex 54.1049 -25 9.20592
    endloop
  endfacet
  facet normal 0.987583 0 0.157096
    outer loop
      vertex 54.1197 -25 9.11288
      vertex 54.1049 -25.6 9.20592
      vertex 54.1197 -25.6 9.11288
    endloop
  endfacet
  facet normal 0.890876 0 -0.454247
    outer loop
      vertex 54.2206 -25.6 9.75
      vertex 54.1778 -25 9.66606
      vertex 54.2206 -25 9.75
    endloop
  endfacet
  facet normal 0.890876 0 -0.454247
    outer loop
      vertex 54.1778 -25 9.66606
      vertex 54.2206 -25.6 9.75
      vertex 54.1778 -25.6 9.66606
    endloop
  endfacet
  facet normal -0.257993 0 -0.966147
    outer loop
      vertex 55.1871 -25.6 10.1803
      vertex 55.2781 -25 10.156
      vertex 55.2781 -25.6 10.156
    endloop
  endfacet
  facet normal -0.257993 0 -0.966147
    outer loop
      vertex 55.2781 -25 10.156
      vertex 55.1871 -25.6 10.1803
      vertex 55.1871 -25 10.1803
    endloop
  endfacet
  facet normal -0.358553 0 -0.93351
    outer loop
      vertex 55.2781 -25.6 10.156
      vertex 55.3661 -25 10.1222
      vertex 55.3661 -25.6 10.1222
    endloop
  endfacet
  facet normal -0.358553 0 -0.93351
    outer loop
      vertex 55.3661 -25 10.1222
      vertex 55.2781 -25.6 10.156
      vertex 55.2781 -25 10.156
    endloop
  endfacet
  facet normal 0.965882 -0 0.258984
    outer loop
      vertex 54.1197 -25.6 9.11288
      vertex 54.1441 -25 9.02188
      vertex 54.1197 -25 9.11288
    endloop
  endfacet
  facet normal 0.965882 0 0.258984
    outer loop
      vertex 54.1441 -25 9.02188
      vertex 54.1197 -25.6 9.11288
      vertex 54.1441 -25.6 9.02188
    endloop
  endfacet
  facet normal -0.629281 0 -0.777178
    outer loop
      vertex 55.529 -25.6 10.0281
      vertex 55.6022 -25 9.96883
      vertex 55.6022 -25.6 9.96883
    endloop
  endfacet
  facet normal -0.629281 0 -0.777178
    outer loop
      vertex 55.6022 -25 9.96883
      vertex 55.529 -25.6 10.0281
      vertex 55.529 -25 10.0281
    endloop
  endfacet
  facet normal -0.358183 0 0.933652
    outer loop
      vertex 55.2781 -25 8.44405
      vertex 55.3661 -25.6 8.47781
      vertex 55.3661 -25 8.47781
    endloop
  endfacet
  facet normal -0.358183 0 0.933652
    outer loop
      vertex 55.3661 -25.6 8.47781
      vertex 55.2781 -25 8.44405
      vertex 55.2781 -25.6 8.44405
    endloop
  endfacet
  facet normal 0.777064 0 -0.629421
    outer loop
      vertex 54.3312 -25.6 9.90222
      vertex 54.2719 -25 9.82901
      vertex 54.3312 -25 9.90222
    endloop
  endfacet
  facet normal 0.777064 0 -0.629421
    outer loop
      vertex 54.2719 -25 9.82901
      vertex 54.3312 -25.6 9.90222
      vertex 54.2719 -25.6 9.82901
    endloop
  endfacet
  facet normal 0.257993 0 -0.966147
    outer loop
      vertex 54.7219 -25.6 10.156
      vertex 54.8129 -25 10.1803
      vertex 54.8129 -25.6 10.1803
    endloop
  endfacet
  facet normal 0.257993 0 -0.966147
    outer loop
      vertex 54.8129 -25 10.1803
      vertex 54.7219 -25.6 10.156
      vertex 54.7219 -25 10.156
    endloop
  endfacet
  facet normal 0.70716 0 -0.707054
    outer loop
      vertex 54.3978 -25.6 9.96883
      vertex 54.3312 -25 9.90222
      vertex 54.3978 -25 9.96883
    endloop
  endfacet
  facet normal 0.70716 0 -0.707054
    outer loop
      vertex 54.3312 -25 9.90222
      vertex 54.3978 -25.6 9.96883
      vertex 54.3312 -25.6 9.90222
    endloop
  endfacet
  facet normal 0.544615 0 -0.838686
    outer loop
      vertex 54.471 -25.6 10.0281
      vertex 54.55 -25 10.0794
      vertex 54.55 -25.6 10.0794
    endloop
  endfacet
  facet normal 0.544615 0 -0.838686
    outer loop
      vertex 54.55 -25 10.0794
      vertex 54.471 -25.6 10.0281
      vertex 54.471 -25 10.0281
    endloop
  endfacet
  facet normal -0.965882 0 0.258984
    outer loop
      vertex 55.8559 -25.6 9.02188
      vertex 55.8803 -25 9.11288
      vertex 55.8559 -25 9.02188
    endloop
  endfacet
  facet normal -0.965882 0 0.258984
    outer loop
      vertex 55.8803 -25 9.11288
      vertex 55.8559 -25.6 9.02188
      vertex 55.8803 -25.6 9.11288
    endloop
  endfacet
  facet normal -0.0523193 0 0.99863
    outer loop
      vertex 55 -25 8.4
      vertex 55.0941 -25.6 8.40493
      vertex 55.0941 -25 8.40493
    endloop
  endfacet
  facet normal -0.0523193 0 0.99863
    outer loop
      vertex 55.0941 -25.6 8.40493
      vertex 55 -25 8.4
      vertex 55 -25.6 8.4
    endloop
  endfacet
  facet normal -0.544615 0 -0.838686
    outer loop
      vertex 55.45 -25.6 10.0794
      vertex 55.529 -25 10.0281
      vertex 55.529 -25.6 10.0281
    endloop
  endfacet
  facet normal -0.544615 0 -0.838686
    outer loop
      vertex 55.529 -25 10.0281
      vertex 55.45 -25.6 10.0794
      vertex 55.45 -25 10.0794
    endloop
  endfacet
  facet normal 0.838718 -0 0.544567
    outer loop
      vertex 54.2206 -25.6 8.85
      vertex 54.2719 -25 8.77099
      vertex 54.2206 -25 8.85
    endloop
  endfacet
  facet normal 0.838718 0 0.544567
    outer loop
      vertex 54.2719 -25 8.77099
      vertex 54.2206 -25.6 8.85
      vertex 54.2719 -25.6 8.77099
    endloop
  endfacet
  facet normal -0.156541 0 0.987672
    outer loop
      vertex 55.0941 -25 8.40493
      vertex 55.1871 -25.6 8.41967
      vertex 55.1871 -25 8.41967
    endloop
  endfacet
  facet normal -0.156541 0 0.987672
    outer loop
      vertex 55.1871 -25.6 8.41967
      vertex 55.0941 -25 8.40493
      vertex 55.0941 -25.6 8.40493
    endloop
  endfacet
  facet normal 0.156541 0 0.987672
    outer loop
      vertex 54.8129 -25 8.41967
      vertex 54.9059 -25.6 8.40493
      vertex 54.9059 -25 8.40493
    endloop
  endfacet
  facet normal 0.156541 0 0.987672
    outer loop
      vertex 54.9059 -25.6 8.40493
      vertex 54.8129 -25 8.41967
      vertex 54.8129 -25.6 8.41967
    endloop
  endfacet
  facet normal 0.454166 0 0.890917
    outer loop
      vertex 54.55 -25 8.52058
      vertex 54.6339 -25.6 8.47781
      vertex 54.6339 -25 8.47781
    endloop
  endfacet
  facet normal 0.454166 0 0.890917
    outer loop
      vertex 54.6339 -25.6 8.47781
      vertex 54.55 -25 8.52058
      vertex 54.55 -25.6 8.52058
    endloop
  endfacet
  facet normal 0.358553 0 -0.93351
    outer loop
      vertex 54.6339 -25.6 10.1222
      vertex 54.7219 -25 10.156
      vertex 54.7219 -25.6 10.156
    endloop
  endfacet
  facet normal 0.358553 0 -0.93351
    outer loop
      vertex 54.7219 -25 10.156
      vertex 54.6339 -25.6 10.1222
      vertex 54.6339 -25 10.1222
    endloop
  endfacet
  facet normal -0.454419 0 -0.890788
    outer loop
      vertex 55.3661 -25.6 10.1222
      vertex 55.45 -25 10.0794
      vertex 55.45 -25.6 10.0794
    endloop
  endfacet
  facet normal -0.454419 0 -0.890788
    outer loop
      vertex 55.45 -25 10.0794
      vertex 55.3661 -25.6 10.1222
      vertex 55.3661 -25 10.1222
    endloop
  endfacet
  facet normal -0.890876 0 0.454247
    outer loop
      vertex 55.7794 -25.6 8.85
      vertex 55.8222 -25 8.93394
      vertex 55.7794 -25 8.85
    endloop
  endfacet
  facet normal -0.890876 0 0.454247
    outer loop
      vertex 55.8222 -25 8.93394
      vertex 55.7794 -25.6 8.85
      vertex 55.8222 -25.6 8.93394
    endloop
  endfacet
  facet normal -0.70716 0 -0.707054
    outer loop
      vertex 55.6688 -25.6 9.90222
      vertex 55.6022 -25 9.96883
      vertex 55.6688 -25 9.90222
    endloop
  endfacet
  facet normal -0.70716 -0 -0.707054
    outer loop
      vertex 55.6022 -25 9.96883
      vertex 55.6688 -25.6 9.90222
      vertex 55.6022 -25.6 9.96883
    endloop
  endfacet
  facet normal 0.629345 0 0.777126
    outer loop
      vertex 54.3978 -25 8.63117
      vertex 54.471 -25.6 8.57189
      vertex 54.471 -25 8.57189
    endloop
  endfacet
  facet normal 0.629345 0 0.777126
    outer loop
      vertex 54.471 -25.6 8.57189
      vertex 54.3978 -25 8.63117
      vertex 54.3978 -25.6 8.63117
    endloop
  endfacet
  facet normal -0.838718 0 0.544567
    outer loop
      vertex 55.7281 -25.6 8.77099
      vertex 55.7794 -25 8.85
      vertex 55.7281 -25 8.77099
    endloop
  endfacet
  facet normal -0.838718 0 0.544567
    outer loop
      vertex 55.7794 -25 8.85
      vertex 55.7281 -25.6 8.77099
      vertex 55.7794 -25.6 8.85
    endloop
  endfacet
  facet normal -0.454166 0 0.890917
    outer loop
      vertex 55.3661 -25 8.47781
      vertex 55.45 -25.6 8.52058
      vertex 55.45 -25 8.52058
    endloop
  endfacet
  facet normal -0.454166 0 0.890917
    outer loop
      vertex 55.45 -25.6 8.52058
      vertex 55.3661 -25 8.47781
      vertex 55.3661 -25.6 8.47781
    endloop
  endfacet
  facet normal 0.157162 0 -0.987573
    outer loop
      vertex 54.8129 -25.6 10.1803
      vertex 54.9059 -25 10.1951
      vertex 54.9059 -25.6 10.1951
    endloop
  endfacet
  facet normal 0.157162 0 -0.987573
    outer loop
      vertex 54.9059 -25 10.1951
      vertex 54.8129 -25.6 10.1803
      vertex 54.8129 -25 10.1803
    endloop
  endfacet
  facet normal -0.933783 0 -0.35784
    outer loop
      vertex 55.8559 -25.6 9.57812
      vertex 55.8222 -25 9.66606
      vertex 55.8559 -25 9.57812
    endloop
  endfacet
  facet normal -0.933783 -0 -0.35784
    outer loop
      vertex 55.8222 -25 9.66606
      vertex 55.8559 -25.6 9.57812
      vertex 55.8222 -25.6 9.66606
    endloop
  endfacet
  facet normal -0.777064 0 0.629421
    outer loop
      vertex 55.6688 -25.6 8.69778
      vertex 55.7281 -25 8.77099
      vertex 55.6688 -25 8.69778
    endloop
  endfacet
  facet normal -0.777064 0 0.629421
    outer loop
      vertex 55.7281 -25 8.77099
      vertex 55.6688 -25.6 8.69778
      vertex 55.7281 -25.6 8.77099
    endloop
  endfacet
  facet normal -0.933783 0 0.35784
    outer loop
      vertex 55.8222 -25.6 8.93394
      vertex 55.8559 -25 9.02188
      vertex 55.8222 -25 8.93394
    endloop
  endfacet
  facet normal -0.933783 0 0.35784
    outer loop
      vertex 55.8559 -25 9.02188
      vertex 55.8222 -25.6 8.93394
      vertex 55.8559 -25.6 9.02188
    endloop
  endfacet
  facet normal 0.933783 -0 0.35784
    outer loop
      vertex 54.1441 -25.6 9.02188
      vertex 54.1778 -25 8.93394
      vertex 54.1441 -25 9.02188
    endloop
  endfacet
  facet normal 0.933783 0 0.35784
    outer loop
      vertex 54.1778 -25 8.93394
      vertex 54.1441 -25.6 9.02188
      vertex 54.1778 -25.6 8.93394
    endloop
  endfacet
  facet normal 0.987583 0 -0.157096
    outer loop
      vertex 54.1197 -25.6 9.48712
      vertex 54.1049 -25 9.39408
      vertex 54.1197 -25 9.48712
    endloop
  endfacet
  facet normal 0.987583 0 -0.157096
    outer loop
      vertex 54.1049 -25 9.39408
      vertex 54.1197 -25.6 9.48712
      vertex 54.1049 -25.6 9.39408
    endloop
  endfacet
  facet normal -0.0520018 0 -0.998647
    outer loop
      vertex 55 -25.6 10.2
      vertex 55.0941 -25 10.1951
      vertex 55.0941 -25.6 10.1951
    endloop
  endfacet
  facet normal -0.0520018 0 -0.998647
    outer loop
      vertex 55.0941 -25 10.1951
      vertex 55 -25.6 10.2
      vertex 55 -25 10.2
    endloop
  endfacet
  facet normal -0.890876 0 -0.454247
    outer loop
      vertex 55.8222 -25.6 9.66606
      vertex 55.7794 -25 9.75
      vertex 55.8222 -25 9.66606
    endloop
  endfacet
  facet normal -0.890876 -0 -0.454247
    outer loop
      vertex 55.7794 -25 9.75
      vertex 55.8222 -25.6 9.66606
      vertex 55.7794 -25.6 9.75
    endloop
  endfacet
  facet normal 0.838718 0 -0.544567
    outer loop
      vertex 54.2719 -25.6 9.82901
      vertex 54.2206 -25 9.75
      vertex 54.2719 -25 9.82901
    endloop
  endfacet
  facet normal 0.838718 0 -0.544567
    outer loop
      vertex 54.2206 -25 9.75
      vertex 54.2719 -25.6 9.82901
      vertex 54.2206 -25.6 9.75
    endloop
  endfacet
  facet normal 0.629281 0 -0.777178
    outer loop
      vertex 54.3978 -25.6 9.96883
      vertex 54.471 -25 10.0281
      vertex 54.471 -25.6 10.0281
    endloop
  endfacet
  facet normal 0.629281 0 -0.777178
    outer loop
      vertex 54.471 -25 10.0281
      vertex 54.3978 -25.6 9.96883
      vertex 54.3978 -25 9.96883
    endloop
  endfacet
  facet normal 0.933783 0 -0.35784
    outer loop
      vertex 54.1778 -25.6 9.66606
      vertex 54.1441 -25 9.57812
      vertex 54.1778 -25 9.66606
    endloop
  endfacet
  facet normal 0.933783 0 -0.35784
    outer loop
      vertex 54.1441 -25 9.57812
      vertex 54.1778 -25.6 9.66606
      vertex 54.1441 -25.6 9.57812
    endloop
  endfacet
  facet normal 0.890876 -0 0.454247
    outer loop
      vertex 54.1778 -25.6 8.93394
      vertex 54.2206 -25 8.85
      vertex 54.1778 -25 8.93394
    endloop
  endfacet
  facet normal 0.890876 0 0.454247
    outer loop
      vertex 54.2206 -25 8.85
      vertex 54.1778 -25.6 8.93394
      vertex 54.2206 -25.6 8.85
    endloop
  endfacet
  facet normal -0.258786 0 0.965935
    outer loop
      vertex 55.1871 -25 8.41967
      vertex 55.2781 -25.6 8.44405
      vertex 55.2781 -25 8.44405
    endloop
  endfacet
  facet normal -0.258786 0 0.965935
    outer loop
      vertex 55.2781 -25.6 8.44405
      vertex 55.1871 -25 8.41967
      vertex 55.1871 -25.6 8.41967
    endloop
  endfacet
  facet normal -0.629345 0 0.777126
    outer loop
      vertex 55.529 -25 8.57189
      vertex 55.6022 -25.6 8.63117
      vertex 55.6022 -25 8.63117
    endloop
  endfacet
  facet normal -0.629345 0 0.777126
    outer loop
      vertex 55.6022 -25.6 8.63117
      vertex 55.529 -25 8.57189
      vertex 55.529 -25.6 8.57189
    endloop
  endfacet
  facet normal 0.258786 0 0.965935
    outer loop
      vertex 54.7219 -25 8.44405
      vertex 54.8129 -25.6 8.41967
      vertex 54.8129 -25 8.41967
    endloop
  endfacet
  facet normal 0.258786 0 0.965935
    outer loop
      vertex 54.8129 -25.6 8.41967
      vertex 54.7219 -25 8.44405
      vertex 54.7219 -25.6 8.44405
    endloop
  endfacet
  facet normal 0.998646 -0 0.0520128
    outer loop
      vertex 54.1 -25.6 9.3
      vertex 54.1049 -25 9.20592
      vertex 54.1 -25 9.3
    endloop
  endfacet
  facet normal 0.998646 0 0.0520128
    outer loop
      vertex 54.1049 -25 9.20592
      vertex 54.1 -25.6 9.3
      vertex 54.1049 -25.6 9.20592
    endloop
  endfacet
  facet normal -0.157162 0 -0.987573
    outer loop
      vertex 55.0941 -25.6 10.1951
      vertex 55.1871 -25 10.1803
      vertex 55.1871 -25.6 10.1803
    endloop
  endfacet
  facet normal -0.157162 0 -0.987573
    outer loop
      vertex 55.1871 -25 10.1803
      vertex 55.0941 -25.6 10.1951
      vertex 55.0941 -25 10.1951
    endloop
  endfacet
  facet normal 0.777064 -0 0.629421
    outer loop
      vertex 54.2719 -25.6 8.77099
      vertex 54.3312 -25 8.69778
      vertex 54.2719 -25 8.77099
    endloop
  endfacet
  facet normal 0.777064 0 0.629421
    outer loop
      vertex 54.3312 -25 8.69778
      vertex 54.2719 -25.6 8.77099
      vertex 54.3312 -25.6 8.69778
    endloop
  endfacet
  facet normal 0.454419 0 -0.890788
    outer loop
      vertex 54.55 -25.6 10.0794
      vertex 54.6339 -25 10.1222
      vertex 54.6339 -25.6 10.1222
    endloop
  endfacet
  facet normal 0.454419 0 -0.890788
    outer loop
      vertex 54.6339 -25 10.1222
      vertex 54.55 -25.6 10.0794
      vertex 54.55 -25 10.0794
    endloop
  endfacet
  facet normal 0.965882 0 -0.258984
    outer loop
      vertex 54.1441 -25.6 9.57812
      vertex 54.1197 -25 9.48712
      vertex 54.1441 -25 9.57812
    endloop
  endfacet
  facet normal 0.965882 0 -0.258984
    outer loop
      vertex 54.1197 -25 9.48712
      vertex 54.1441 -25.6 9.57812
      vertex 54.1197 -25.6 9.48712
    endloop
  endfacet
  facet normal 0.70716 -0 0.707054
    outer loop
      vertex 54.3312 -25.6 8.69778
      vertex 54.3978 -25 8.63117
      vertex 54.3312 -25 8.69778
    endloop
  endfacet
  facet normal 0.70716 0 0.707054
    outer loop
      vertex 54.3978 -25 8.63117
      vertex 54.3312 -25.6 8.69778
      vertex 54.3978 -25.6 8.63117
    endloop
  endfacet
  facet normal -0.54469 0 0.838638
    outer loop
      vertex 55.45 -25 8.52058
      vertex 55.529 -25.6 8.57189
      vertex 55.529 -25 8.57189
    endloop
  endfacet
  facet normal -0.54469 0 0.838638
    outer loop
      vertex 55.529 -25.6 8.57189
      vertex 55.45 -25 8.52058
      vertex 55.45 -25.6 8.52058
    endloop
  endfacet
  facet normal 0.358183 0 0.933652
    outer loop
      vertex 54.6339 -25 8.47781
      vertex 54.7219 -25.6 8.44405
      vertex 54.7219 -25 8.44405
    endloop
  endfacet
  facet normal 0.358183 0 0.933652
    outer loop
      vertex 54.7219 -25.6 8.44405
      vertex 54.6339 -25 8.47781
      vertex 54.6339 -25.6 8.47781
    endloop
  endfacet
  facet normal 0.0523193 0 0.99863
    outer loop
      vertex 54.9059 -25 8.40493
      vertex 55 -25.6 8.4
      vertex 55 -25 8.4
    endloop
  endfacet
  facet normal 0.0523193 0 0.99863
    outer loop
      vertex 55 -25.6 8.4
      vertex 54.9059 -25 8.40493
      vertex 54.9059 -25.6 8.40493
    endloop
  endfacet
  facet normal 0.998646 0 -0.0520128
    outer loop
      vertex 54.1049 -25.6 9.39408
      vertex 54.1 -25 9.3
      vertex 54.1049 -25 9.39408
    endloop
  endfacet
  facet normal 0.998646 0 -0.0520128
    outer loop
      vertex 54.1 -25 9.3
      vertex 54.1049 -25.6 9.39408
      vertex 54.1 -25.6 9.3
    endloop
  endfacet
  facet normal 0.54469 0 0.838638
    outer loop
      vertex 54.471 -25 8.57189
      vertex 54.55 -25.6 8.52058
      vertex 54.55 -25 8.52058
    endloop
  endfacet
  facet normal 0.54469 0 0.838638
    outer loop
      vertex 54.55 -25.6 8.52058
      vertex 54.471 -25 8.57189
      vertex 54.471 -25.6 8.57189
    endloop
  endfacet
  facet normal -0.70716 0 0.707054
    outer loop
      vertex 55.6022 -25.6 8.63117
      vertex 55.6688 -25 8.69778
      vertex 55.6022 -25 8.63117
    endloop
  endfacet
  facet normal -0.70716 0 0.707054
    outer loop
      vertex 55.6688 -25 8.69778
      vertex 55.6022 -25.6 8.63117
      vertex 55.6688 -25.6 8.69778
    endloop
  endfacet
  facet normal -1 0 0
    outer loop
      vertex 65.65 -32.65 0
      vertex 65.65 -25 0.0299998
      vertex 65.65 -25 0
    endloop
  endfacet
  facet normal -1 -0 0
    outer loop
      vertex 65.65 -25 0.0299998
      vertex 65.65 -32.65 0
      vertex 65.65 -32.65 0.0299998
    endloop
  endfacet
  facet normal 0 0 -1
    outer loop
      vertex 65.65 -32.65 0.0299998
      vertex 64.9 -31.9 0.0299998
      vertex 65.65 -25 0.0299998
    endloop
  endfacet
  facet normal 0 0 -1
    outer loop
      vertex 65.65 -32.65 0.0299998
      vertex 45.1 -31.9 0.0299998
      vertex 64.9 -31.9 0.0299998
    endloop
  endfacet
  facet normal 0 0 -1
    outer loop
      vertex 44.35 -32.65 0.0299998
      vertex 45.1 -31.9 0.0299998
      vertex 65.65 -32.65 0.0299998
    endloop
  endfacet
  facet normal 0 0 -1
    outer loop
      vertex 44.35 -25 0.0299998
      vertex 45.1 -31.9 0.0299998
      vertex 44.35 -32.65 0.0299998
    endloop
  endfacet
  facet normal 0 0 -1
    outer loop
      vertex 45.1 -31.9 0.0299998
      vertex 44.35 -25 0.0299998
      vertex 45.1 -25 0.0299998
    endloop
  endfacet
  facet normal -0 0 -1
    outer loop
      vertex 65.65 -25 0.0299998
      vertex 64.9 -31.9 0.0299998
      vertex 64.9 -25 0.0299998
    endloop
  endfacet
  facet normal 1 -0 0
    outer loop
      vertex 44.35 -32.65 0.0299998
      vertex 44.35 -25 0
      vertex 44.35 -25 0.0299998
    endloop
  endfacet
  facet normal 1 0 0
    outer loop
      vertex 44.35 -25 0
      vertex 44.35 -32.65 0.0299998
      vertex 44.35 -32.65 0
    endloop
  endfacet
  facet normal 0 1 -0
    outer loop
      vertex 65.65 -32.65 0
      vertex 44.35 -32.65 0.0299998
      vertex 65.65 -32.65 0.0299998
    endloop
  endfacet
  facet normal 0 1 0
    outer loop
      vertex 44.35 -32.65 0.0299998
      vertex 65.65 -32.65 0
      vertex 44.35 -32.65 0
    endloop
  endfacet
  facet normal 1 -0 0
    outer loop
      vertex 64.9 -31.9 0.0299998
      vertex 64.9 -25 0
      vertex 64.9 -25 0.0299998
    endloop
  endfacet
  facet normal 1 0 0
    outer loop
      vertex 64.9 -25 0
      vertex 64.9 -31.9 0.0299998
      vertex 64.9 -31.9 0
    endloop
  endfacet
  facet normal -1 0 0
    outer loop
      vertex 45.1 -31.9 0
      vertex 45.1 -25 0.0299998
      vertex 45.1 -25 0
    endloop
  endfacet
  facet normal -1 -0 0
    outer loop
      vertex 45.1 -25 0.0299998
      vertex 45.1 -31.9 0
      vertex 45.1 -31.9 0.0299998
    endloop
  endfacet
  facet normal 0 -1 0
    outer loop
      vertex 45.1 -31.9 0
      vertex 64.9 -31.9 0.0299998
      vertex 45.1 -31.9 0.0299998
    endloop
  endfacet
  facet normal 0 -1 -0
    outer loop
      vertex 64.9 -31.9 0.0299998
      vertex 45.1 -31.9 0
      vertex 64.9 -31.9 0
    endloop
  endfacet
  facet normal 0 1 -0
    outer loop
      vertex 64.9 -25 0
      vertex 45.1 -25 0.0299998
      vertex 64.9 -25 0.0299998
    endloop
  endfacet
  facet normal 0 1 0
    outer loop
      vertex 45.1 -25 0.0299998
      vertex 64.9 -25 0
      vertex 45.1 -25 0
    endloop
  endfacet
  facet normal 0 1 -0
    outer loop
      vertex 45.1 -25 0.0299998
      vertex 44.35 -25 0.6
      vertex 64.9 -25 0.0299998
    endloop
  endfacet
  facet normal 0 1 0
    outer loop
      vertex 44.35 -25 0.0299998
      vertex 44.35 -25 0.6
      vertex 45.1 -25 0.0299998
    endloop
  endfacet
  facet normal 0 1 0
    outer loop
      vertex 44.35 -25 0.6
      vertex 44.35 -25 0.0299998
      vertex 43.6 -25 0.6
    endloop
  endfacet
  facet normal 0 1 0
    outer loop
      vertex 43.6 -25 0
      vertex 44.35 -25 0.0299998
      vertex 44.35 -25 0
    endloop
  endfacet
  facet normal 0 1 0
    outer loop
      vertex 44.35 -25 0.0299998
      vertex 43.6 -25 0
      vertex 43.6 -25 0.6
    endloop
  endfacet
  facet normal 0 1 -0
    outer loop
      vertex 65.65 -25 7.8
      vertex 56.1987 -25 8.4
      vertex 66.7 -25 8.4
    endloop
  endfacet
  facet normal 0 1 0
    outer loop
      vertex 56.1987 -25 8.4
      vertex 65.65 -25 7.8
      vertex 55 -25 8.4
    endloop
  endfacet
  facet normal 0 1 0
    outer loop
      vertex 55 -25 8.4
      vertex 65.65 -25 7.8
      vertex 53.8013 -25 8.4
    endloop
  endfacet
  facet normal 0 1 0
    outer loop
      vertex 44.35 -25 7.8
      vertex 53.8013 -25 8.4
      vertex 65.65 -25 7.8
    endloop
  endfacet
  facet normal 0 1 -0
    outer loop
      vertex 66.7 -25 0.6
      vertex 65.65 -25 7.8
      vertex 66.7 -25 8.4
    endloop
  endfacet
  facet normal 0 1 -0
    outer loop
      vertex 66.4 -25 0.6
      vertex 65.65 -25 7.8
      vertex 66.7 -25 0.6
    endloop
  endfacet
  facet normal 0 1 0
    outer loop
      vertex 66.4 -25 0.6
      vertex 65.65 -25 0.6
      vertex 65.65 -25 7.8
    endloop
  endfacet
  facet normal 0 1 0
    outer loop
      vertex 65.65 -25 0.0299998
      vertex 65.65 -25 0.6
      vertex 66.4 -25 0.6
    endloop
  endfacet
  facet normal 0 1 0
    outer loop
      vertex 64.9 -25 0.0299998
      vertex 65.65 -25 0.6
      vertex 65.65 -25 0.0299998
    endloop
  endfacet
  facet normal 0 1 0
    outer loop
      vertex 65.65 -25 0.6
      vertex 64.9 -25 0.0299998
      vertex 44.35 -25 0.6
    endloop
  endfacet
  facet normal 0 1 -0
    outer loop
      vertex 66.4 -25 0
      vertex 65.65 -25 0.0299998
      vertex 66.4 -25 0.6
    endloop
  endfacet
  facet normal 0 1 0
    outer loop
      vertex 65.65 -25 0.0299998
      vertex 66.4 -25 0
      vertex 65.65 -25 0
    endloop
  endfacet
  facet normal 0 1 0
    outer loop
      vertex 55 -25 10.2
      vertex 55 -25 10.8
      vertex 55.1568 -25 10.7918
    endloop
  endfacet
  facet normal 0 1 0
    outer loop
      vertex 55.0941 -25 10.1951
      vertex 55.1568 -25 10.7918
      vertex 55.3119 -25 10.7672
    endloop
  endfacet
  facet normal 0 1 0
    outer loop
      vertex 55 -25 10.8
      vertex 55 -25 10.2
      vertex 54.8432 -25 10.7918
    endloop
  endfacet
  facet normal 0 1 0
    outer loop
      vertex 55.1871 -25 10.1803
      vertex 55.3119 -25 10.7672
      vertex 55.4635 -25 10.7266
    endloop
  endfacet
  facet normal 0 1 -0
    outer loop
      vertex 54.9059 -25 10.1951
      vertex 54.8432 -25 10.7918
      vertex 55 -25 10.2
    endloop
  endfacet
  facet normal 0 1 0
    outer loop
      vertex 55.2781 -25 10.156
      vertex 55.4635 -25 10.7266
      vertex 55.6101 -25 10.6703
    endloop
  endfacet
  facet normal 0 1 0
    outer loop
      vertex 54.8432 -25 10.7918
      vertex 54.9059 -25 10.1951
      vertex 54.6881 -25 10.7672
    endloop
  endfacet
  facet normal 0 1 0
    outer loop
      vertex 55.3661 -25 10.1222
      vertex 55.6101 -25 10.6703
      vertex 55.75 -25 10.599
    endloop
  endfacet
  facet normal 0 1 -0
    outer loop
      vertex 54.8129 -25 10.1803
      vertex 54.6881 -25 10.7672
      vertex 54.9059 -25 10.1951
    endloop
  endfacet
  facet normal 0 1 0
    outer loop
      vertex 55.45 -25 10.0794
      vertex 55.75 -25 10.599
      vertex 55.8817 -25 10.5135
    endloop
  endfacet
  facet normal 0 1 0
    outer loop
      vertex 54.6881 -25 10.7672
      vertex 54.8129 -25 10.1803
      vertex 54.5365 -25 10.7266
    endloop
  endfacet
  facet normal 0 1 0
    outer loop
      vertex 55.529 -25 10.0281
      vertex 55.8817 -25 10.5135
      vertex 56.0037 -25 10.4147
    endloop
  endfacet
  facet normal 0 1 -0
    outer loop
      vertex 54.7219 -25 10.156
      vertex 54.5365 -25 10.7266
      vertex 54.8129 -25 10.1803
    endloop
  endfacet
  facet normal 0 1 0
    outer loop
      vertex 55.6022 -25 9.96883
      vertex 56.0037 -25 10.4147
      vertex 56.1147 -25 10.3037
    endloop
  endfacet
  facet normal 0 1 0
    outer loop
      vertex 54.5365 -25 10.7266
      vertex 54.7219 -25 10.156
      vertex 54.3899 -25 10.6703
    endloop
  endfacet
  facet normal 0 1 -0
    outer loop
      vertex 54.6339 -25 10.1222
      vertex 54.3899 -25 10.6703
      vertex 54.7219 -25 10.156
    endloop
  endfacet
  facet normal 0 1 0
    outer loop
      vertex 55.1568 -25 10.7918
      vertex 55.0941 -25 10.1951
      vertex 55 -25 10.2
    endloop
  endfacet
  facet normal 0 1 0
    outer loop
      vertex 55.6688 -25 9.90222
      vertex 56.1147 -25 10.3037
      vertex 56.2135 -25 10.1817
    endloop
  endfacet
  facet normal 0 1 0
    outer loop
      vertex 55.3119 -25 10.7672
      vertex 55.1871 -25 10.1803
      vertex 55.0941 -25 10.1951
    endloop
  endfacet
  facet normal 0 1 0
    outer loop
      vertex 55.4635 -25 10.7266
      vertex 55.2781 -25 10.156
      vertex 55.1871 -25 10.1803
    endloop
  endfacet
  facet normal 0 1 0
    outer loop
      vertex 55.6101 -25 10.6703
      vertex 55.3661 -25 10.1222
      vertex 55.2781 -25 10.156
    endloop
  endfacet
  facet normal 0 1 0
    outer loop
      vertex 55.75 -25 10.599
      vertex 55.45 -25 10.0794
      vertex 55.3661 -25 10.1222
    endloop
  endfacet
  facet normal 0 1 0
    outer loop
      vertex 55.7281 -25 9.82901
      vertex 56.2135 -25 10.1817
      vertex 56.299 -25 10.05
    endloop
  endfacet
  facet normal 0 1 0
    outer loop
      vertex 55.8817 -25 10.5135
      vertex 55.529 -25 10.0281
      vertex 55.45 -25 10.0794
    endloop
  endfacet
  facet normal 0 1 0
    outer loop
      vertex 56.0037 -25 10.4147
      vertex 55.6022 -25 9.96883
      vertex 55.529 -25 10.0281
    endloop
  endfacet
  facet normal 0 1 0
    outer loop
      vertex 55.7794 -25 9.75
      vertex 56.299 -25 10.05
      vertex 56.3703 -25 9.9101
    endloop
  endfacet
  facet normal 0 1 0
    outer loop
      vertex 56.1147 -25 10.3037
      vertex 55.6688 -25 9.90222
      vertex 55.6022 -25 9.96883
    endloop
  endfacet
  facet normal 0 1 0
    outer loop
      vertex 56.2135 -25 10.1817
      vertex 55.7281 -25 9.82901
      vertex 55.6688 -25 9.90222
    endloop
  endfacet
  facet normal 0 1 0
    outer loop
      vertex 55.8222 -25 9.66606
      vertex 56.3703 -25 9.9101
      vertex 56.4266 -25 9.76353
    endloop
  endfacet
  facet normal 0 1 0
    outer loop
      vertex 56.299 -25 10.05
      vertex 55.7794 -25 9.75
      vertex 55.7281 -25 9.82901
    endloop
  endfacet
  facet normal 0 1 0
    outer loop
      vertex 56.3703 -25 9.9101
      vertex 55.8222 -25 9.66606
      vertex 55.7794 -25 9.75
    endloop
  endfacet
  facet normal 0 1 0
    outer loop
      vertex 55.8559 -25 9.57812
      vertex 56.4266 -25 9.76353
      vertex 56.4672 -25 9.61187
    endloop
  endfacet
  facet normal 0 1 0
    outer loop
      vertex 56.4266 -25 9.76353
      vertex 55.8559 -25 9.57812
      vertex 55.8222 -25 9.66606
    endloop
  endfacet
  facet normal 0 1 0
    outer loop
      vertex 56.4672 -25 9.61187
      vertex 55.8803 -25 9.48712
      vertex 55.8559 -25 9.57812
    endloop
  endfacet
  facet normal 0 1 0
    outer loop
      vertex 56.4918 -25 9.45679
      vertex 55.8803 -25 9.48712
      vertex 56.4672 -25 9.61187
    endloop
  endfacet
  facet normal 0 1 0
    outer loop
      vertex 56.4918 -25 9.45679
      vertex 55.8951 -25 9.39408
      vertex 55.8803 -25 9.48712
    endloop
  endfacet
  facet normal 0 1 0
    outer loop
      vertex 56.5 -25 9.3
      vertex 55.8951 -25 9.39408
      vertex 56.4918 -25 9.45679
    endloop
  endfacet
  facet normal 0 1 0
    outer loop
      vertex 56.5 -25 9.3
      vertex 55.9 -25 9.3
      vertex 55.8951 -25 9.39408
    endloop
  endfacet
  facet normal 0 1 0
    outer loop
      vertex 56.5 -25 9.3
      vertex 55.8951 -25 9.20592
      vertex 55.9 -25 9.3
    endloop
  endfacet
  facet normal 0 1 -0
    outer loop
      vertex 56.4918 -25 9.14321
      vertex 55.8951 -25 9.20592
      vertex 56.5 -25 9.3
    endloop
  endfacet
  facet normal 0 1 0
    outer loop
      vertex 56.4918 -25 9.14321
      vertex 55.8803 -25 9.11288
      vertex 55.8951 -25 9.20592
    endloop
  endfacet
  facet normal 0 1 -0
    outer loop
      vertex 56.4672 -25 8.98813
      vertex 55.8803 -25 9.11288
      vertex 56.4918 -25 9.14321
    endloop
  endfacet
  facet normal 0 1 0
    outer loop
      vertex 55.8803 -25 9.11288
      vertex 56.4672 -25 8.98813
      vertex 55.8559 -25 9.02188
    endloop
  endfacet
  facet normal 0 1 -0
    outer loop
      vertex 56.4266 -25 8.83647
      vertex 55.8559 -25 9.02188
      vertex 56.4672 -25 8.98813
    endloop
  endfacet
  facet normal 0 1 0
    outer loop
      vertex 55.8559 -25 9.02188
      vertex 56.4266 -25 8.83647
      vertex 55.8222 -25 8.93394
    endloop
  endfacet
  facet normal 0 1 -0
    outer loop
      vertex 56.3703 -25 8.68989
      vertex 55.8222 -25 8.93394
      vertex 56.4266 -25 8.83647
    endloop
  endfacet
  facet normal 0 1 0
    outer loop
      vertex 55.8222 -25 8.93394
      vertex 56.3703 -25 8.68989
      vertex 55.7794 -25 8.85
    endloop
  endfacet
  facet normal 0 1 -0
    outer loop
      vertex 56.299 -25 8.55
      vertex 55.7794 -25 8.85
      vertex 56.3703 -25 8.68989
    endloop
  endfacet
  facet normal 0 1 0
    outer loop
      vertex 55.7794 -25 8.85
      vertex 56.299 -25 8.55
      vertex 55.7281 -25 8.77099
    endloop
  endfacet
  facet normal 0 1 -0
    outer loop
      vertex 56.2135 -25 8.41832
      vertex 55.7281 -25 8.77099
      vertex 56.299 -25 8.55
    endloop
  endfacet
  facet normal 0 1 -0
    outer loop
      vertex 56.1987 -25 8.4
      vertex 55.7281 -25 8.77099
      vertex 56.2135 -25 8.41832
    endloop
  endfacet
  facet normal 0 1 0
    outer loop
      vertex 55.7281 -25 8.77099
      vertex 56.1987 -25 8.4
      vertex 55.6688 -25 8.69778
    endloop
  endfacet
  facet normal 0 1 0
    outer loop
      vertex 55.6688 -25 8.69778
      vertex 56.1987 -25 8.4
      vertex 55.6022 -25 8.63117
    endloop
  endfacet
  facet normal 0 1 0
    outer loop
      vertex 55.6022 -25 8.63117
      vertex 56.1987 -25 8.4
      vertex 55.529 -25 8.57189
    endloop
  endfacet
  facet normal 0 1 0
    outer loop
      vertex 55.529 -25 8.57189
      vertex 56.1987 -25 8.4
      vertex 55.45 -25 8.52058
    endloop
  endfacet
  facet normal 0 1 0
    outer loop
      vertex 55.45 -25 8.52058
      vertex 56.1987 -25 8.4
      vertex 55.3661 -25 8.47781
    endloop
  endfacet
  facet normal 0 1 0
    outer loop
      vertex 55.3661 -25 8.47781
      vertex 56.1987 -25 8.4
      vertex 55.2781 -25 8.44405
    endloop
  endfacet
  facet normal 0 1 0
    outer loop
      vertex 55.2781 -25 8.44405
      vertex 56.1987 -25 8.4
      vertex 55.1871 -25 8.41967
    endloop
  endfacet
  facet normal 0 1 0
    outer loop
      vertex 55.1871 -25 8.41967
      vertex 56.1987 -25 8.4
      vertex 55.0941 -25 8.40493
    endloop
  endfacet
  facet normal 0 1 0
    outer loop
      vertex 55.0941 -25 8.40493
      vertex 56.1987 -25 8.4
      vertex 55 -25 8.4
    endloop
  endfacet
  facet normal 0 1 0
    outer loop
      vertex 54.3899 -25 10.6703
      vertex 54.6339 -25 10.1222
      vertex 54.25 -25 10.599
    endloop
  endfacet
  facet normal 0 1 -0
    outer loop
      vertex 54.55 -25 10.0794
      vertex 54.25 -25 10.599
      vertex 54.6339 -25 10.1222
    endloop
  endfacet
  facet normal 0 1 0
    outer loop
      vertex 54.25 -25 10.599
      vertex 54.55 -25 10.0794
      vertex 54.1183 -25 10.5135
    endloop
  endfacet
  facet normal 0 1 -0
    outer loop
      vertex 54.471 -25 10.0281
      vertex 54.1183 -25 10.5135
      vertex 54.55 -25 10.0794
    endloop
  endfacet
  facet normal 0 1 0
    outer loop
      vertex 54.1183 -25 10.5135
      vertex 54.471 -25 10.0281
      vertex 53.9963 -25 10.4147
    endloop
  endfacet
  facet normal 0 1 -0
    outer loop
      vertex 54.3978 -25 9.96883
      vertex 53.9963 -25 10.4147
      vertex 54.471 -25 10.0281
    endloop
  endfacet
  facet normal 0 1 0
    outer loop
      vertex 53.9963 -25 10.4147
      vertex 54.3978 -25 9.96883
      vertex 53.8853 -25 10.3037
    endloop
  endfacet
  facet normal 0 1 -0
    outer loop
      vertex 54.3312 -25 9.90222
      vertex 53.8853 -25 10.3037
      vertex 54.3978 -25 9.96883
    endloop
  endfacet
  facet normal 0 1 0
    outer loop
      vertex 53.8853 -25 10.3037
      vertex 54.3312 -25 9.90222
      vertex 53.7865 -25 10.1817
    endloop
  endfacet
  facet normal 0 1 -0
    outer loop
      vertex 54.2719 -25 9.82901
      vertex 53.7865 -25 10.1817
      vertex 54.3312 -25 9.90222
    endloop
  endfacet
  facet normal 0 1 0
    outer loop
      vertex 53.7865 -25 10.1817
      vertex 54.2719 -25 9.82901
      vertex 53.701 -25 10.05
    endloop
  endfacet
  facet normal 0 1 -0
    outer loop
      vertex 54.2206 -25 9.75
      vertex 53.701 -25 10.05
      vertex 54.2719 -25 9.82901
    endloop
  endfacet
  facet normal 0 1 0
    outer loop
      vertex 53.701 -25 10.05
      vertex 54.2206 -25 9.75
      vertex 53.6297 -25 9.9101
    endloop
  endfacet
  facet normal 0 1 -0
    outer loop
      vertex 54.1778 -25 9.66606
      vertex 53.6297 -25 9.9101
      vertex 54.2206 -25 9.75
    endloop
  endfacet
  facet normal 0 1 0
    outer loop
      vertex 53.6297 -25 9.9101
      vertex 54.1778 -25 9.66606
      vertex 53.5734 -25 9.76353
    endloop
  endfacet
  facet normal 0 1 -0
    outer loop
      vertex 54.1441 -25 9.57812
      vertex 53.5734 -25 9.76353
      vertex 54.1778 -25 9.66606
    endloop
  endfacet
  facet normal 0 1 0
    outer loop
      vertex 53.5734 -25 9.76353
      vertex 54.1441 -25 9.57812
      vertex 53.5328 -25 9.61187
    endloop
  endfacet
  facet normal 0 1 -0
    outer loop
      vertex 54.1197 -25 9.48712
      vertex 53.5328 -25 9.61187
      vertex 54.1441 -25 9.57812
    endloop
  endfacet
  facet normal 0 1 0
    outer loop
      vertex 54.1197 -25 9.48712
      vertex 53.5082 -25 9.45679
      vertex 53.5328 -25 9.61187
    endloop
  endfacet
  facet normal 0 1 -0
    outer loop
      vertex 54.1049 -25 9.39408
      vertex 53.5082 -25 9.45679
      vertex 54.1197 -25 9.48712
    endloop
  endfacet
  facet normal 0 1 -0
    outer loop
      vertex 54.1 -25 9.3
      vertex 53.5082 -25 9.45679
      vertex 54.1049 -25 9.39408
    endloop
  endfacet
  facet normal 0 1 0
    outer loop
      vertex 54.1 -25 9.3
      vertex 53.5 -25 9.3
      vertex 53.5082 -25 9.45679
    endloop
  endfacet
  facet normal 0 1 0
    outer loop
      vertex 54.1049 -25 9.20592
      vertex 53.5 -25 9.3
      vertex 54.1 -25 9.3
    endloop
  endfacet
  facet normal 0 1 0
    outer loop
      vertex 54.1049 -25 9.20592
      vertex 53.5082 -25 9.14321
      vertex 53.5 -25 9.3
    endloop
  endfacet
  facet normal 0 1 0
    outer loop
      vertex 54.1197 -25 9.11288
      vertex 53.5082 -25 9.14321
      vertex 54.1049 -25 9.20592
    endloop
  endfacet
  facet normal 0 1 0
    outer loop
      vertex 53.5328 -25 8.98813
      vertex 54.1197 -25 9.11288
      vertex 54.1441 -25 9.02188
    endloop
  endfacet
  facet normal 0 1 0
    outer loop
      vertex 54.1197 -25 9.11288
      vertex 53.5328 -25 8.98813
      vertex 53.5082 -25 9.14321
    endloop
  endfacet
  facet normal 0 1 0
    outer loop
      vertex 53.5734 -25 8.83647
      vertex 54.1441 -25 9.02188
      vertex 54.1778 -25 8.93394
    endloop
  endfacet
  facet normal 0 1 0
    outer loop
      vertex 53.6297 -25 8.68989
      vertex 54.1778 -25 8.93394
      vertex 54.2206 -25 8.85
    endloop
  endfacet
  facet normal 0 1 0
    outer loop
      vertex 54.1441 -25 9.02188
      vertex 53.5734 -25 8.83647
      vertex 53.5328 -25 8.98813
    endloop
  endfacet
  facet normal 0 1 0
    outer loop
      vertex 53.701 -25 8.55
      vertex 54.2206 -25 8.85
      vertex 54.2719 -25 8.77099
    endloop
  endfacet
  facet normal 0 1 0
    outer loop
      vertex 53.8013 -25 8.4
      vertex 54.2719 -25 8.77099
      vertex 54.3312 -25 8.69778
    endloop
  endfacet
  facet normal 0 1 0
    outer loop
      vertex 54.1778 -25 8.93394
      vertex 53.6297 -25 8.68989
      vertex 53.5734 -25 8.83647
    endloop
  endfacet
  facet normal 0 1 0
    outer loop
      vertex 53.8013 -25 8.4
      vertex 54.3312 -25 8.69778
      vertex 54.3978 -25 8.63117
    endloop
  endfacet
  facet normal 0 1 0
    outer loop
      vertex 53.8013 -25 8.4
      vertex 54.3978 -25 8.63117
      vertex 54.471 -25 8.57189
    endloop
  endfacet
  facet normal 0 1 0
    outer loop
      vertex 54.2206 -25 8.85
      vertex 53.701 -25 8.55
      vertex 53.6297 -25 8.68989
    endloop
  endfacet
  facet normal 0 1 0
    outer loop
      vertex 53.8013 -25 8.4
      vertex 54.471 -25 8.57189
      vertex 54.55 -25 8.52058
    endloop
  endfacet
  facet normal 0 1 0
    outer loop
      vertex 53.8013 -25 8.4
      vertex 54.55 -25 8.52058
      vertex 54.6339 -25 8.47781
    endloop
  endfacet
  facet normal 0 1 0
    outer loop
      vertex 53.8013 -25 8.4
      vertex 54.6339 -25 8.47781
      vertex 54.7219 -25 8.44405
    endloop
  endfacet
  facet normal 0 1 0
    outer loop
      vertex 53.8013 -25 8.4
      vertex 54.7219 -25 8.44405
      vertex 54.8129 -25 8.41967
    endloop
  endfacet
  facet normal 0 1 0
    outer loop
      vertex 54.2719 -25 8.77099
      vertex 53.7865 -25 8.41832
      vertex 53.701 -25 8.55
    endloop
  endfacet
  facet normal 0 1 0
    outer loop
      vertex 53.8013 -25 8.4
      vertex 54.8129 -25 8.41967
      vertex 54.9059 -25 8.40493
    endloop
  endfacet
  facet normal 0 1 0
    outer loop
      vertex 53.8013 -25 8.4
      vertex 54.9059 -25 8.40493
      vertex 55 -25 8.4
    endloop
  endfacet
  facet normal 0 1 0
    outer loop
      vertex 54.2719 -25 8.77099
      vertex 53.8013 -25 8.4
      vertex 53.7865 -25 8.41832
    endloop
  endfacet
  facet normal 0 1 0
    outer loop
      vertex 53.8013 -25 8.4
      vertex 44.35 -25 7.8
      vertex 43.3 -25 8.4
    endloop
  endfacet
  facet normal 0 1 0
    outer loop
      vertex 43.6 -25 0.6
      vertex 44.35 -25 7.8
      vertex 44.35 -25 0.6
    endloop
  endfacet
  facet normal 0 1 0
    outer loop
      vertex 43.3 -25 0.6
      vertex 44.35 -25 7.8
      vertex 43.6 -25 0.6
    endloop
  endfacet
  facet normal 0 1 0
    outer loop
      vertex 44.35 -25 7.8
      vertex 43.3 -25 0.6
      vertex 43.3 -25 8.4
    endloop
  endfacet
endsolid OpenSCAD_Model
